symbol,direction,scenario_id,scenario_name,entry_price,stop_loss,take_profit,issued_at_tehran,status,hit_time_tehran,hit_price,broker_fee,final_pnl_usd,position_size_usd,return_pct,signal_source
BTC-USDT,LONG,S2,تیر نقره‌ای (Silver Arrow),72622.40000000,72217.77760000,73107.94688000,2026-08-21 00:33:19,OPEN,,,,,10.00,,"❌ ghoodat-e kandel 15m: BS15=0.854 [khayli bala - ehtemal-e payan-e harakat];❌ ghoodat-e kandel 5m: BS5=0.854 [khayli bala - ehtemal-e payan-e harakat];✅ rawand EMA 1h: EMA21=71322.86, EMA50=69132.68;✅ rawand EMA 4h: EMA21=68038.41, EMA50=65956.18, EMA200=64577.77;✅ RSI 30m: RSI=64.77;❌ MACD 30m: MACD_hist=-92.9776;❌ vorud-e hoshmand poolback: ghimat=72622.4000 EMA=72209.4494 RSI=64.8 BS15=0.854;❌ ADX: ADX=8.34 [>22], DI+=227.71, DI-=269.16;✅ CCI obruz az 0: CCI=55.15;✅ SAR: SAR=72598.6900, gimat=72622.4000;❌ Stochastic cross: K=73.36 D=24.45;❌ rad EMA: bedun rad;❌ test-e moqavemat: bedun test;✅ poolback: poolback tashkhis dadeh shod;✅ Double Top/Bottom: ologhu=DoubleTop;✅ filter-e ranj: faseleh EMA=0.0184 [>0.005];✅ filter-e ranj-e tarkibi: diff=0.0184, ADX=8.34, mode=AND -> OK"
BTC-USDT,LONG,S3,الماس فیلسوف (Diamond Mind),72622.40000000,72217.77760000,73107.94688000,2026-08-21 00:33:19,OPEN,,,,,10.00,,"❌ ghoodat-e kandel 15m: BS15=0.854 [khayli bala - ehtemal-e payan-e harakat];❌ ghoodat-e kandel 5m: BS5=0.854 [khayli bala - ehtemal-e payan-e harakat];✅ rawand EMA 1h: EMA21=71322.86, EMA50=69132.68;✅ rawand EMA 4h: EMA21=68038.41, EMA50=65956.18, EMA200=64577.77;✅ RSI 30m: RSI=64.77;❌ MACD 30m: MACD_hist=-92.9776;❌ vorud-e hoshmand poolback: ghimat=72622.4000 EMA=72209.4494 RSI=64.8 BS15=0.854;❌ ADX: ADX=8.34 [>22], DI+=227.71, DI-=269.16;✅ CCI obruz az 0: CCI=55.15;✅ SAR: SAR=72598.6900, gimat=72622.4000;❌ Stochastic cross: K=73.36 D=24.45;❌ rad EMA: bedun rad;❌ test-e moqavemat: bedun test;✅ poolback: poolback tashkhis dadeh shod;✅ Double Top/Bottom: ologhu=DoubleTop;✅ filter-e ranj: faseleh EMA=0.0184 [>0.005];✅ filter-e ranj-e tarkibi: diff=0.0184, ADX=8.34, mode=AND -> OK"
ETH-USDT,LONG,S1,شیر طلایی (Golden Lion),2317.20000000,2308.33280000,2327.84064000,2026-08-21 00:33:19,OPEN,,,,,10.00,,"✅ ghoodat-e kandel 15m: BS15=0.746 [>= 0.6];✅ ghoodat-e kandel 5m: BS5=0.746 [>= 0.6];✅ rawand EMA 1h: EMA21=2274.17, EMA50=2168.19;✅ rawand EMA 4h: EMA21=2111.01, EMA50=2004.93, EMA200=1910.38;✅ RSI 30m: RSI=57.71;❌ MACD 30m: MACD_hist=-4.1727;❌ vorud-e hoshmand poolback: ghimat=2317.2000 EMA=2309.5869 RSI=57.7 BS15=0.746;❌ ADX: ADX=10.85 [>22], DI+=180.71, DI-=224.68;✅ CCI obruz az 0: CCI=21.29;✅ SAR: SAR=2313.8534, gimat=2317.2000;✅ Stochastic cross: K=52.20 D=17.40;❌ rad EMA: bedun rad;❌ test-e moqavemat: bedun test;✅ poolback: poolback tashkhis dadeh shod;✅ Double Top/Bottom: ologhu=DoubleTop;✅ filter-e ranj: faseleh EMA=0.0238 [>0.005];✅ filter-e ranj-e tarkibi: diff=0.0238, ADX=10.85, mode=AND -> OK"
ETH-USDT,LONG,S2,تیر نقره‌ای (Silver Arrow),2317.20000000,2308.33280000,2327.84064000,2026-08-21 00:33:20,OPEN,,,,,10.00,,"✅ ghoodat-e kandel 15m: BS15=0.746 [>= 0.6];✅ ghoodat-e kandel 5m: BS5=0.746 [>= 0.6];✅ rawand EMA 1h: EMA21=2274.17, EMA50=2168.19;✅ rawand EMA 4h: EMA21=2111.01, EMA50=2004.93, EMA200=1910.38;✅ RSI 30m: RSI=57.71;❌ MACD 30m: MACD_hist=-4.1727;❌ vorud-e hoshmand poolback: ghimat=2317.2000 EMA=2309.5869 RSI=57.7 BS15=0.746;❌ ADX: ADX=10.85 [>22], DI+=180.71, DI-=224.68;✅ CCI obruz az 0: CCI=21.29;✅ SAR: SAR=2313.8534, gimat=2317.2000;✅ Stochastic cross: K=52.20 D=17.40;❌ rad EMA: bedun rad;❌ test-e moqavemat: bedun test;✅ poolback: poolback tashkhis dadeh shod;✅ Double Top/Bottom: ologhu=DoubleTop;✅ filter-e ranj: faseleh EMA=0.0238 [>0.005];✅ filter-e ranj-e tarkibi: diff=0.0238, ADX=10.85, mode=AND -> OK"
ETH-USDT,LONG,S3,الماس فیلسوف (Diamond Mind),2317.20000000,2308.33280000,2327.84064000,2026-08-21 00:33:20,OPEN,,,,,10.00,,"✅ ghoodat-e kandel 15m: BS15=0.746 [>= 0.6];✅ ghoodat-e kandel 5m: BS5=0.746 [>= 0.6];✅ rawand EMA 1h: EMA21=2274.17, EMA50=2168.19;✅ rawand EMA 4h: EMA21=2111.01, EMA50=2004.93, EMA200=1910.38;✅ RSI 30m: RSI=57.71;❌ MACD 30m: MACD_hist=-4.1727;❌ vorud-e hoshmand poolback: ghimat=2317.2000 EMA=2309.5869 RSI=57.7 BS15=0.746;❌ ADX: ADX=10.85 [>22], DI+=180.71, DI-=224.68;✅ CCI obruz az 0: CCI=21.29;✅ SAR: SAR=2313.8534, gimat=2317.2000;✅ Stochastic cross: K=52.20 D=17.40;❌ rad EMA: bedun rad;❌ test-e moqavemat: bedun test;✅ poolback: poolback tashkhis dadeh shod;✅ Double Top/Bottom: ologhu=DoubleTop;✅ filter-e ranj: faseleh EMA=0.0238 [>0.005];✅ filter-e ranj-e tarkibi: diff=0.0238, ADX=10.85, mode=AND -> OK"
XRP-USDT,LONG,S1,شیر طلایی (Golden Lion),1.24899000,1.21911101,1.28484479,2026-08-21 00:33:20,OPEN,,,,,10.00,,"✅ ghoodat-e kandel 15m: BS15=0.691 [>= 0.6];✅ ghoodat-e kandel 5m: BS5=0.691 [>= 0.6];✅ rawand EMA 1h: EMA21=1.20, EMA50=1.13;❌ rawand EMA 4h: EMA21=1.10, EMA50=1.05, EMA200=1.06;✅ RSI 30m: RSI=59.70;❌ MACD 30m: MACD_hist=-0.0077;❌ vorud-e hoshmand poolback: ghimat=1.2490 EMA=1.2309 RSI=59.7 BS15=0.691;✅ ADX: ADX=40.54 [>22], DI+=394.64, DI-=166.96;✅ CCI obruz az 0: CCI=11.41;✅ SAR: SAR=1.2358, gimat=1.2490;✅ Stochastic cross: K=23.68 D=7.89;❌ rad EMA: bedun rad;❌ test-e moqavemat: bedun test;❌ poolback: bedun poolback;✅ Double Top/Bottom: ologhu=DoubleBottom;✅ filter-e ranj: faseleh EMA=0.0421 [>0.005];✅ filter-e ranj-e tarkibi: diff=0.0421, ADX=40.54, mode=AND -> OK"
XRP-USDT,LONG,S2,تیر نقره‌ای (Silver Arrow),1.24899000,1.21911101,1.28484479,2026-08-21 00:33:27,OPEN,,,,,10.00,,"✅ ghoodat-e kandel 15m: BS15=0.691 [>= 0.6];✅ ghoodat-e kandel 5m: BS5=0.691 [>= 0.6];✅ rawand EMA 1h: EMA21=1.20, EMA50=1.13;❌ rawand EMA 4h: EMA21=1.10, EMA50=1.05, EMA200=1.06;✅ RSI 30m: RSI=59.70;❌ MACD 30m: MACD_hist=-0.0077;❌ vorud-e hoshmand poolback: ghimat=1.2490 EMA=1.2309 RSI=59.7 BS15=0.691;✅ ADX: ADX=40.54 [>22], DI+=394.64, DI-=166.96;✅ CCI obruz az 0: CCI=11.41;✅ SAR: SAR=1.2358, gimat=1.2490;✅ Stochastic cross: K=23.68 D=7.89;❌ rad EMA: bedun rad;❌ test-e moqavemat: bedun test;❌ poolback: bedun poolback;✅ Double Top/Bottom: ologhu=DoubleBottom;✅ filter-e ranj: faseleh EMA=0.0421 [>0.005];✅ filter-e ranj-e tarkibi: diff=0.0421, ADX=40.54, mode=AND -> OK"
XRP-USDT,LONG,S3,الماس فیلسوف (Diamond Mind),1.24899000,1.21911101,1.28484479,2026-08-21 00:33:27,OPEN,,,,,10.00,,"✅ ghoodat-e kandel 15m: BS15=0.691 [>= 0.6];✅ ghoodat-e kandel 5m: BS5=0.691 [>= 0.6];✅ rawand EMA 1h: EMA21=1.20, EMA50=1.13;❌ rawand EMA 4h: EMA21=1.10, EMA50=1.05, EMA200=1.06;✅ RSI 30m: RSI=59.70;❌ MACD 30m: MACD_hist=-0.0077;❌ vorud-e hoshmand poolback: ghimat=1.2490 EMA=1.2309 RSI=59.7 BS15=0.691;✅ ADX: ADX=40.54 [>22], DI+=394.64, DI-=166.96;✅ CCI obruz az 0: CCI=11.41;✅ SAR: SAR=1.2358, gimat=1.2490;✅ Stochastic cross: K=23.68 D=7.89;❌ rad EMA: bedun rad;❌ test-e moqavemat: bedun test;❌ poolback: bedun poolback;✅ Double Top/Bottom: ologhu=DoubleBottom;✅ filter-e ranj: faseleh EMA=0.0421 [>0.005];✅ filter-e ranj-e tarkibi: diff=0.0421, ADX=40.54, mode=AND -> OK"
XRP-USDT,LONG,B1,موج تند (Fast Wave),1.24899000,1.21911101,1.27886899,2026-08-21 00:33:28,OPEN,,,,,10.00,,"✅ ghoodat-e kandel 15m: BS15=0.691 [>= 0.48];✅ ghoodat-e kandel 5m: BS5=0.691 [>= 0.48];✅ rawand EMA 1h: EMA21=1.20, EMA50=1.13;❌ rawand EMA 4h: EMA21=1.10, EMA50=1.05, EMA200=1.06;✅ RSI 30m: RSI=59.70;❌ MACD 30m: MACD_hist=-0.0077;❌ vorud-e hoshmand poolback: ghimat=1.2490 EMA=1.2309 RSI=59.7 BS15=0.691;✅ ADX: ADX=40.54 [>22], DI+=394.64, DI-=166.96;✅ CCI obruz az 0: CCI=11.41;✅ SAR: SAR=1.2358, gimat=1.2490;✅ Stochastic cross: K=23.68 D=7.89;❌ rad EMA: bedun rad;❌ test-e moqavemat: bedun test;❌ poolback: bedun poolback;✅ Double Top/Bottom: ologhu=DoubleBottom;✅ filter-e ranj: faseleh EMA=0.0421 [>0.005];✅ filter-e ranj-e tarkibi: diff=0.0421, ADX=40.54, mode=OR -> OK"
XAUT-USDT,LONG,S2,تیر نقره‌ای (Silver Arrow),4500.99000000,4481.82901000,4523.98318800,2026-08-21 00:33:28,OPEN,,,,,10.00,,"❌ ghoodat-e kandel 15m: BS15=0.000 [>= 0.6];❌ ghoodat-e kandel 5m: BS5=0.000 [>= 0.6];✅ rawand EMA 1h: EMA21=4479.71, EMA50=4448.16;✅ rawand EMA 4h: EMA21=4433.72, EMA50=4390.52, EMA200=4234.85;✅ RSI 30m: RSI=58.09;✅ MACD 30m: MACD_hist=0.9449;❌ vorud-e hoshmand poolback: ghimat=4500.9900 EMA=4491.2732 RSI=58.1 BS15=0.000;❌ ADX: ADX=53.93 [>22], DI+=135.82, DI-=453.77;✅ CCI obruz az 0: CCI=53.08;❌ SAR: SAR=4502.8668, gimat=4500.9900;✅ Stochastic cross: K=64.64 D=21.55;❌ rad EMA: bedun rad;❌ test-e moqavemat: bedun test;✅ poolback: poolback tashkhis dadeh shod;✅ Double Top/Bottom: ologhu=DoubleTop;❌ filter-e ranj: faseleh EMA=0.0039 [>0.005];✅ filter-e ranj-e tarkibi: diff=0.0039, ADX=53.93, mode=AND -> OK"
LTC-USDT,LONG,S2,تیر نقره‌ای (Silver Arrow),48.07000000,47.70193000,48.51168400,2026-08-21 00:33:29,OPEN,,,,,10.00,,"❌ ghoodat-e kandel 15m: BS15=0.200 [>= 0.6];❌ ghoodat-e kandel 5m: BS5=0.200 [>= 0.6];✅ rawand EMA 1h: EMA21=47.47, EMA50=46.54;✅ rawand EMA 4h: EMA21=46.05, EMA50=45.36, EMA200=45.26;✅ RSI 30m: RSI=59.63;❌ MACD 30m: MACD_hist=-0.0385;❌ vorud-e hoshmand poolback: ghimat=48.0700 EMA=47.8318 RSI=59.6 BS15=0.200;❌ ADX: ADX=15.56 [>22], DI+=311.11, DI-=227.35;✅ CCI obruz az 0: CCI=51.82;✅ SAR: SAR=48.0110, gimat=48.0700;✅ Stochastic cross: K=58.54 D=19.51;❌ rad EMA: bedun rad;❌ test-e moqavemat: bedun test;✅ poolback: poolback tashkhis dadeh shod;❌ Double Top/Bottom: bedun ologhu;✅ filter-e ranj: faseleh EMA=0.0120 [>0.005];✅ filter-e ranj-e tarkibi: diff=0.0120, ADX=15.56, mode=AND -> OK"
LTC-USDT,LONG,S3,الماس فیلسوف (Diamond Mind),48.07000000,47.70193000,48.51168400,2026-08-21 00:33:32,OPEN,,,,,10.00,,"❌ ghoodat-e kandel 15m: BS15=0.200 [>= 0.6];❌ ghoodat-e kandel 5m: BS5=0.200 [>= 0.6];✅ rawand EMA 1h: EMA21=47.47, EMA50=46.54;✅ rawand EMA 4h: EMA21=46.05, EMA50=45.36, EMA200=45.26;✅ RSI 30m: RSI=59.63;❌ MACD 30m: MACD_hist=-0.0385;❌ vorud-e hoshmand poolback: ghimat=48.0700 EMA=47.8318 RSI=59.6 BS15=0.200;❌ ADX: ADX=15.56 [>22], DI+=311.11, DI-=227.35;✅ CCI obruz az 0: CCI=51.82;✅ SAR: SAR=48.0110, gimat=48.0700;✅ Stochastic cross: K=58.54 D=19.51;❌ rad EMA: bedun rad;❌ test-e moqavemat: bedun test;✅ poolback: poolback tashkhis dadeh shod;❌ Double Top/Bottom: bedun ologhu;✅ filter-e ranj: faseleh EMA=0.0120 [>0.005];✅ filter-e ranj-e tarkibi: diff=0.0120, ADX=15.56, mode=AND -> OK"
DOGE-USDT,LONG,S1,شیر طلایی (Golden Lion),0.08028000,0.07932972,0.08142034,2026-08-21 00:33:32,OPEN,,,,,10.00,,"✅ ghoodat-e kandel 15m: BS15=0.696 [>= 0.6];✅ ghoodat-e kandel 5m: BS5=0.696 [>= 0.6];✅ rawand EMA 1h: EMA21=0.08, EMA50=0.08;✅ rawand EMA 4h: EMA21=0.07, EMA50=0.07, EMA200=0.07;✅ RSI 30m: RSI=59.29;❌ MACD 30m: MACD_hist=-0.0002;❌ vorud-e hoshmand poolback: ghimat=0.0803 EMA=0.0795 RSI=59.3 BS15=0.696;❌ ADX: ADX=8.43 [>22], DI+=249.77, DI-=295.77;✅ CCI obruz az 0: CCI=29.67;✅ SAR: SAR=0.0798, gimat=0.0803;✅ Stochastic cross: K=44.90 D=14.97;❌ rad EMA: bedun rad;❌ test-e moqavemat: bedun test;❌ poolback: bedun poolback;✅ Double Top/Bottom: ologhu=DoubleBottom;✅ filter-e ranj: faseleh EMA=0.0258 [>0.005];✅ filter-e ranj-e tarkibi: diff=0.0258, ADX=8.43, mode=AND -> OK"
DOGE-USDT,LONG,S2,تیر نقره‌ای (Silver Arrow),0.08028000,0.07932972,0.08142034,2026-08-21 00:33:33,OPEN,,,,,10.00,,"✅ ghoodat-e kandel 15m: BS15=0.696 [>= 0.6];✅ ghoodat-e kandel 5m: BS5=0.696 [>= 0.6];✅ rawand EMA 1h: EMA21=0.08, EMA50=0.08;✅ rawand EMA 4h: EMA21=0.07, EMA50=0.07, EMA200=0.07;✅ RSI 30m: RSI=59.29;❌ MACD 30m: MACD_hist=-0.0002;❌ vorud-e hoshmand poolback: ghimat=0.0803 EMA=0.0795 RSI=59.3 BS15=0.696;❌ ADX: ADX=8.43 [>22], DI+=249.77, DI-=295.77;✅ CCI obruz az 0: CCI=29.67;✅ SAR: SAR=0.0798, gimat=0.0803;✅ Stochastic cross: K=44.90 D=14.97;❌ rad EMA: bedun rad;❌ test-e moqavemat: bedun test;❌ poolback: bedun poolback;✅ Double Top/Bottom: ologhu=DoubleBottom;✅ filter-e ranj: faseleh EMA=0.0258 [>0.005];✅ filter-e ranj-e tarkibi: diff=0.0258, ADX=8.43, mode=AND -> OK"
DOGE-USDT,LONG,S3,الماس فیلسوف (Diamond Mind),0.08028000,0.07932972,0.08142034,2026-08-21 00:33:33,OPEN,,,,,10.00,,"✅ ghoodat-e kandel 15m: BS15=0.696 [>= 0.6];✅ ghoodat-e kandel 5m: BS5=0.696 [>= 0.6];✅ rawand EMA 1h: EMA21=0.08, EMA50=0.08;✅ rawand EMA 4h: EMA21=0.07, EMA50=0.07, EMA200=0.07;✅ RSI 30m: RSI=59.29;❌ MACD 30m: MACD_hist=-0.0002;❌ vorud-e hoshmand poolback: ghimat=0.0803 EMA=0.0795 RSI=59.3 BS15=0.696;❌ ADX: ADX=8.43 [>22], DI+=249.77, DI-=295.77;✅ CCI obruz az 0: CCI=29.67;✅ SAR: SAR=0.0798, gimat=0.0803;✅ Stochastic cross: K=44.90 D=14.97;❌ rad EMA: bedun rad;❌ test-e moqavemat: bedun test;❌ poolback: bedun poolback;✅ Double Top/Bottom: ologhu=DoubleBottom;✅ filter-e ranj: faseleh EMA=0.0258 [>0.005];✅ filter-e ranj-e tarkibi: diff=0.0258, ADX=8.43, mode=AND -> OK"
NEAR-USDT,LONG,S2,تیر نقره‌ای (Silver Arrow),1.73680000,1.71266320,1.76576416,2026-08-21 00:33:34,OPEN,,,,,10.00,,"❌ ghoodat-e kandel 15m: BS15=0.571 [>= 0.6];❌ ghoodat-e kandel 5m: BS5=0.571 [>= 0.6];✅ rawand EMA 1h: EMA21=1.73, EMA50=1.70;❌ rawand EMA 4h: EMA21=1.68, EMA50=1.66, EMA200=1.73;✅ RSI 30m: RSI=50.78;❌ MACD 30m: MACD_hist=-0.0012;❌ vorud-e hoshmand poolback: ghimat=1.7368 EMA=1.7361 RSI=50.8 BS15=0.571;❌ ADX: ADX=39.04 [>22], DI+=205.88, DI-=469.63;✅ CCI obruz az 0: CCI=21.89;✅ SAR: SAR=1.7305, gimat=1.7368;✅ Stochastic cross: K=50.15 D=16.72;❌ rad EMA: bedun rad;❌ test-e moqavemat: bedun test;✅ poolback: poolback tashkhis dadeh shod;✅ Double Top/Bottom: ologhu=DoubleTop;✅ filter-e ranj: faseleh EMA=0.0066 [>0.005];✅ filter-e ranj-e tarkibi: diff=0.0066, ADX=39.04, mode=AND -> OK"
LINK-USDT,LONG,S1,شیر طلایی (Golden Lion),10.60940000,10.58149060,10.64289128,2026-08-21 00:33:40,OPEN,,,,,10.00,,"✅ ghoodat-e kandel 15m: BS15=0.668 [>= 0.6];✅ ghoodat-e kandel 5m: BS5=0.663 [>= 0.6];✅ rawand EMA 1h: EMA21=10.56, EMA50=10.27;✅ rawand EMA 4h: EMA21=10.08, EMA50=9.59, EMA200=8.79;❌ RSI 30m: RSI=48.37;❌ MACD 30m: MACD_hist=-0.0194;✅ vorud-e hoshmand poolback: ghimat=10.6094 EMA=10.6429 RSI=48.4 BS15=0.668;❌ ADX: ADX=32.84 [>22], DI+=142.95, DI-=282.76;❌ CCI obruz az 0: CCI=-53.73;✅ SAR: SAR=10.5924, gimat=10.6094;✅ Stochastic cross: K=25.40 D=8.47;✅ rad EMA: rad EMA tashkhis dadeh shod;❌ test-e moqavemat: bedun test;✅ poolback: poolback tashkhis dadeh shod;✅ Double Top/Bottom: ologhu=DoubleTop;✅ filter-e ranj: faseleh EMA=0.0123 [>0.005];✅ filter-e ranj-e tarkibi: diff=0.0123, ADX=32.84, mode=AND -> OK"
LINK-USDT,LONG,S2,تیر نقره‌ای (Silver Arrow),10.60940000,10.58149060,10.64289128,2026-08-21 00:33:41,OPEN,,,,,10.00,,"✅ ghoodat-e kandel 15m: BS15=0.668 [>= 0.6];✅ ghoodat-e kandel 5m: BS5=0.663 [>= 0.6];✅ rawand EMA 1h: EMA21=10.56, EMA50=10.27;✅ rawand EMA 4h: EMA21=10.08, EMA50=9.59, EMA200=8.79;❌ RSI 30m: RSI=48.37;❌ MACD 30m: MACD_hist=-0.0194;✅ vorud-e hoshmand poolback: ghimat=10.6094 EMA=10.6429 RSI=48.4 BS15=0.668;❌ ADX: ADX=32.84 [>22], DI+=142.95, DI-=282.76;❌ CCI obruz az 0: CCI=-53.73;✅ SAR: SAR=10.5924, gimat=10.6094;✅ Stochastic cross: K=25.40 D=8.47;✅ rad EMA: rad EMA tashkhis dadeh shod;❌ test-e moqavemat: bedun test;✅ poolback: poolback tashkhis dadeh shod;✅ Double Top/Bottom: ologhu=DoubleTop;✅ filter-e ranj: faseleh EMA=0.0123 [>0.005];✅ filter-e ranj-e tarkibi: diff=0.0123, ADX=32.84, mode=AND -> OK"
LINK-USDT,LONG,S3,الماس فیلسوف (Diamond Mind),10.60940000,10.58149060,10.64289128,2026-08-21 00:33:41,OPEN,,,,,10.00,,"✅ ghoodat-e kandel 15m: BS15=0.668 [>= 0.6];✅ ghoodat-e kandel 5m: BS5=0.663 [>= 0.6];✅ rawand EMA 1h: EMA21=10.56, EMA50=10.27;✅ rawand EMA 4h: EMA21=10.08, EMA50=9.59, EMA200=8.79;❌ RSI 30m: RSI=48.37;❌ MACD 30m: MACD_hist=-0.0194;✅ vorud-e hoshmand poolback: ghimat=10.6094 EMA=10.6429 RSI=48.4 BS15=0.668;❌ ADX: ADX=32.84 [>22], DI+=142.95, DI-=282.76;❌ CCI obruz az 0: CCI=-53.73;✅ SAR: SAR=10.5924, gimat=10.6094;✅ Stochastic cross: K=25.40 D=8.47;✅ rad EMA: rad EMA tashkhis dadeh shod;❌ test-e moqavemat: bedun test;✅ poolback: poolback tashkhis dadeh shod;✅ Double Top/Bottom: ologhu=DoubleTop;✅ filter-e ranj: faseleh EMA=0.0123 [>0.005];✅ filter-e ranj-e tarkibi: diff=0.0123, ADX=32.84, mode=AND -> OK"
BTC-USDT,LONG,S2,تیر نقره‌ای (Silver Arrow),74896.50000000,72914.80350000,77274.53580000,2026-08-21 07:52:40,OPEN,,,,,10.00,,"❌ ghoodat-e kandel 15m: BS15=0.345 [>= 0.6];❌ ghoodat-e kandel 5m: BS5=0.874 [khayli bala - ehtemal-e payan-e harakat];✅ rawand EMA 1h: EMA21=72723.74, EMA50=70352.35;✅ rawand EMA 4h: EMA21=69226.77, EMA50=66643.55, EMA200=64782.97;❌ RSI 30m: RSI=71.74;✅ MACD 30m: MACD_hist=58.9970;❌ vorud-e hoshmand poolback: ghimat=74896.5000 EMA=73687.0793 RSI=71.7 BS15=0.345;❌ ADX: ADX=73.34 [>22], DI+=72.17, DI-=469.31;✅ CCI obruz az 0: CCI=97.51;✅ SAR: SAR=74448.1380, gimat=74896.5000;❌ Stochastic cross: K=72.99 D=24.33;❌ rad EMA: bedun rad;❌ test-e moqavemat: bedun test;✅ poolback: poolback tashkhis dadeh shod;✅ Double Top/Bottom: ologhu=DoubleTop;✅ filter-e ranj: faseleh EMA=0.0193 [>0.005];✅ filter-e ranj-e tarkibi: diff=0.0193, ADX=73.34, mode=AND -> OK"
BTC-USDT,LONG,S3,الماس فیلسوف (Diamond Mind),74896.50000000,72914.80350000,77274.53580000,2026-08-21 07:52:41,OPEN,,,,,10.00,,"❌ ghoodat-e kandel 15m: BS15=0.345 [>= 0.6];❌ ghoodat-e kandel 5m: BS5=0.874 [khayli bala - ehtemal-e payan-e harakat];✅ rawand EMA 1h: EMA21=72723.74, EMA50=70352.35;✅ rawand EMA 4h: EMA21=69226.77, EMA50=66643.55, EMA200=64782.97;❌ RSI 30m: RSI=71.74;✅ MACD 30m: MACD_hist=58.9970;❌ vorud-e hoshmand poolback: ghimat=74896.5000 EMA=73687.0793 RSI=71.7 BS15=0.345;❌ ADX: ADX=73.34 [>22], DI+=72.17, DI-=469.31;✅ CCI obruz az 0: CCI=97.51;✅ SAR: SAR=74448.1380, gimat=74896.5000;❌ Stochastic cross: K=72.99 D=24.33;❌ rad EMA: bedun rad;❌ test-e moqavemat: bedun test;✅ poolback: poolback tashkhis dadeh shod;✅ Double Top/Bottom: ologhu=DoubleTop;✅ filter-e ranj: faseleh EMA=0.0193 [>0.005];✅ filter-e ranj-e tarkibi: diff=0.0193, ADX=73.34, mode=AND -> OK"
ETH-USDT,LONG,S2,تیر نقره‌ای (Silver Arrow),2348.57000000,2321.13143000,2381.49628400,2026-08-21 07:52:41,OPEN,,,,,10.00,,"❌ ghoodat-e kandel 15m: BS15=0.501 [>= 0.6];❌ ghoodat-e kandel 5m: BS5=0.553 [>= 0.6];✅ rawand EMA 1h: EMA21=2306.82, EMA50=2210.23;✅ rawand EMA 4h: EMA21=2152.34, EMA50=2031.42, EMA200=1919.26;✅ RSI 30m: RSI=61.08;❌ MACD 30m: MACD_hist=-1.1748;❌ vorud-e hoshmand poolback: ghimat=2348.5700 EMA=2333.7294 RSI=61.1 BS15=0.501;❌ ADX: ADX=42.21 [>22], DI+=175.88, DI-=432.76;✅ CCI obruz az 0: CCI=64.61;✅ SAR: SAR=2340.5860, gimat=2348.5700;✅ Stochastic cross: K=56.08 D=18.69;❌ rad EMA: bedun rad;❌ test-e moqavemat: bedun test;✅ poolback: poolback tashkhis dadeh shod;✅ Double Top/Bottom: ologhu=DoubleTop;✅ filter-e ranj: faseleh EMA=0.0181 [>0.005];✅ filter-e ranj-e tarkibi: diff=0.0181, ADX=42.21, mode=AND -> OK"
ETH-USDT,LONG,S3,الماس فیلسوف (Diamond Mind),2348.57000000,2321.13143000,2381.49628400,2026-08-21 07:52:42,OPEN,,,,,10.00,,"❌ ghoodat-e kandel 15m: BS15=0.501 [>= 0.6];❌ ghoodat-e kandel 5m: BS5=0.553 [>= 0.6];✅ rawand EMA 1h: EMA21=2306.82, EMA50=2210.23;✅ rawand EMA 4h: EMA21=2152.34, EMA50=2031.42, EMA200=1919.26;✅ RSI 30m: RSI=61.08;❌ MACD 30m: MACD_hist=-1.1748;❌ vorud-e hoshmand poolback: ghimat=2348.5700 EMA=2333.7294 RSI=61.1 BS15=0.501;❌ ADX: ADX=42.21 [>22], DI+=175.88, DI-=432.76;✅ CCI obruz az 0: CCI=64.61;✅ SAR: SAR=2340.5860, gimat=2348.5700;✅ Stochastic cross: K=56.08 D=18.69;❌ rad EMA: bedun rad;❌ test-e moqavemat: bedun test;✅ poolback: poolback tashkhis dadeh shod;✅ Double Top/Bottom: ologhu=DoubleTop;✅ filter-e ranj: faseleh EMA=0.0181 [>0.005];✅ filter-e ranj-e tarkibi: diff=0.0181, ADX=42.21, mode=AND -> OK"
BNB-USDT,LONG,S2,تیر نقره‌ای (Silver Arrow),660.79500000,652.72020500,670.48475400,2026-08-21 07:52:42,OPEN,,,,,10.00,,"❌ ghoodat-e kandel 15m: BS15=0.139 [>= 0.6];❌ ghoodat-e kandel 5m: BS5=0.124 [>= 0.6];✅ rawand EMA 1h: EMA21=650.09, EMA50=636.13;✅ rawand EMA 4h: EMA21=630.72, EMA50=618.05, EMA200=595.99;❌ RSI 30m: RSI=65.75;❌ MACD 30m: MACD_hist=-0.1517;❌ vorud-e hoshmand poolback: ghimat=660.7950 EMA=655.9788 RSI=65.7 BS15=0.139;❌ ADX: ADX=71.86 [>22], DI+=103.07, DI-=629.37;✅ CCI obruz az 0: CCI=96.48;✅ SAR: SAR=659.6771, gimat=660.7950;✅ Stochastic cross: K=59.53 D=19.84;❌ rad EMA: bedun rad;❌ test-e moqavemat: bedun test;✅ poolback: poolback tashkhis dadeh shod;✅ Double Top/Bottom: ologhu=DoubleTop;✅ filter-e ranj: faseleh EMA=0.0136 [>0.005];✅ filter-e ranj-e tarkibi: diff=0.0136, ADX=71.86, mode=AND -> OK"
BNB-USDT,LONG,S3,الماس فیلسوف (Diamond Mind),660.79500000,652.72020500,670.48475400,2026-08-21 07:52:43,OPEN,,,,,10.00,,"❌ ghoodat-e kandel 15m: BS15=0.139 [>= 0.6];❌ ghoodat-e kandel 5m: BS5=0.124 [>= 0.6];✅ rawand EMA 1h: EMA21=650.09, EMA50=636.13;✅ rawand EMA 4h: EMA21=630.72, EMA50=618.05, EMA200=595.99;❌ RSI 30m: RSI=65.75;❌ MACD 30m: MACD_hist=-0.1517;❌ vorud-e hoshmand poolback: ghimat=660.7950 EMA=655.9788 RSI=65.7 BS15=0.139;❌ ADX: ADX=71.86 [>22], DI+=103.07, DI-=629.37;✅ CCI obruz az 0: CCI=96.48;✅ SAR: SAR=659.6771, gimat=660.7950;✅ Stochastic cross: K=59.53 D=19.84;❌ rad EMA: bedun rad;❌ test-e moqavemat: bedun test;✅ poolback: poolback tashkhis dadeh shod;✅ Double Top/Bottom: ologhu=DoubleTop;✅ filter-e ranj: faseleh EMA=0.0136 [>0.005];✅ filter-e ranj-e tarkibi: diff=0.0136, ADX=71.86, mode=AND -> OK"
SOL-USDT,LONG,S2,تیر نقره‌ای (Silver Arrow),89.26000000,87.48074000,91.39511200,2026-08-21 07:52:46,OPEN,,,,,10.00,,"✅ ghoodat-e kandel 15m: BS15=0.600 [>= 0.6];❌ ghoodat-e kandel 5m: BS5=0.286 [>= 0.6];✅ rawand EMA 1h: EMA21=87.43, EMA50=84.72;✅ rawand EMA 4h: EMA21=83.16, EMA50=79.67, EMA200=76.87;❌ RSI 30m: RSI=68.25;✅ MACD 30m: MACD_hist=0.0889;❌ vorud-e hoshmand poolback: ghimat=89.2600 EMA=88.2688 RSI=68.3 BS15=0.600;❌ ADX: ADX=42.57 [>22], DI+=154.37, DI-=383.27;❌ CCI obruz az 0: CCI=104.35 [eshba-e kharid];✅ SAR: SAR=89.1088, gimat=89.2600;✅ Stochastic cross: K=69.13 D=23.04;❌ rad EMA: bedun rad;❌ test-e moqavemat: bedun test;✅ poolback: poolback tashkhis dadeh shod;✅ Double Top/Bottom: ologhu=DoubleTop;✅ filter-e ranj: faseleh EMA=0.0150 [>0.005];✅ filter-e ranj-e tarkibi: diff=0.0150, ADX=42.57, mode=AND -> OK"
SOL-USDT,LONG,S3,الماس فیلسوف (Diamond Mind),89.26000000,87.48074000,91.39511200,2026-08-21 07:52:47,OPEN,,,,,10.00,,"✅ ghoodat-e kandel 15m: BS15=0.600 [>= 0.6];❌ ghoodat-e kandel 5m: BS5=0.286 [>= 0.6];✅ rawand EMA 1h: EMA21=87.43, EMA50=84.72;✅ rawand EMA 4h: EMA21=83.16, EMA50=79.67, EMA200=76.87;❌ RSI 30m: RSI=68.25;✅ MACD 30m: MACD_hist=0.0889;❌ vorud-e hoshmand poolback: ghimat=89.2600 EMA=88.2688 RSI=68.3 BS15=0.600;❌ ADX: ADX=42.57 [>22], DI+=154.37, DI-=383.27;❌ CCI obruz az 0: CCI=104.35 [eshba-e kharid];✅ SAR: SAR=89.1088, gimat=89.2600;✅ Stochastic cross: K=69.13 D=23.04;❌ rad EMA: bedun rad;❌ test-e moqavemat: bedun test;✅ poolback: poolback tashkhis dadeh shod;✅ Double Top/Bottom: ologhu=DoubleTop;✅ filter-e ranj: faseleh EMA=0.0150 [>0.005];✅ filter-e ranj-e tarkibi: diff=0.0150, ADX=42.57, mode=AND -> OK"
LTC-USDT,LONG,S3,الماس فیلسوف (Diamond Mind),48.44000000,47.71156000,49.31412800,2026-08-21 07:52:47,OPEN,,,,,10.00,,"❌ ghoodat-e kandel 15m: BS15=0.556 [>= 0.6];❌ ghoodat-e kandel 5m: BS5=0.500 [>= 0.6];✅ rawand EMA 1h: EMA21=47.81, EMA50=46.93;✅ rawand EMA 4h: EMA21=46.43, EMA50=45.58, EMA200=45.32;✅ RSI 30m: RSI=60.64;✅ MACD 30m: MACD_hist=0.0047;❌ vorud-e hoshmand poolback: ghimat=48.4400 EMA=48.0854 RSI=60.6 BS15=0.556;❌ ADX: ADX=51.61 [>22], DI+=154.41, DI-=483.82;❌ CCI obruz az 0: CCI=172.43 [eshba-e kharid];✅ SAR: SAR=48.2548, gimat=48.4400;❌ Stochastic cross: K=91.25 [eshba-e kharid];❌ rad EMA: bedun rad;❌ test-e moqavemat: bedun test;❌ poolback: bedun poolback;✅ Double Top/Bottom: ologhu=DoubleTop;✅ filter-e ranj: faseleh EMA=0.0093 [>0.005];✅ filter-e ranj-e tarkibi: diff=0.0093, ADX=51.61, mode=AND -> OK"
DOT-USDT,LONG,S2,تیر نقره‌ای (Silver Arrow),0.84720000,0.83665280,0.85985664,2026-08-21 07:52:48,OPEN,,,,,10.00,,"❌ ghoodat-e kandel 15m: BS15=0.312 [>= 0.6];❌ ghoodat-e kandel 5m: BS5=0.333 [>= 0.6];✅ rawand EMA 1h: EMA21=0.83, EMA50=0.81;❌ rawand EMA 4h: EMA21=0.80, EMA50=0.79, EMA200=0.80;✅ RSI 30m: RSI=61.38;❌ MACD 30m: MACD_hist=-0.0010;❌ vorud-e hoshmand poolback: ghimat=0.8472 EMA=0.8414 RSI=61.4 BS15=0.312;❌ ADX: ADX=55.43 [>22], DI+=145.21, DI-=506.38;✅ CCI obruz az 0: CCI=99.04;✅ SAR: SAR=0.8439, gimat=0.8472;✅ Stochastic cross: K=65.10 D=21.70;❌ rad EMA: bedun rad;❌ test-e moqavemat: bedun test;✅ poolback: poolback tashkhis dadeh shod;✅ Double Top/Bottom: ologhu=DoubleTop;✅ filter-e ranj: faseleh EMA=0.0170 [>0.005];✅ filter-e ranj-e tarkibi: diff=0.0170, ADX=55.43, mode=AND -> OK"
LINK-USDT,LONG,S3,الماس فیلسوف (Diamond Mind),10.89360000,10.65150640,11.18411232,2026-08-21 07:52:48,OPEN,,,,,10.00,,"❌ ghoodat-e kandel 15m: BS15=0.580 [>= 0.6];❌ ghoodat-e kandel 5m: BS5=0.855 [khayli bala - ehtemal-e payan-e harakat];✅ rawand EMA 1h: EMA21=10.68, EMA50=10.40;✅ rawand EMA 4h: EMA21=10.23, EMA50=9.69, EMA200=8.83;✅ RSI 30m: RSI=62.58;✅ MACD 30m: MACD_hist=0.0201;❌ vorud-e hoshmand poolback: ghimat=10.8936 EMA=10.7719 RSI=62.6 BS15=0.580;✅ ADX: ADX=37.26 [>22], DI+=450.43, DI-=205.90;❌ CCI obruz az 0: CCI=111.04 [eshba-e kharid];❌ SAR: SAR=10.9057, gimat=10.8936;❌ Stochastic cross: K=73.60 D=24.53;❌ rad EMA: bedun rad;❌ test-e moqavemat: bedun test;✅ poolback: poolback tashkhis dadeh shod;❌ Double Top/Bottom: bedun ologhu;✅ filter-e ranj: faseleh EMA=0.0128 [>0.005];✅ filter-e ranj-e tarkibi: diff=0.0128, ADX=37.26, mode=AND -> OK"
ATOM-USDT,LONG,B1,موج تند (Fast Wave),1.52570000,1.50687430,1.54452570,2026-08-21 07:52:52,OPEN,,,,,10.00,,"❌ ghoodat-e kandel 15m: BS15=1.000 [khayli bala - ehtemal-e payan-e harakat];❌ ghoodat-e kandel 5m: BS5=0.000 [>= 0.48];✅ rawand EMA 1h: EMA21=1.50, EMA50=1.48;✅ rawand EMA 4h: EMA21=1.47, EMA50=1.45, EMA200=1.44;✅ RSI 30m: RSI=61.64;✅ MACD 30m: MACD_hist=0.0016;❌ vorud-e hoshmand poolback: ghimat=1.5257 EMA=1.5118 RSI=61.6 BS15=1.000;✅ ADX: ADX=24.59 [>22], DI+=377.06, DI-=228.24;✅ CCI obruz az 0: CCI=98.17;❌ SAR: SAR=1.5258, gimat=1.5257;✅ Stochastic cross: K=59.33 D=19.78;❌ rad EMA: bedun rad;❌ test-e moqavemat: bedun test;✅ poolback: poolback tashkhis dadeh shod;✅ Double Top/Bottom: ologhu=DoubleBottom;✅ filter-e ranj: faseleh EMA=0.0101 [>0.005];✅ filter-e ranj-e tarkibi: diff=0.0101, ADX=24.59, mode=OR -> OK"
BTC-USDT,LONG,S2,تیر نقره‌ای (Silver Arrow),75403.20000000,74177.59680000,76873.92384000,2026-08-21 09:30:45,OPEN,,,,,10.00,,"❌ ghoodat-e kandel 15m: BS15=0.978 [khayli bala - ehtemal-e payan-e harakat];❌ ghoodat-e kandel 5m: BS5=0.978 [khayli bala - ehtemal-e payan-e harakat];✅ rawand EMA 1h: EMA21=73204.02, EMA50=70747.95;✅ rawand EMA 4h: EMA21=69272.84, EMA50=66663.42, EMA200=64788.01;❌ RSI 30m: RSI=74.71;✅ MACD 30m: MACD_hist=49.2210;❌ vorud-e hoshmand poolback: ghimat=75403.2000 EMA=74190.3341 RSI=74.7 BS15=0.978;❌ ADX: ADX=55.40 [>22], DI+=92.48, DI-=322.21;✅ CCI obruz az 0: CCI=97.77;✅ SAR: SAR=75118.2920, gimat=75403.2000;❌ Stochastic cross: K=86.43 [eshba-e kharid];❌ rad EMA: bedun rad;❌ test-e moqavemat: bedun test;✅ poolback: poolback tashkhis dadeh shod;✅ Double Top/Bottom: ologhu=DoubleTop;✅ filter-e ranj: faseleh EMA=0.0199 [>0.005];✅ filter-e ranj-e tarkibi: diff=0.0199, ADX=55.40, mode=AND -> OK"
BTC-USDT,LONG,S3,الماس فیلسوف (Diamond Mind),75403.20000000,74177.59680000,76873.92384000,2026-08-21 09:30:45,OPEN,,,,,10.00,,"❌ ghoodat-e kandel 15m: BS15=0.978 [khayli bala - ehtemal-e payan-e harakat];❌ ghoodat-e kandel 5m: BS5=0.978 [khayli bala - ehtemal-e payan-e harakat];✅ rawand EMA 1h: EMA21=73204.02, EMA50=70747.95;✅ rawand EMA 4h: EMA21=69272.84, EMA50=66663.42, EMA200=64788.01;❌ RSI 30m: RSI=74.71;✅ MACD 30m: MACD_hist=49.2210;❌ vorud-e hoshmand poolback: ghimat=75403.2000 EMA=74190.3341 RSI=74.7 BS15=0.978;❌ ADX: ADX=55.40 [>22], DI+=92.48, DI-=322.21;✅ CCI obruz az 0: CCI=97.77;✅ SAR: SAR=75118.2920, gimat=75403.2000;❌ Stochastic cross: K=86.43 [eshba-e kharid];❌ rad EMA: bedun rad;❌ test-e moqavemat: bedun test;✅ poolback: poolback tashkhis dadeh shod;✅ Double Top/Bottom: ologhu=DoubleTop;✅ filter-e ranj: faseleh EMA=0.0199 [>0.005];✅ filter-e ranj-e tarkibi: diff=0.0199, ADX=55.40, mode=AND -> OK"
SOL-USDT,LONG,S2,تیر نقره‌ای (Silver Arrow),90.36000000,88.17964000,92.97643200,2026-08-21 09:30:45,OPEN,,,,,10.00,,"✅ ghoodat-e kandel 15m: BS15=0.727 [>= 0.6];✅ ghoodat-e kandel 5m: BS5=0.727 [>= 0.6];✅ rawand EMA 1h: EMA21=87.96, EMA50=85.16;✅ rawand EMA 4h: EMA21=83.26, EMA50=79.71, EMA200=76.89;❌ RSI 30m: RSI=73.98;✅ MACD 30m: MACD_hist=0.1257;❌ vorud-e hoshmand poolback: ghimat=90.3600 EMA=88.8015 RSI=74.0 BS15=0.727;❌ ADX: ADX=50.00 [>22], DI+=109.70, DI-=329.10;❌ CCI obruz az 0: CCI=139.35 [eshba-e kharid];✅ SAR: SAR=89.5950, gimat=90.3600;❌ Stochastic cross: K=88.57 [eshba-e kharid];❌ rad EMA: bedun rad;❌ test-e moqavemat: bedun test;✅ poolback: poolback tashkhis dadeh shod;✅ Double Top/Bottom: ologhu=DoubleTop;✅ filter-e ranj: faseleh EMA=0.0158 [>0.005];✅ filter-e ranj-e tarkibi: diff=0.0158, ADX=50.00, mode=AND -> OK"
SOL-USDT,LONG,S3,الماس فیلسوف (Diamond Mind),90.36000000,88.17964000,92.97643200,2026-08-21 09:30:46,OPEN,,,,,10.00,,"✅ ghoodat-e kandel 15m: BS15=0.727 [>= 0.6];✅ ghoodat-e kandel 5m: BS5=0.727 [>= 0.6];✅ rawand EMA 1h: EMA21=87.96, EMA50=85.16;✅ rawand EMA 4h: EMA21=83.26, EMA50=79.71, EMA200=76.89;❌ RSI 30m: RSI=73.98;✅ MACD 30m: MACD_hist=0.1257;❌ vorud-e hoshmand poolback: ghimat=90.3600 EMA=88.8015 RSI=74.0 BS15=0.727;❌ ADX: ADX=50.00 [>22], DI+=109.70, DI-=329.10;❌ CCI obruz az 0: CCI=139.35 [eshba-e kharid];✅ SAR: SAR=89.5950, gimat=90.3600;❌ Stochastic cross: K=88.57 [eshba-e kharid];❌ rad EMA: bedun rad;❌ test-e moqavemat: bedun test;✅ poolback: poolback tashkhis dadeh shod;✅ Double Top/Bottom: ologhu=DoubleTop;✅ filter-e ranj: faseleh EMA=0.0158 [>0.005];✅ filter-e ranj-e tarkibi: diff=0.0158, ADX=50.00, mode=AND -> OK"
LTC-USDT,LONG,S2,تیر نقره‌ای (Silver Arrow),48.66000000,47.92134000,49.54639200,2026-08-21 09:30:46,OPEN,,,,,10.00,,"❌ ghoodat-e kandel 15m: BS15=0.000 [>= 0.6];❌ ghoodat-e kandel 5m: BS5=0.000 [>= 0.6];✅ rawand EMA 1h: EMA21=47.98, EMA50=47.07;✅ rawand EMA 4h: EMA21=46.45, EMA50=45.59, EMA200=45.32;✅ RSI 30m: RSI=62.99;✅ MACD 30m: MACD_hist=0.0302;❌ vorud-e hoshmand poolback: ghimat=48.6600 EMA=48.2598 RSI=63.0 BS15=0.000;❌ ADX: ADX=71.76 [>22], DI+=87.96, DI-=535.08;❌ CCI obruz az 0: CCI=137.55 [eshba-e kharid];✅ SAR: SAR=48.5522, gimat=48.6600;❌ Stochastic cross: K=90.00 [eshba-e kharid];❌ rad EMA: bedun rad;❌ test-e moqavemat: bedun test;✅ poolback: poolback tashkhis dadeh shod;✅ Double Top/Bottom: ologhu=DoubleTop;✅ filter-e ranj: faseleh EMA=0.0098 [>0.005];✅ filter-e ranj-e tarkibi: diff=0.0098, ADX=71.76, mode=AND -> OK"
LTC-USDT,LONG,S3,الماس فیلسوف (Diamond Mind),48.66000000,47.92134000,49.54639200,2026-08-21 09:30:47,OPEN,,,,,10.00,,"❌ ghoodat-e kandel 15m: BS15=0.000 [>= 0.6];❌ ghoodat-e kandel 5m: BS5=0.000 [>= 0.6];✅ rawand EMA 1h: EMA21=47.98, EMA50=47.07;✅ rawand EMA 4h: EMA21=46.45, EMA50=45.59, EMA200=45.32;✅ RSI 30m: RSI=62.99;✅ MACD 30m: MACD_hist=0.0302;❌ vorud-e hoshmand poolback: ghimat=48.6600 EMA=48.2598 RSI=63.0 BS15=0.000;❌ ADX: ADX=71.76 [>22], DI+=87.96, DI-=535.08;❌ CCI obruz az 0: CCI=137.55 [eshba-e kharid];✅ SAR: SAR=48.5522, gimat=48.6600;❌ Stochastic cross: K=90.00 [eshba-e kharid];❌ rad EMA: bedun rad;❌ test-e moqavemat: bedun test;✅ poolback: poolback tashkhis dadeh shod;✅ Double Top/Bottom: ologhu=DoubleTop;✅ filter-e ranj: faseleh EMA=0.0098 [>0.005];✅ filter-e ranj-e tarkibi: diff=0.0098, ADX=71.76, mode=AND -> OK"
LINK-USDT,LONG,S2,تیر نقره‌ای (Silver Arrow),10.93430000,10.73706570,11.17098116,2026-08-21 09:30:50,OPEN,,,,,10.00,,"❌ ghoodat-e kandel 15m: BS15=0.527 [>= 0.6];❌ ghoodat-e kandel 5m: BS5=0.527 [>= 0.6];✅ rawand EMA 1h: EMA21=10.73, EMA50=10.44;✅ rawand EMA 4h: EMA21=10.23, EMA50=9.69, EMA200=8.83;✅ RSI 30m: RSI=63.03;✅ MACD 30m: MACD_hist=0.0085;❌ vorud-e hoshmand poolback: ghimat=10.9343 EMA=10.8165 RSI=63.0 BS15=0.527;✅ ADX: ADX=54.48 [>22], DI+=460.27, DI-=135.63;✅ CCI obruz az 0: CCI=80.52;✅ SAR: SAR=10.8637, gimat=10.9343;❌ Stochastic cross: K=73.17 D=24.39;❌ rad EMA: bedun rad;❌ test-e moqavemat: bedun test;✅ poolback: poolback tashkhis dadeh shod;❌ Double Top/Bottom: bedun ologhu;✅ filter-e ranj: faseleh EMA=0.0131 [>0.005];✅ filter-e ranj-e tarkibi: diff=0.0131, ADX=54.48, mode=AND -> OK"
LINK-USDT,LONG,S3,الماس فیلسوف (Diamond Mind),10.93430000,10.73706570,11.17098116,2026-08-21 09:30:51,OPEN,,,,,10.00,,"❌ ghoodat-e kandel 15m: BS15=0.527 [>= 0.6];❌ ghoodat-e kandel 5m: BS5=0.527 [>= 0.6];✅ rawand EMA 1h: EMA21=10.73, EMA50=10.44;✅ rawand EMA 4h: EMA21=10.23, EMA50=9.69, EMA200=8.83;✅ RSI 30m: RSI=63.03;✅ MACD 30m: MACD_hist=0.0085;❌ vorud-e hoshmand poolback: ghimat=10.9343 EMA=10.8165 RSI=63.0 BS15=0.527;✅ ADX: ADX=54.48 [>22], DI+=460.27, DI-=135.63;✅ CCI obruz az 0: CCI=80.52;✅ SAR: SAR=10.8637, gimat=10.9343;❌ Stochastic cross: K=73.17 D=24.39;❌ rad EMA: bedun rad;❌ test-e moqavemat: bedun test;✅ poolback: poolback tashkhis dadeh shod;❌ Double Top/Bottom: bedun ologhu;✅ filter-e ranj: faseleh EMA=0.0131 [>0.005];✅ filter-e ranj-e tarkibi: diff=0.0131, ADX=54.48, mode=AND -> OK"
POL-USDT,LONG,B1,موج تند (Fast Wave),0.08440000,0.08061560,0.08818440,2026-08-21 09:30:51,OPEN,,,,,10.00,,"❌ ghoodat-e kandel 15m: BS15=1.000 [khayli bala - ehtemal-e payan-e harakat];❌ ghoodat-e kandel 5m: BS5=1.000 [khayli bala - ehtemal-e payan-e harakat];✅ rawand EMA 1h: EMA21=0.08, EMA50=0.08;✅ rawand EMA 4h: EMA21=0.08, EMA50=0.08, EMA200=0.08;❌ RSI 30m: RSI=73.36;❌ MACD 30m: MACD_hist=0.0004;❌ vorud-e hoshmand poolback: ghimat=0.0844 EMA=0.0825 RSI=73.4 BS15=1.000;✅ ADX: ADX=42.86 [>22], DI+=636.36, DI-=254.55;❌ CCI obruz az 0: CCI=136.94 [eshba-e kharid];✅ SAR: SAR=0.0841, gimat=0.0844;❌ Stochastic cross: K=86.36 [eshba-e kharid];❌ rad EMA: bedun rad;❌ test-e moqavemat: bedun test;✅ poolback: poolback tashkhis dadeh shod;✅ Double Top/Bottom: ologhu=DoubleTop;✅ filter-e ranj: faseleh EMA=0.0062 [>0.005];✅ filter-e ranj-e tarkibi: diff=0.0062, ADX=42.86, mode=OR -> OK"
BTC-USDT,LONG,S3,الماس فیلسوف (Diamond Mind),77153.10000000,74361.44690000,80503.08372000,2026-08-21 11:50:44,OPEN,,,,,10.00,,"✅ ghoodat-e kandel 15m: BS15=0.611 [>= 0.6];❌ ghoodat-e kandel 5m: BS5=0.149 [>= 0.6];✅ rawand EMA 1h: EMA21=73839.30, EMA50=71218.09;✅ rawand EMA 4h: EMA21=70064.95, EMA50=67109.32, EMA200=64919.67;❌ RSI 30m: RSI=82.67;✅ MACD 30m: MACD_hist=140.9387;❌ vorud-e hoshmand poolback: ghimat=77153.1000 EMA=74898.9438 RSI=82.7 BS15=0.611;✅ ADX: ADX=24.33 [>22], DI+=288.30, DI-=175.45;❌ CCI obruz az 0: CCI=167.28 [eshba-e kharid];✅ SAR: SAR=76249.4280, gimat=77153.1000;❌ Stochastic cross: K=96.44 [eshba-e kharid];❌ rad EMA: bedun rad;❌ test-e moqavemat: bedun test;❌ poolback: bedun poolback;❌ Double Top/Bottom: bedun ologhu;✅ filter-e ranj: faseleh EMA=0.0216 [>0.005];✅ filter-e ranj-e tarkibi: diff=0.0216, ADX=24.33, mode=AND -> OK"
LINK-USDT,LONG,S2,تیر نقره‌ای (Silver Arrow),11.59220000,10.85080780,12.48187064,2026-08-21 11:50:45,OPEN,,,,,10.00,,"❌ ghoodat-e kandel 15m: BS15=0.978 [khayli bala - ehtemal-e payan-e harakat];❌ ghoodat-e kandel 5m: BS5=0.811 [khayli bala - ehtemal-e payan-e harakat];✅ rawand EMA 1h: EMA21=10.88, EMA50=10.53;✅ rawand EMA 4h: EMA21=10.40, EMA50=9.79, EMA200=8.87;❌ RSI 30m: RSI=78.67;✅ MACD 30m: MACD_hist=0.0748;❌ vorud-e hoshmand poolback: ghimat=11.5922 EMA=11.0214 RSI=78.7 BS15=0.978;✅ ADX: ADX=45.56 [>22], DI+=399.38, DI-=149.37;❌ CCI obruz az 0: CCI=220.29 [eshba-e kharid];✅ SAR: SAR=11.5193, gimat=11.5922;❌ Stochastic cross: K=77.01 D=25.67;❌ rad EMA: bedun rad;❌ test-e moqavemat: bedun test;✅ poolback: poolback tashkhis dadeh shod;✅ Double Top/Bottom: ologhu=DoubleTop;✅ filter-e ranj: faseleh EMA=0.0201 [>0.005];✅ filter-e ranj-e tarkibi: diff=0.0201, ADX=45.56, mode=AND -> OK"
LINK-USDT,LONG,S3,الماس فیلسوف (Diamond Mind),11.59220000,10.85080780,12.48187064,2026-08-21 11:50:45,OPEN,,,,,10.00,,"❌ ghoodat-e kandel 15m: BS15=0.978 [khayli bala - ehtemal-e payan-e harakat];❌ ghoodat-e kandel 5m: BS5=0.811 [khayli bala - ehtemal-e payan-e harakat];✅ rawand EMA 1h: EMA21=10.88, EMA50=10.53;✅ rawand EMA 4h: EMA21=10.40, EMA50=9.79, EMA200=8.87;❌ RSI 30m: RSI=78.67;✅ MACD 30m: MACD_hist=0.0748;❌ vorud-e hoshmand poolback: ghimat=11.5922 EMA=11.0214 RSI=78.7 BS15=0.978;✅ ADX: ADX=45.56 [>22], DI+=399.38, DI-=149.37;❌ CCI obruz az 0: CCI=220.29 [eshba-e kharid];✅ SAR: SAR=11.5193, gimat=11.5922;❌ Stochastic cross: K=77.01 D=25.67;❌ rad EMA: bedun rad;❌ test-e moqavemat: bedun test;✅ poolback: poolback tashkhis dadeh shod;✅ Double Top/Bottom: ologhu=DoubleTop;✅ filter-e ranj: faseleh EMA=0.0201 [>0.005];✅ filter-e ranj-e tarkibi: diff=0.0201, ADX=45.56, mode=AND -> OK"
LINK-USDT,LONG,B2,سپر فولادی (Steel Shield),11.59220000,10.85080780,12.33359220,2026-08-21 11:50:46,OPEN,,,,,10.00,,"❌ ghoodat-e kandel 15m: BS15=0.978 [khayli bala - ehtemal-e payan-e harakat];❌ ghoodat-e kandel 5m: BS5=0.811 [khayli bala - ehtemal-e payan-e harakat];✅ rawand EMA 1h: EMA21=10.88, EMA50=10.53;✅ rawand EMA 4h: EMA21=10.40, EMA50=9.79, EMA200=8.87;❌ RSI 30m: RSI=78.67;✅ MACD 30m: MACD_hist=0.0748;❌ vorud-e hoshmand poolback: ghimat=11.5922 EMA=11.0214 RSI=78.7 BS15=0.978;✅ ADX: ADX=45.56 [>22], DI+=399.38, DI-=149.37;❌ CCI obruz az 0: CCI=220.29 [eshba-e kharid];✅ SAR: SAR=11.5193, gimat=11.5922;❌ Stochastic cross: K=77.01 D=25.67;❌ rad EMA: bedun rad;❌ test-e moqavemat: bedun test;✅ poolback: poolback tashkhis dadeh shod;✅ Double Top/Bottom: ologhu=DoubleTop;✅ filter-e ranj: faseleh EMA=0.0201 [>0.005];✅ filter-e ranj-e tarkibi: diff=0.0201, ADX=45.56, mode=OR -> OK"
AVAX-USDT,LONG,S3,الماس فیلسوف (Diamond Mind),7.53600000,7.24946400,7.87984320,2026-08-21 11:50:46,OPEN,,,,,10.00,,"❌ ghoodat-e kandel 15m: BS15=0.542 [>= 0.6];❌ ghoodat-e kandel 5m: BS5=0.000 [>= 0.6];✅ rawand EMA 1h: EMA21=7.23, EMA50=6.97;✅ rawand EMA 4h: EMA21=6.88, EMA50=6.65, EMA200=6.54;❌ RSI 30m: RSI=76.44;✅ MACD 30m: MACD_hist=0.0115;❌ vorud-e hoshmand poolback: ghimat=7.5360 EMA=7.3321 RSI=76.4 BS15=0.542;✅ ADX: ADX=22.37 [>22], DI+=404.35, DI-=256.52;❌ CCI obruz az 0: CCI=207.05 [eshba-e kharid];✅ SAR: SAR=7.4645, gimat=7.5360;❌ Stochastic cross: K=99.02 [eshba-e kharid];❌ rad EMA: bedun rad;❌ test-e moqavemat: bedun test;❌ poolback: bedun poolback;✅ Double Top/Bottom: ologhu=DoubleBottom;✅ filter-e ranj: faseleh EMA=0.0221 [>0.005];✅ filter-e ranj-e tarkibi: diff=0.0221, ADX=22.37, mode=AND -> OK"
BTC-USDT,LONG,S1,شیر طلایی (Golden Lion),77767.60000000,75031.73240000,81050.64112000,2026-08-21 13:33:39,OPEN,,,,,10.00,,"✅ ghoodat-e kandel 15m: BS15=0.724 [>= 0.6];✅ ghoodat-e kandel 5m: BS5=0.744 [>= 0.6];✅ rawand EMA 1h: EMA21=74691.56, EMA50=71803.56;✅ rawand EMA 4h: EMA21=70121.68, EMA50=67133.79, EMA200=64925.88;❌ RSI 30m: RSI=69.04;✅ MACD 30m: MACD_hist=180.6824;❌ vorud-e hoshmand poolback: ghimat=77767.6000 EMA=75923.7909 RSI=69.0 BS15=0.724;❌ ADX: ADX=18.79 [>22], DI+=302.73, DI-=206.98;❌ CCI obruz az 0: CCI=114.99 [eshba-e kharid];✅ SAR: SAR=77581.9520, gimat=77767.6000;✅ Stochastic cross: K=65.85 D=21.95;❌ rad EMA: bedun rad;❌ test-e moqavemat: bedun test;✅ poolback: poolback tashkhis dadeh shod;✅ Double Top/Bottom: ologhu=DoubleBottom;✅ filter-e ranj: faseleh EMA=0.0252 [>0.005];✅ filter-e ranj-e tarkibi: diff=0.0252, ADX=18.79, mode=AND -> OK"
BTC-USDT,LONG,S2,تیر نقره‌ای (Silver Arrow),77767.60000000,75031.73240000,81050.64112000,2026-08-21 13:33:40,OPEN,,,,,10.00,,"✅ ghoodat-e kandel 15m: BS15=0.724 [>= 0.6];✅ ghoodat-e kandel 5m: BS5=0.744 [>= 0.6];✅ rawand EMA 1h: EMA21=74691.56, EMA50=71803.56;✅ rawand EMA 4h: EMA21=70121.68, EMA50=67133.79, EMA200=64925.88;❌ RSI 30m: RSI=69.04;✅ MACD 30m: MACD_hist=180.6824;❌ vorud-e hoshmand poolback: ghimat=77767.6000 EMA=75923.7909 RSI=69.0 BS15=0.724;❌ ADX: ADX=18.79 [>22], DI+=302.73, DI-=206.98;❌ CCI obruz az 0: CCI=114.99 [eshba-e kharid];✅ SAR: SAR=77581.9520, gimat=77767.6000;✅ Stochastic cross: K=65.85 D=21.95;❌ rad EMA: bedun rad;❌ test-e moqavemat: bedun test;✅ poolback: poolback tashkhis dadeh shod;✅ Double Top/Bottom: ologhu=DoubleBottom;✅ filter-e ranj: faseleh EMA=0.0252 [>0.005];✅ filter-e ranj-e tarkibi: diff=0.0252, ADX=18.79, mode=AND -> OK"
BTC-USDT,LONG,S3,الماس فیلسوف (Diamond Mind),77767.60000000,75031.73240000,81050.64112000,2026-08-21 13:33:41,OPEN,,,,,10.00,,"✅ ghoodat-e kandel 15m: BS15=0.724 [>= 0.6];✅ ghoodat-e kandel 5m: BS5=0.744 [>= 0.6];✅ rawand EMA 1h: EMA21=74691.56, EMA50=71803.56;✅ rawand EMA 4h: EMA21=70121.68, EMA50=67133.79, EMA200=64925.88;❌ RSI 30m: RSI=69.04;✅ MACD 30m: MACD_hist=180.6824;❌ vorud-e hoshmand poolback: ghimat=77767.6000 EMA=75923.7909 RSI=69.0 BS15=0.724;❌ ADX: ADX=18.79 [>22], DI+=302.73, DI-=206.98;❌ CCI obruz az 0: CCI=114.99 [eshba-e kharid];✅ SAR: SAR=77581.9520, gimat=77767.6000;✅ Stochastic cross: K=65.85 D=21.95;❌ rad EMA: bedun rad;❌ test-e moqavemat: bedun test;✅ poolback: poolback tashkhis dadeh shod;✅ Double Top/Bottom: ologhu=DoubleBottom;✅ filter-e ranj: faseleh EMA=0.0252 [>0.005];✅ filter-e ranj-e tarkibi: diff=0.0252, ADX=18.79, mode=AND -> OK"
ETH-USDT,LONG,S2,تیر نقره‌ای (Silver Arrow),2397.94000000,2349.25206000,2456.36552800,2026-08-21 13:33:41,OPEN,,,,,10.00,,"❌ ghoodat-e kandel 15m: BS15=0.843 [khayli bala - ehtemal-e payan-e harakat];❌ ghoodat-e kandel 5m: BS5=0.843 [khayli bala - ehtemal-e payan-e harakat];✅ rawand EMA 1h: EMA21=2345.83, EMA50=2249.69;✅ rawand EMA 4h: EMA21=2176.59, EMA50=2046.67, EMA200=1924.34;✅ RSI 30m: RSI=59.49;✅ MACD 30m: MACD_hist=2.3805;❌ vorud-e hoshmand poolback: ghimat=2397.9400 EMA=2370.7324 RSI=59.5 BS15=0.843;❌ ADX: ADX=1.01 [>22], DI+=286.50, DI-=280.76;❌ CCI obruz az 0: CCI=105.04 [eshba-e kharid];✅ SAR: SAR=2386.0508, gimat=2397.9400;✅ Stochastic cross: K=53.20 D=17.73;❌ rad EMA: bedun rad;❌ test-e moqavemat: bedun test;✅ poolback: poolback tashkhis dadeh shod;❌ Double Top/Bottom: bedun ologhu;✅ filter-e ranj: faseleh EMA=0.0183 [>0.005];✅ filter-e ranj-e tarkibi: diff=0.0183, ADX=1.01, mode=AND -> OK"
ETH-USDT,LONG,S3,الماس فیلسوف (Diamond Mind),2397.94000000,2349.25206000,2456.36552800,2026-08-21 13:33:42,OPEN,,,,,10.00,,"❌ ghoodat-e kandel 15m: BS15=0.843 [khayli bala - ehtemal-e payan-e harakat];❌ ghoodat-e kandel 5m: BS5=0.843 [khayli bala - ehtemal-e payan-e harakat];✅ rawand EMA 1h: EMA21=2345.83, EMA50=2249.69;✅ rawand EMA 4h: EMA21=2176.59, EMA50=2046.67, EMA200=1924.34;✅ RSI 30m: RSI=59.49;✅ MACD 30m: MACD_hist=2.3805;❌ vorud-e hoshmand poolback: ghimat=2397.9400 EMA=2370.7324 RSI=59.5 BS15=0.843;❌ ADX: ADX=1.01 [>22], DI+=286.50, DI-=280.76;❌ CCI obruz az 0: CCI=105.04 [eshba-e kharid];✅ SAR: SAR=2386.0508, gimat=2397.9400;✅ Stochastic cross: K=53.20 D=17.73;❌ rad EMA: bedun rad;❌ test-e moqavemat: bedun test;✅ poolback: poolback tashkhis dadeh shod;❌ Double Top/Bottom: bedun ologhu;✅ filter-e ranj: faseleh EMA=0.0183 [>0.005];✅ filter-e ranj-e tarkibi: diff=0.0183, ADX=1.01, mode=AND -> OK"
BNB-USDT,LONG,S2,تیر نقره‌ای (Silver Arrow),676.54600000,660.78145400,695.46345520,2026-08-21 13:33:42,OPEN,,,,,10.00,,"❌ ghoodat-e kandel 15m: BS15=0.856 [khayli bala - ehtemal-e payan-e harakat];❌ ghoodat-e kandel 5m: BS5=0.856 [khayli bala - ehtemal-e payan-e harakat];✅ rawand EMA 1h: EMA21=660.65, EMA50=644.18;✅ rawand EMA 4h: EMA21=635.63, EMA50=620.69, EMA200=596.80;✅ RSI 30m: RSI=63.59;✅ MACD 30m: MACD_hist=0.7995;❌ vorud-e hoshmand poolback: ghimat=676.5460 EMA=667.5021 RSI=63.6 BS15=0.856;❌ ADX: ADX=13.09 [>22], DI+=209.81, DI-=272.99;❌ CCI obruz az 0: CCI=108.07 [eshba-e kharid];✅ SAR: SAR=672.8756, gimat=676.5460;✅ Stochastic cross: K=64.62 D=21.54;❌ rad EMA: bedun rad;❌ test-e moqavemat: bedun test;✅ poolback: poolback tashkhis dadeh shod;✅ Double Top/Bottom: ologhu=DoubleBottom;✅ filter-e ranj: faseleh EMA=0.0164 [>0.005];✅ filter-e ranj-e tarkibi: diff=0.0164, ADX=13.09, mode=AND -> OK"
BNB-USDT,LONG,S3,الماس فیلسوف (Diamond Mind),676.54600000,660.78145400,695.46345520,2026-08-21 13:33:46,OPEN,,,,,10.00,,"❌ ghoodat-e kandel 15m: BS15=0.856 [khayli bala - ehtemal-e payan-e harakat];❌ ghoodat-e kandel 5m: BS5=0.856 [khayli bala - ehtemal-e payan-e harakat];✅ rawand EMA 1h: EMA21=660.65, EMA50=644.18;✅ rawand EMA 4h: EMA21=635.63, EMA50=620.69, EMA200=596.80;✅ RSI 30m: RSI=63.59;✅ MACD 30m: MACD_hist=0.7995;❌ vorud-e hoshmand poolback: ghimat=676.5460 EMA=667.5021 RSI=63.6 BS15=0.856;❌ ADX: ADX=13.09 [>22], DI+=209.81, DI-=272.99;❌ CCI obruz az 0: CCI=108.07 [eshba-e kharid];✅ SAR: SAR=672.8756, gimat=676.5460;✅ Stochastic cross: K=64.62 D=21.54;❌ rad EMA: bedun rad;❌ test-e moqavemat: bedun test;✅ poolback: poolback tashkhis dadeh shod;✅ Double Top/Bottom: ologhu=DoubleBottom;✅ filter-e ranj: faseleh EMA=0.0164 [>0.005];✅ filter-e ranj-e tarkibi: diff=0.0164, ADX=13.09, mode=AND -> OK"
SOL-USDT,LONG,S1,شیر طلایی (Golden Lion),91.36000000,89.48864000,93.60563200,2026-08-21 13:33:47,OPEN,,,,,10.00,,"❌ ghoodat-e kandel 15m: BS15=0.800 [khayli bala - ehtemal-e payan-e harakat];❌ ghoodat-e kandel 5m: BS5=0.800 [khayli bala - ehtemal-e payan-e harakat];✅ rawand EMA 1h: EMA21=89.13, EMA50=86.12;✅ rawand EMA 4h: EMA21=84.00, EMA50=80.17, EMA200=77.01;✅ RSI 30m: RSI=61.61;✅ MACD 30m: MACD_hist=0.1051;❌ vorud-e hoshmand poolback: ghimat=91.3600 EMA=90.1339 RSI=61.6 BS15=0.800;❌ ADX: ADX=37.10 [>22], DI+=161.06, DI-=351.03;✅ CCI obruz az 0: CCI=99.99;✅ SAR: SAR=91.0268, gimat=91.3600;✅ Stochastic cross: K=55.21 D=18.40;❌ rad EMA: bedun rad;❌ test-e moqavemat: bedun test;✅ poolback: poolback tashkhis dadeh shod;✅ Double Top/Bottom: ologhu=DoubleBottom;✅ filter-e ranj: faseleh EMA=0.0187 [>0.005];✅ filter-e ranj-e tarkibi: diff=0.0187, ADX=37.10, mode=AND -> OK"
SOL-USDT,LONG,S2,تیر نقره‌ای (Silver Arrow),91.36000000,89.48864000,93.60563200,2026-08-21 13:33:47,OPEN,,,,,10.00,,"❌ ghoodat-e kandel 15m: BS15=0.800 [khayli bala - ehtemal-e payan-e harakat];❌ ghoodat-e kandel 5m: BS5=0.800 [khayli bala - ehtemal-e payan-e harakat];✅ rawand EMA 1h: EMA21=89.13, EMA50=86.12;✅ rawand EMA 4h: EMA21=84.00, EMA50=80.17, EMA200=77.01;✅ RSI 30m: RSI=61.61;✅ MACD 30m: MACD_hist=0.1051;❌ vorud-e hoshmand poolback: ghimat=91.3600 EMA=90.1339 RSI=61.6 BS15=0.800;❌ ADX: ADX=37.10 [>22], DI+=161.06, DI-=351.03;✅ CCI obruz az 0: CCI=99.99;✅ SAR: SAR=91.0268, gimat=91.3600;✅ Stochastic cross: K=55.21 D=18.40;❌ rad EMA: bedun rad;❌ test-e moqavemat: bedun test;✅ poolback: poolback tashkhis dadeh shod;✅ Double Top/Bottom: ologhu=DoubleBottom;✅ filter-e ranj: faseleh EMA=0.0187 [>0.005];✅ filter-e ranj-e tarkibi: diff=0.0187, ADX=37.10, mode=AND -> OK"
SOL-USDT,LONG,S3,الماس فیلسوف (Diamond Mind),91.36000000,89.48864000,93.60563200,2026-08-21 13:33:48,OPEN,,,,,10.00,,"❌ ghoodat-e kandel 15m: BS15=0.800 [khayli bala - ehtemal-e payan-e harakat];❌ ghoodat-e kandel 5m: BS5=0.800 [khayli bala - ehtemal-e payan-e harakat];✅ rawand EMA 1h: EMA21=89.13, EMA50=86.12;✅ rawand EMA 4h: EMA21=84.00, EMA50=80.17, EMA200=77.01;✅ RSI 30m: RSI=61.61;✅ MACD 30m: MACD_hist=0.1051;❌ vorud-e hoshmand poolback: ghimat=91.3600 EMA=90.1339 RSI=61.6 BS15=0.800;❌ ADX: ADX=37.10 [>22], DI+=161.06, DI-=351.03;✅ CCI obruz az 0: CCI=99.99;✅ SAR: SAR=91.0268, gimat=91.3600;✅ Stochastic cross: K=55.21 D=18.40;❌ rad EMA: bedun rad;❌ test-e moqavemat: bedun test;✅ poolback: poolback tashkhis dadeh shod;✅ Double Top/Bottom: ologhu=DoubleBottom;✅ filter-e ranj: faseleh EMA=0.0187 [>0.005];✅ filter-e ranj-e tarkibi: diff=0.0187, ADX=37.10, mode=AND -> OK"
XAUT-USDT,LONG,S2,تیر نقره‌ای (Silver Arrow),4563.33000000,4507.61667000,4630.18599600,2026-08-21 13:33:48,OPEN,,,,,10.00,,"✅ ghoodat-e kandel 15m: BS15=0.784 [>= 0.6];✅ ghoodat-e kandel 5m: BS5=0.784 [>= 0.6];✅ rawand EMA 1h: EMA21=4520.81, EMA50=4483.42;✅ rawand EMA 4h: EMA21=4461.16, EMA50=4407.81, EMA200=4241.77;❌ RSI 30m: RSI=72.98;✅ MACD 30m: MACD_hist=2.4922;❌ vorud-e hoshmand poolback: ghimat=4563.3300 EMA=4536.0271 RSI=73.0 BS15=0.784;✅ ADX: ADX=47.75 [>22], DI+=445.71, DI-=157.60;❌ CCI obruz az 0: CCI=106.52 [eshba-e kharid];✅ SAR: SAR=4558.6992, gimat=4563.3300;❌ Stochastic cross: K=78.87 D=26.29;❌ rad EMA: bedun rad;❌ test-e moqavemat: bedun test;❌ poolback: bedun poolback;✅ Double Top/Bottom: ologhu=DoubleTop;✅ filter-e ranj: faseleh EMA=0.0054 [>0.005];✅ filter-e ranj-e tarkibi: diff=0.0054, ADX=47.75, mode=AND -> OK"
XAUT-USDT,LONG,S3,الماس فیلسوف (Diamond Mind),4563.33000000,4507.61667000,4630.18599600,2026-08-21 13:33:52,OPEN,,,,,10.00,,"✅ ghoodat-e kandel 15m: BS15=0.784 [>= 0.6];✅ ghoodat-e kandel 5m: BS5=0.784 [>= 0.6];✅ rawand EMA 1h: EMA21=4520.81, EMA50=4483.42;✅ rawand EMA 4h: EMA21=4461.16, EMA50=4407.81, EMA200=4241.77;❌ RSI 30m: RSI=72.98;✅ MACD 30m: MACD_hist=2.4922;❌ vorud-e hoshmand poolback: ghimat=4563.3300 EMA=4536.0271 RSI=73.0 BS15=0.784;✅ ADX: ADX=47.75 [>22], DI+=445.71, DI-=157.60;❌ CCI obruz az 0: CCI=106.52 [eshba-e kharid];✅ SAR: SAR=4558.6992, gimat=4563.3300;❌ Stochastic cross: K=78.87 D=26.29;❌ rad EMA: bedun rad;❌ test-e moqavemat: bedun test;❌ poolback: bedun poolback;✅ Double Top/Bottom: ologhu=DoubleTop;✅ filter-e ranj: faseleh EMA=0.0054 [>0.005];✅ filter-e ranj-e tarkibi: diff=0.0054, ADX=47.75, mode=AND -> OK"
XAUT-USDT,LONG,B1,موج تند (Fast Wave),4563.33000000,4507.61667000,4619.04333000,2026-08-21 13:33:52,OPEN,,,,,10.00,,"✅ ghoodat-e kandel 15m: BS15=0.784 [>= 0.48];✅ ghoodat-e kandel 5m: BS5=0.784 [>= 0.48];✅ rawand EMA 1h: EMA21=4520.81, EMA50=4483.42;✅ rawand EMA 4h: EMA21=4461.16, EMA50=4407.81, EMA200=4241.77;❌ RSI 30m: RSI=72.98;✅ MACD 30m: MACD_hist=2.4922;❌ vorud-e hoshmand poolback: ghimat=4563.3300 EMA=4536.0271 RSI=73.0 BS15=0.784;✅ ADX: ADX=47.75 [>22], DI+=445.71, DI-=157.60;❌ CCI obruz az 0: CCI=106.52 [eshba-e kharid];✅ SAR: SAR=4558.6992, gimat=4563.3300;❌ Stochastic cross: K=78.87 D=26.29;❌ rad EMA: bedun rad;❌ test-e moqavemat: bedun test;❌ poolback: bedun poolback;✅ Double Top/Bottom: ologhu=DoubleTop;✅ filter-e ranj: faseleh EMA=0.0054 [>0.005];✅ filter-e ranj-e tarkibi: diff=0.0054, ADX=47.75, mode=OR -> OK"
LTC-USDT,LONG,S1,شیر طلایی (Golden Lion),50.63000000,48.45937000,53.23475600,2026-08-21 13:33:53,OPEN,,,,,10.00,,"✅ ghoodat-e kandel 15m: BS15=0.750 [>= 0.6];✅ ghoodat-e kandel 5m: BS5=0.750 [>= 0.6];✅ rawand EMA 1h: EMA21=48.85, EMA50=47.61;✅ rawand EMA 4h: EMA21=46.92, EMA50=45.83, EMA200=45.38;❌ RSI 30m: RSI=66.17;✅ MACD 30m: MACD_hist=0.1931;❌ vorud-e hoshmand poolback: ghimat=50.6300 EMA=49.4214 RSI=66.2 BS15=0.750;❌ ADX: ADX=65.00 [>22], DI+=119.03, DI-=561.13;✅ CCI obruz az 0: CCI=40.38;✅ SAR: SAR=50.1596, gimat=50.6300;❌ Stochastic cross: K=9.19 D=3.06;❌ rad EMA: bedun rad;❌ test-e moqavemat: bedun test;✅ poolback: poolback tashkhis dadeh shod;✅ Double Top/Bottom: ologhu=DoubleTop;✅ filter-e ranj: faseleh EMA=0.0184 [>0.005];✅ filter-e ranj-e tarkibi: diff=0.0184, ADX=65.00, mode=AND -> OK"
LTC-USDT,LONG,S2,تیر نقره‌ای (Silver Arrow),50.63000000,48.45937000,53.23475600,2026-08-21 13:33:54,OPEN,,,,,10.00,,"✅ ghoodat-e kandel 15m: BS15=0.750 [>= 0.6];✅ ghoodat-e kandel 5m: BS5=0.750 [>= 0.6];✅ rawand EMA 1h: EMA21=48.85, EMA50=47.61;✅ rawand EMA 4h: EMA21=46.92, EMA50=45.83, EMA200=45.38;❌ RSI 30m: RSI=66.17;✅ MACD 30m: MACD_hist=0.1931;❌ vorud-e hoshmand poolback: ghimat=50.6300 EMA=49.4214 RSI=66.2 BS15=0.750;❌ ADX: ADX=65.00 [>22], DI+=119.03, DI-=561.13;✅ CCI obruz az 0: CCI=40.38;✅ SAR: SAR=50.1596, gimat=50.6300;❌ Stochastic cross: K=9.19 D=3.06;❌ rad EMA: bedun rad;❌ test-e moqavemat: bedun test;✅ poolback: poolback tashkhis dadeh shod;✅ Double Top/Bottom: ologhu=DoubleTop;✅ filter-e ranj: faseleh EMA=0.0184 [>0.005];✅ filter-e ranj-e tarkibi: diff=0.0184, ADX=65.00, mode=AND -> OK"
LTC-USDT,LONG,S3,الماس فیلسوف (Diamond Mind),50.63000000,48.45937000,53.23475600,2026-08-21 13:33:54,OPEN,,,,,10.00,,"✅ ghoodat-e kandel 15m: BS15=0.750 [>= 0.6];✅ ghoodat-e kandel 5m: BS5=0.750 [>= 0.6];✅ rawand EMA 1h: EMA21=48.85, EMA50=47.61;✅ rawand EMA 4h: EMA21=46.92, EMA50=45.83, EMA200=45.38;❌ RSI 30m: RSI=66.17;✅ MACD 30m: MACD_hist=0.1931;❌ vorud-e hoshmand poolback: ghimat=50.6300 EMA=49.4214 RSI=66.2 BS15=0.750;❌ ADX: ADX=65.00 [>22], DI+=119.03, DI-=561.13;✅ CCI obruz az 0: CCI=40.38;✅ SAR: SAR=50.1596, gimat=50.6300;❌ Stochastic cross: K=9.19 D=3.06;❌ rad EMA: bedun rad;❌ test-e moqavemat: bedun test;✅ poolback: poolback tashkhis dadeh shod;✅ Double Top/Bottom: ologhu=DoubleTop;✅ filter-e ranj: faseleh EMA=0.0184 [>0.005];✅ filter-e ranj-e tarkibi: diff=0.0184, ADX=65.00, mode=AND -> OK"
DOGE-USDT,LONG,S2,تیر نقره‌ای (Silver Arrow),0.08437000,0.08232563,0.08682324,2026-08-21 13:33:58,OPEN,,,,,10.00,,"❌ ghoodat-e kandel 15m: BS15=0.326 [>= 0.6];❌ ghoodat-e kandel 5m: BS5=0.326 [>= 0.6];✅ rawand EMA 1h: EMA21=0.08, EMA50=0.08;✅ rawand EMA 4h: EMA21=0.08, EMA50=0.07, EMA200=0.07;✅ RSI 30m: RSI=61.43;❌ MACD 30m: MACD_hist=0.0000;❌ vorud-e hoshmand poolback: ghimat=0.0844 EMA=0.0829 RSI=61.4 BS15=0.326;✅ ADX: ADX=47.73 [>22], DI+=325.00, DI-=115.00;❌ CCI obruz az 0: CCI=104.71 [eshba-e kharid];✅ SAR: SAR=0.0834, gimat=0.0844;✅ Stochastic cross: K=65.34 D=21.78;❌ rad EMA: bedun rad;❌ test-e moqavemat: bedun test;✅ poolback: poolback tashkhis dadeh shod;❌ Double Top/Bottom: bedun ologhu;✅ filter-e ranj: faseleh EMA=0.0248 [>0.005];✅ filter-e ranj-e tarkibi: diff=0.0248, ADX=47.73, mode=AND -> OK"
DOGE-USDT,LONG,S3,الماس فیلسوف (Diamond Mind),0.08437000,0.08232563,0.08682324,2026-08-21 13:33:58,OPEN,,,,,10.00,,"❌ ghoodat-e kandel 15m: BS15=0.326 [>= 0.6];❌ ghoodat-e kandel 5m: BS5=0.326 [>= 0.6];✅ rawand EMA 1h: EMA21=0.08, EMA50=0.08;✅ rawand EMA 4h: EMA21=0.08, EMA50=0.07, EMA200=0.07;✅ RSI 30m: RSI=61.43;❌ MACD 30m: MACD_hist=0.0000;❌ vorud-e hoshmand poolback: ghimat=0.0844 EMA=0.0829 RSI=61.4 BS15=0.326;✅ ADX: ADX=47.73 [>22], DI+=325.00, DI-=115.00;❌ CCI obruz az 0: CCI=104.71 [eshba-e kharid];✅ SAR: SAR=0.0834, gimat=0.0844;✅ Stochastic cross: K=65.34 D=21.78;❌ rad EMA: bedun rad;❌ test-e moqavemat: bedun test;✅ poolback: poolback tashkhis dadeh shod;❌ Double Top/Bottom: bedun ologhu;✅ filter-e ranj: faseleh EMA=0.0248 [>0.005];✅ filter-e ranj-e tarkibi: diff=0.0248, ADX=47.73, mode=AND -> OK"
DOT-USDT,LONG,B1,موج تند (Fast Wave),0.88820000,0.84331180,0.93308820,2026-08-21 13:33:59,OPEN,,,,,10.00,,"❌ ghoodat-e kandel 15m: BS15=0.873 [khayli bala - ehtemal-e payan-e harakat];❌ ghoodat-e kandel 5m: BS5=0.873 [khayli bala - ehtemal-e payan-e harakat];✅ rawand EMA 1h: EMA21=0.85, EMA50=0.82;❌ rawand EMA 4h: EMA21=0.81, EMA50=0.79, EMA200=0.80;✅ RSI 30m: RSI=66.72;✅ MACD 30m: MACD_hist=0.0034;❌ vorud-e hoshmand poolback: ghimat=0.8882 EMA=0.8621 RSI=66.7 BS15=0.873;✅ ADX: ADX=55.56 [>22], DI+=417.02, DI-=119.15;❌ CCI obruz az 0: CCI=155.98 [eshba-e kharid];✅ SAR: SAR=0.8705, gimat=0.8882;❌ Stochastic cross: K=86.88 [eshba-e kharid];❌ rad EMA: bedun rad;❌ test-e moqavemat: bedun test;✅ poolback: poolback tashkhis dadeh shod;✅ Double Top/Bottom: ologhu=DoubleTop;✅ filter-e ranj: faseleh EMA=0.0216 [>0.005];✅ filter-e ranj-e tarkibi: diff=0.0216, ADX=55.56, mode=OR -> OK"
LINK-USDT,LONG,S1,شیر طلایی (Golden Lion),11.46460000,10.85093540,12.20099752,2026-08-21 13:34:00,OPEN,,,,,10.00,,"❌ ghoodat-e kandel 15m: BS15=0.369 [>= 0.6];❌ ghoodat-e kandel 5m: BS5=0.369 [>= 0.6];✅ rawand EMA 1h: EMA21=10.99, EMA50=10.61;✅ rawand EMA 4h: EMA21=10.39, EMA50=9.78, EMA200=8.87;✅ RSI 30m: RSI=64.96;✅ MACD 30m: MACD_hist=0.0381;❌ vorud-e hoshmand poolback: ghimat=11.4646 EMA=11.1782 RSI=65.0 BS15=0.369;✅ ADX: ADX=49.80 [>22], DI+=411.68, DI-=137.95;✅ CCI obruz az 0: CCI=80.92;✅ SAR: SAR=11.4066, gimat=11.4646;✅ Stochastic cross: K=61.34 D=20.45;❌ rad EMA: bedun rad;❌ test-e moqavemat: bedun test;✅ poolback: poolback tashkhis dadeh shod;❌ Double Top/Bottom: bedun ologhu;✅ filter-e ranj: faseleh EMA=0.0245 [>0.005];✅ filter-e ranj-e tarkibi: diff=0.0245, ADX=49.80, mode=AND -> OK"
LINK-USDT,LONG,S2,تیر نقره‌ای (Silver Arrow),11.46460000,10.85093540,12.20099752,2026-08-21 13:34:00,OPEN,,,,,10.00,,"❌ ghoodat-e kandel 15m: BS15=0.369 [>= 0.6];❌ ghoodat-e kandel 5m: BS5=0.369 [>= 0.6];✅ rawand EMA 1h: EMA21=10.99, EMA50=10.61;✅ rawand EMA 4h: EMA21=10.39, EMA50=9.78, EMA200=8.87;✅ RSI 30m: RSI=64.96;✅ MACD 30m: MACD_hist=0.0381;❌ vorud-e hoshmand poolback: ghimat=11.4646 EMA=11.1782 RSI=65.0 BS15=0.369;✅ ADX: ADX=49.80 [>22], DI+=411.68, DI-=137.95;✅ CCI obruz az 0: CCI=80.92;✅ SAR: SAR=11.4066, gimat=11.4646;✅ Stochastic cross: K=61.34 D=20.45;❌ rad EMA: bedun rad;❌ test-e moqavemat: bedun test;✅ poolback: poolback tashkhis dadeh shod;❌ Double Top/Bottom: bedun ologhu;✅ filter-e ranj: faseleh EMA=0.0245 [>0.005];✅ filter-e ranj-e tarkibi: diff=0.0245, ADX=49.80, mode=AND -> OK"
LINK-USDT,LONG,S3,الماس فیلسوف (Diamond Mind),11.46460000,10.85093540,12.20099752,2026-08-21 13:34:01,OPEN,,,,,10.00,,"❌ ghoodat-e kandel 15m: BS15=0.369 [>= 0.6];❌ ghoodat-e kandel 5m: BS5=0.369 [>= 0.6];✅ rawand EMA 1h: EMA21=10.99, EMA50=10.61;✅ rawand EMA 4h: EMA21=10.39, EMA50=9.78, EMA200=8.87;✅ RSI 30m: RSI=64.96;✅ MACD 30m: MACD_hist=0.0381;❌ vorud-e hoshmand poolback: ghimat=11.4646 EMA=11.1782 RSI=65.0 BS15=0.369;✅ ADX: ADX=49.80 [>22], DI+=411.68, DI-=137.95;✅ CCI obruz az 0: CCI=80.92;✅ SAR: SAR=11.4066, gimat=11.4646;✅ Stochastic cross: K=61.34 D=20.45;❌ rad EMA: bedun rad;❌ test-e moqavemat: bedun test;✅ poolback: poolback tashkhis dadeh shod;❌ Double Top/Bottom: bedun ologhu;✅ filter-e ranj: faseleh EMA=0.0245 [>0.005];✅ filter-e ranj-e tarkibi: diff=0.0245, ADX=49.80, mode=AND -> OK"
AVAX-USDT,LONG,S3,الماس فیلسوف (Diamond Mind),7.57600000,7.30242400,7.90429120,2026-08-21 13:34:01,OPEN,,,,,10.00,,"❌ ghoodat-e kandel 15m: BS15=0.519 [>= 0.6];❌ ghoodat-e kandel 5m: BS5=0.519 [>= 0.6];✅ rawand EMA 1h: EMA21=7.30, EMA50=7.02;✅ rawand EMA 4h: EMA21=6.88, EMA50=6.65, EMA200=6.54;❌ RSI 30m: RSI=65.27;✅ MACD 30m: MACD_hist=0.0130;❌ vorud-e hoshmand poolback: ghimat=7.5760 EMA=7.4121 RSI=65.3 BS15=0.519;✅ ADX: ADX=64.78 [>22], DI+=491.69, DI-=105.09;❌ CCI obruz az 0: CCI=123.40 [eshba-e kharid];✅ SAR: SAR=7.4984, gimat=7.5760;❌ Stochastic cross: K=72.50 D=24.17;❌ rad EMA: bedun rad;❌ test-e moqavemat: bedun test;✅ poolback: poolback tashkhis dadeh shod;❌ Double Top/Bottom: bedun ologhu;✅ filter-e ranj: faseleh EMA=0.0243 [>0.005];✅ filter-e ranj-e tarkibi: diff=0.0243, ADX=64.78, mode=AND -> OK"
INJ-USDT,LONG,S2,تیر نقره‌ای (Silver Arrow),4.92600000,4.76107400,5.12391120,2026-08-21 13:34:02,OPEN,,,,,10.00,,"✅ ghoodat-e kandel 15m: BS15=0.750 [>= 0.6];✅ ghoodat-e kandel 5m: BS5=0.750 [>= 0.6];✅ rawand EMA 1h: EMA21=4.80, EMA50=4.65;❌ rawand EMA 4h: EMA21=4.55, EMA50=4.44, EMA200=4.65;✅ RSI 30m: RSI=63.17;✅ MACD 30m: MACD_hist=0.0115;❌ vorud-e hoshmand poolback: ghimat=4.9260 EMA=4.8455 RSI=63.2 BS15=0.750;❌ ADX: ADX=52.34 [>22], DI+=200.71, DI-=641.60;❌ CCI obruz az 0: CCI=103.91 [eshba-e kharid];✅ SAR: SAR=4.8777, gimat=4.9260;✅ Stochastic cross: K=66.55 D=22.18;❌ rad EMA: bedun rad;❌ test-e moqavemat: bedun test;✅ poolback: poolback tashkhis dadeh shod;✅ Double Top/Bottom: ologhu=DoubleBottom;✅ filter-e ranj: faseleh EMA=0.0150 [>0.005];✅ filter-e ranj-e tarkibi: diff=0.0150, ADX=52.34, mode=AND -> OK"
INJ-USDT,LONG,S3,الماس فیلسوف (Diamond Mind),4.92600000,4.76107400,5.12391120,2026-08-21 13:34:02,OPEN,,,,,10.00,,"✅ ghoodat-e kandel 15m: BS15=0.750 [>= 0.6];✅ ghoodat-e kandel 5m: BS5=0.750 [>= 0.6];✅ rawand EMA 1h: EMA21=4.80, EMA50=4.65;❌ rawand EMA 4h: EMA21=4.55, EMA50=4.44, EMA200=4.65;✅ RSI 30m: RSI=63.17;✅ MACD 30m: MACD_hist=0.0115;❌ vorud-e hoshmand poolback: ghimat=4.9260 EMA=4.8455 RSI=63.2 BS15=0.750;❌ ADX: ADX=52.34 [>22], DI+=200.71, DI-=641.60;❌ CCI obruz az 0: CCI=103.91 [eshba-e kharid];✅ SAR: SAR=4.8777, gimat=4.9260;✅ Stochastic cross: K=66.55 D=22.18;❌ rad EMA: bedun rad;❌ test-e moqavemat: bedun test;✅ poolback: poolback tashkhis dadeh shod;✅ Double Top/Bottom: ologhu=DoubleBottom;✅ filter-e ranj: faseleh EMA=0.0150 [>0.005];✅ filter-e ranj-e tarkibi: diff=0.0150, ADX=52.34, mode=AND -> OK"
BTC-USDT,LONG,S2,تیر نقره‌ای (Silver Arrow),76636.40000000,75544.56360000,77946.60368000,2026-08-21 15:18:15,OPEN,,,,,10.00,,"❌ ghoodat-e kandel 15m: BS15=0.546 [>= 0.6];❌ ghoodat-e kandel 5m: BS5=0.546 [>= 0.6];✅ rawand EMA 1h: EMA21=74873.25, EMA50=71995.31;✅ rawand EMA 4h: EMA21=70018.85, EMA50=67089.43, EMA200=64914.62;✅ RSI 30m: RSI=56.90;❌ MACD 30m: MACD_hist=-47.9544;❌ vorud-e hoshmand poolback: ghimat=76636.4000 EMA=76264.4411 RSI=56.9 BS15=0.546;❌ ADX: ADX=7.32 [>22], DI+=289.96, DI-=250.38;✅ CCI obruz az 0: CCI=33.28;❌ SAR: SAR=77231.6360, gimat=76636.4000;✅ Stochastic cross: K=37.47 D=12.49;❌ rad EMA: bedun rad;❌ test-e moqavemat: bedun test;✅ poolback: poolback tashkhis dadeh shod;✅ Double Top/Bottom: ologhu=DoubleBottom;✅ filter-e ranj: faseleh EMA=0.0251 [>0.005];✅ filter-e ranj-e tarkibi: diff=0.0251, ADX=7.32, mode=AND -> OK"
BTC-USDT,LONG,S3,الماس فیلسوف (Diamond Mind),76636.40000000,75544.56360000,77946.60368000,2026-08-21 15:18:15,OPEN,,,,,10.00,,"❌ ghoodat-e kandel 15m: BS15=0.546 [>= 0.6];❌ ghoodat-e kandel 5m: BS5=0.546 [>= 0.6];✅ rawand EMA 1h: EMA21=74873.25, EMA50=71995.31;✅ rawand EMA 4h: EMA21=70018.85, EMA50=67089.43, EMA200=64914.62;✅ RSI 30m: RSI=56.90;❌ MACD 30m: MACD_hist=-47.9544;❌ vorud-e hoshmand poolback: ghimat=76636.4000 EMA=76264.4411 RSI=56.9 BS15=0.546;❌ ADX: ADX=7.32 [>22], DI+=289.96, DI-=250.38;✅ CCI obruz az 0: CCI=33.28;❌ SAR: SAR=77231.6360, gimat=76636.4000;✅ Stochastic cross: K=37.47 D=12.49;❌ rad EMA: bedun rad;❌ test-e moqavemat: bedun test;✅ poolback: poolback tashkhis dadeh shod;✅ Double Top/Bottom: ologhu=DoubleBottom;✅ filter-e ranj: faseleh EMA=0.0251 [>0.005];✅ filter-e ranj-e tarkibi: diff=0.0251, ADX=7.32, mode=AND -> OK"
ETH-USDT,LONG,S2,تیر نقره‌ای (Silver Arrow),2364.24000000,2353.83576000,2376.72508800,2026-08-21 15:18:16,OPEN,,,,,10.00,,"✅ ghoodat-e kandel 15m: BS15=0.646 [>= 0.6];✅ ghoodat-e kandel 5m: BS5=0.646 [>= 0.6];✅ rawand EMA 1h: EMA21=2347.30, EMA50=2254.09;✅ rawand EMA 4h: EMA21=2173.53, EMA50=2045.35, EMA200=1924.00;❌ RSI 30m: RSI=49.50;❌ MACD 30m: MACD_hist=-2.7706;✅ vorud-e hoshmand poolback: ghimat=2364.2400 EMA=2373.3847 RSI=49.5 BS15=0.646;❌ ADX: ADX=4.93 [>22], DI+=246.32, DI-=271.89;✅ CCI obruz az 0: CCI=-16.59;❌ SAR: SAR=2372.6640, gimat=2364.2400;❌ Stochastic cross: K=14.81 D=4.94;❌ rad EMA: bedun rad;❌ test-e moqavemat: bedun test;✅ poolback: poolback tashkhis dadeh shod;❌ Double Top/Bottom: bedun ologhu;✅ filter-e ranj: faseleh EMA=0.0171 [>0.005];✅ filter-e ranj-e tarkibi: diff=0.0171, ADX=4.93, mode=AND -> OK"
ETH-USDT,LONG,S3,الماس فیلسوف (Diamond Mind),2364.24000000,2353.83576000,2376.72508800,2026-08-21 15:18:16,OPEN,,,,,10.00,,"✅ ghoodat-e kandel 15m: BS15=0.646 [>= 0.6];✅ ghoodat-e kandel 5m: BS5=0.646 [>= 0.6];✅ rawand EMA 1h: EMA21=2347.30, EMA50=2254.09;✅ rawand EMA 4h: EMA21=2173.53, EMA50=2045.35, EMA200=1924.00;❌ RSI 30m: RSI=49.50;❌ MACD 30m: MACD_hist=-2.7706;✅ vorud-e hoshmand poolback: ghimat=2364.2400 EMA=2373.3847 RSI=49.5 BS15=0.646;❌ ADX: ADX=4.93 [>22], DI+=246.32, DI-=271.89;✅ CCI obruz az 0: CCI=-16.59;❌ SAR: SAR=2372.6640, gimat=2364.2400;❌ Stochastic cross: K=14.81 D=4.94;❌ rad EMA: bedun rad;❌ test-e moqavemat: bedun test;✅ poolback: poolback tashkhis dadeh shod;❌ Double Top/Bottom: bedun ologhu;✅ filter-e ranj: faseleh EMA=0.0171 [>0.005];✅ filter-e ranj-e tarkibi: diff=0.0171, ADX=4.93, mode=AND -> OK"
BNB-USDT,LONG,S1,شیر طلایی (Golden Lion),671.90300000,666.00309700,678.98288360,2026-08-21 15:18:16,OPEN,,,,,10.00,,"✅ ghoodat-e kandel 15m: BS15=0.798 [>= 0.6];✅ ghoodat-e kandel 5m: BS5=0.798 [>= 0.6];✅ rawand EMA 1h: EMA21=661.84, EMA50=645.34;✅ rawand EMA 4h: EMA21=635.21, EMA50=620.51, EMA200=596.76;✅ RSI 30m: RSI=55.89;❌ MACD 30m: MACD_hist=-0.1703;❌ vorud-e hoshmand poolback: ghimat=671.9030 EMA=669.6370 RSI=55.9 BS15=0.798;❌ ADX: ADX=1.39 [>22], DI+=200.18, DI-=205.83;✅ CCI obruz az 0: CCI=44.07;❌ SAR: SAR=674.0743, gimat=671.9030;✅ Stochastic cross: K=45.33 D=15.11;❌ rad EMA: bedun rad;❌ test-e moqavemat: bedun test;✅ poolback: poolback tashkhis dadeh shod;✅ Double Top/Bottom: ologhu=DoubleBottom;✅ filter-e ranj: faseleh EMA=0.0163 [>0.005];✅ filter-e ranj-e tarkibi: diff=0.0163, ADX=1.39, mode=AND -> OK"
BNB-USDT,LONG,S2,تیر نقره‌ای (Silver Arrow),671.90300000,666.00309700,678.98288360,2026-08-21 15:18:17,OPEN,,,,,10.00,,"✅ ghoodat-e kandel 15m: BS15=0.798 [>= 0.6];✅ ghoodat-e kandel 5m: BS5=0.798 [>= 0.6];✅ rawand EMA 1h: EMA21=661.84, EMA50=645.34;✅ rawand EMA 4h: EMA21=635.21, EMA50=620.51, EMA200=596.76;✅ RSI 30m: RSI=55.89;❌ MACD 30m: MACD_hist=-0.1703;❌ vorud-e hoshmand poolback: ghimat=671.9030 EMA=669.6370 RSI=55.9 BS15=0.798;❌ ADX: ADX=1.39 [>22], DI+=200.18, DI-=205.83;✅ CCI obruz az 0: CCI=44.07;❌ SAR: SAR=674.0743, gimat=671.9030;✅ Stochastic cross: K=45.33 D=15.11;❌ rad EMA: bedun rad;❌ test-e moqavemat: bedun test;✅ poolback: poolback tashkhis dadeh shod;✅ Double Top/Bottom: ologhu=DoubleBottom;✅ filter-e ranj: faseleh EMA=0.0163 [>0.005];✅ filter-e ranj-e tarkibi: diff=0.0163, ADX=1.39, mode=AND -> OK"
BNB-USDT,LONG,S3,الماس فیلسوف (Diamond Mind),671.90300000,666.00309700,678.98288360,2026-08-21 15:18:20,OPEN,,,,,10.00,,"✅ ghoodat-e kandel 15m: BS15=0.798 [>= 0.6];✅ ghoodat-e kandel 5m: BS5=0.798 [>= 0.6];✅ rawand EMA 1h: EMA21=661.84, EMA50=645.34;✅ rawand EMA 4h: EMA21=635.21, EMA50=620.51, EMA200=596.76;✅ RSI 30m: RSI=55.89;❌ MACD 30m: MACD_hist=-0.1703;❌ vorud-e hoshmand poolback: ghimat=671.9030 EMA=669.6370 RSI=55.9 BS15=0.798;❌ ADX: ADX=1.39 [>22], DI+=200.18, DI-=205.83;✅ CCI obruz az 0: CCI=44.07;❌ SAR: SAR=674.0743, gimat=671.9030;✅ Stochastic cross: K=45.33 D=15.11;❌ rad EMA: bedun rad;❌ test-e moqavemat: bedun test;✅ poolback: poolback tashkhis dadeh shod;✅ Double Top/Bottom: ologhu=DoubleBottom;✅ filter-e ranj: faseleh EMA=0.0163 [>0.005];✅ filter-e ranj-e tarkibi: diff=0.0163, ADX=1.39, mode=AND -> OK"
SOL-USDT,LONG,S1,شیر طلایی (Golden Lion),90.17000000,89.78983000,90.62620400,2026-08-21 15:18:21,OPEN,,,,,10.00,,"✅ ghoodat-e kandel 15m: BS15=0.717 [>= 0.6];✅ ghoodat-e kandel 5m: BS5=0.717 [>= 0.6];✅ rawand EMA 1h: EMA21=89.23, EMA50=86.28;✅ rawand EMA 4h: EMA21=83.89, EMA50=80.12, EMA200=77.00;✅ RSI 30m: RSI=51.51;❌ MACD 30m: MACD_hist=-0.1087;❌ vorud-e hoshmand poolback: ghimat=90.1700 EMA=90.3022 RSI=51.5 BS15=0.717;❌ ADX: ADX=53.25 [>22], DI+=135.48, DI-=444.09;✅ CCI obruz az 0: CCI=-1.83;❌ SAR: SAR=90.5176, gimat=90.1700;✅ Stochastic cross: K=23.57 D=7.86;❌ rad EMA: bedun rad;❌ test-e moqavemat: bedun test;✅ poolback: poolback tashkhis dadeh shod;✅ Double Top/Bottom: ologhu=DoubleBottom;✅ filter-e ranj: faseleh EMA=0.0178 [>0.005];✅ filter-e ranj-e tarkibi: diff=0.0178, ADX=53.25, mode=AND -> OK"
SOL-USDT,LONG,S2,تیر نقره‌ای (Silver Arrow),90.17000000,89.78983000,90.62620400,2026-08-21 15:18:21,OPEN,,,,,10.00,,"✅ ghoodat-e kandel 15m: BS15=0.717 [>= 0.6];✅ ghoodat-e kandel 5m: BS5=0.717 [>= 0.6];✅ rawand EMA 1h: EMA21=89.23, EMA50=86.28;✅ rawand EMA 4h: EMA21=83.89, EMA50=80.12, EMA200=77.00;✅ RSI 30m: RSI=51.51;❌ MACD 30m: MACD_hist=-0.1087;❌ vorud-e hoshmand poolback: ghimat=90.1700 EMA=90.3022 RSI=51.5 BS15=0.717;❌ ADX: ADX=53.25 [>22], DI+=135.48, DI-=444.09;✅ CCI obruz az 0: CCI=-1.83;❌ SAR: SAR=90.5176, gimat=90.1700;✅ Stochastic cross: K=23.57 D=7.86;❌ rad EMA: bedun rad;❌ test-e moqavemat: bedun test;✅ poolback: poolback tashkhis dadeh shod;✅ Double Top/Bottom: ologhu=DoubleBottom;✅ filter-e ranj: faseleh EMA=0.0178 [>0.005];✅ filter-e ranj-e tarkibi: diff=0.0178, ADX=53.25, mode=AND -> OK"
SOL-USDT,LONG,S3,الماس فیلسوف (Diamond Mind),90.17000000,89.78983000,90.62620400,2026-08-21 15:18:22,OPEN,,,,,10.00,,"✅ ghoodat-e kandel 15m: BS15=0.717 [>= 0.6];✅ ghoodat-e kandel 5m: BS5=0.717 [>= 0.6];✅ rawand EMA 1h: EMA21=89.23, EMA50=86.28;✅ rawand EMA 4h: EMA21=83.89, EMA50=80.12, EMA200=77.00;✅ RSI 30m: RSI=51.51;❌ MACD 30m: MACD_hist=-0.1087;❌ vorud-e hoshmand poolback: ghimat=90.1700 EMA=90.3022 RSI=51.5 BS15=0.717;❌ ADX: ADX=53.25 [>22], DI+=135.48, DI-=444.09;✅ CCI obruz az 0: CCI=-1.83;❌ SAR: SAR=90.5176, gimat=90.1700;✅ Stochastic cross: K=23.57 D=7.86;❌ rad EMA: bedun rad;❌ test-e moqavemat: bedun test;✅ poolback: poolback tashkhis dadeh shod;✅ Double Top/Bottom: ologhu=DoubleBottom;✅ filter-e ranj: faseleh EMA=0.0178 [>0.005];✅ filter-e ranj-e tarkibi: diff=0.0178, ADX=53.25, mode=AND -> OK"
XRP-USDT,LONG,S1,شیر طلایی (Golden Lion),1.36701000,1.29741299,1.45052641,2026-08-21 15:18:22,OPEN,,,,,10.00,,"✅ ghoodat-e kandel 15m: BS15=0.698 [>= 0.6];✅ ghoodat-e kandel 5m: BS5=0.698 [>= 0.6];✅ rawand EMA 1h: EMA21=1.30, EMA50=1.21;✅ rawand EMA 4h: EMA21=1.16, EMA50=1.09, EMA200=1.07;✅ RSI 30m: RSI=59.34;❌ MACD 30m: MACD_hist=0.0019;❌ vorud-e hoshmand poolback: ghimat=1.3670 EMA=1.3401 RSI=59.3 BS15=0.698;❌ ADX: ADX=7.72 [>22], DI+=211.53, DI-=246.92;✅ CCI obruz az 0: CCI=71.94;❌ SAR: SAR=1.3757, gimat=1.3670;✅ Stochastic cross: K=52.65 D=17.55;❌ rad EMA: bedun rad;❌ test-e moqavemat: bedun test;✅ poolback: poolback tashkhis dadeh shod;✅ Double Top/Bottom: ologhu=DoubleBottom;✅ filter-e ranj: faseleh EMA=0.0420 [>0.005];✅ filter-e ranj-e tarkibi: diff=0.0420, ADX=7.72, mode=AND -> OK"
XRP-USDT,LONG,S2,تیر نقره‌ای (Silver Arrow),1.36701000,1.29741299,1.45052641,2026-08-21 15:18:26,OPEN,,,,,10.00,,"✅ ghoodat-e kandel 15m: BS15=0.698 [>= 0.6];✅ ghoodat-e kandel 5m: BS5=0.698 [>= 0.6];✅ rawand EMA 1h: EMA21=1.30, EMA50=1.21;✅ rawand EMA 4h: EMA21=1.16, EMA50=1.09, EMA200=1.07;✅ RSI 30m: RSI=59.34;❌ MACD 30m: MACD_hist=0.0019;❌ vorud-e hoshmand poolback: ghimat=1.3670 EMA=1.3401 RSI=59.3 BS15=0.698;❌ ADX: ADX=7.72 [>22], DI+=211.53, DI-=246.92;✅ CCI obruz az 0: CCI=71.94;❌ SAR: SAR=1.3757, gimat=1.3670;✅ Stochastic cross: K=52.65 D=17.55;❌ rad EMA: bedun rad;❌ test-e moqavemat: bedun test;✅ poolback: poolback tashkhis dadeh shod;✅ Double Top/Bottom: ologhu=DoubleBottom;✅ filter-e ranj: faseleh EMA=0.0420 [>0.005];✅ filter-e ranj-e tarkibi: diff=0.0420, ADX=7.72, mode=AND -> OK"
XRP-USDT,LONG,S3,الماس فیلسوف (Diamond Mind),1.36701000,1.29741299,1.45052641,2026-08-21 15:18:26,OPEN,,,,,10.00,,"✅ ghoodat-e kandel 15m: BS15=0.698 [>= 0.6];✅ ghoodat-e kandel 5m: BS5=0.698 [>= 0.6];✅ rawand EMA 1h: EMA21=1.30, EMA50=1.21;✅ rawand EMA 4h: EMA21=1.16, EMA50=1.09, EMA200=1.07;✅ RSI 30m: RSI=59.34;❌ MACD 30m: MACD_hist=0.0019;❌ vorud-e hoshmand poolback: ghimat=1.3670 EMA=1.3401 RSI=59.3 BS15=0.698;❌ ADX: ADX=7.72 [>22], DI+=211.53, DI-=246.92;✅ CCI obruz az 0: CCI=71.94;❌ SAR: SAR=1.3757, gimat=1.3670;✅ Stochastic cross: K=52.65 D=17.55;❌ rad EMA: bedun rad;❌ test-e moqavemat: bedun test;✅ poolback: poolback tashkhis dadeh shod;✅ Double Top/Bottom: ologhu=DoubleBottom;✅ filter-e ranj: faseleh EMA=0.0420 [>0.005];✅ filter-e ranj-e tarkibi: diff=0.0420, ADX=7.72, mode=AND -> OK"
LTC-USDT,LONG,S2,تیر نقره‌ای (Silver Arrow),50.06000000,48.75994000,51.62007200,2026-08-21 15:18:27,OPEN,,,,,10.00,,"❌ ghoodat-e kandel 15m: BS15=0.356 [>= 0.6];❌ ghoodat-e kandel 5m: BS5=0.356 [>= 0.6];✅ rawand EMA 1h: EMA21=48.98, EMA50=47.72;✅ rawand EMA 4h: EMA21=46.87, EMA50=45.80, EMA200=45.38;✅ RSI 30m: RSI=56.89;✅ MACD 30m: MACD_hist=0.0480;❌ vorud-e hoshmand poolback: ghimat=50.0600 EMA=49.6984 RSI=56.9 BS15=0.356;❌ ADX: ADX=72.06 [>22], DI+=91.41, DI-=562.89;✅ CCI obruz az 0: CCI=6.95;❌ SAR: SAR=50.5450, gimat=50.0600;❌ Stochastic cross: K=6.12 D=2.04;❌ rad EMA: bedun rad;❌ test-e moqavemat: bedun test;✅ poolback: poolback tashkhis dadeh shod;✅ Double Top/Bottom: ologhu=DoubleTop;✅ filter-e ranj: faseleh EMA=0.0194 [>0.005];✅ filter-e ranj-e tarkibi: diff=0.0194, ADX=72.06, mode=AND -> OK"
LTC-USDT,LONG,S3,الماس فیلسوف (Diamond Mind),50.06000000,48.75994000,51.62007200,2026-08-21 15:18:27,OPEN,,,,,10.00,,"❌ ghoodat-e kandel 15m: BS15=0.356 [>= 0.6];❌ ghoodat-e kandel 5m: BS5=0.356 [>= 0.6];✅ rawand EMA 1h: EMA21=48.98, EMA50=47.72;✅ rawand EMA 4h: EMA21=46.87, EMA50=45.80, EMA200=45.38;✅ RSI 30m: RSI=56.89;✅ MACD 30m: MACD_hist=0.0480;❌ vorud-e hoshmand poolback: ghimat=50.0600 EMA=49.6984 RSI=56.9 BS15=0.356;❌ ADX: ADX=72.06 [>22], DI+=91.41, DI-=562.89;✅ CCI obruz az 0: CCI=6.95;❌ SAR: SAR=50.5450, gimat=50.0600;❌ Stochastic cross: K=6.12 D=2.04;❌ rad EMA: bedun rad;❌ test-e moqavemat: bedun test;✅ poolback: poolback tashkhis dadeh shod;✅ Double Top/Bottom: ologhu=DoubleTop;✅ filter-e ranj: faseleh EMA=0.0194 [>0.005];✅ filter-e ranj-e tarkibi: diff=0.0194, ADX=72.06, mode=AND -> OK"
DOGE-USDT,LONG,S2,تیر نقره‌ای (Silver Arrow),0.08278000,0.08253722,0.08307134,2026-08-21 15:18:28,OPEN,,,,,10.00,,"✅ ghoodat-e kandel 15m: BS15=0.704 [>= 0.6];✅ ghoodat-e kandel 5m: BS5=0.704 [>= 0.6];✅ rawand EMA 1h: EMA21=0.08, EMA50=0.08;✅ rawand EMA 4h: EMA21=0.08, EMA50=0.07, EMA200=0.07;✅ RSI 30m: RSI=50.38;❌ MACD 30m: MACD_hist=-0.0002;✅ vorud-e hoshmand poolback: ghimat=0.0828 EMA=0.0831 RSI=50.4 BS15=0.704;❌ ADX: ADX=18.18 [>22], DI+=309.52, DI-=214.29;✅ CCI obruz az 0: CCI=-0.89;❌ SAR: SAR=0.0837, gimat=0.0828;❌ Stochastic cross: K=19.02 D=6.34;❌ rad EMA: bedun rad;❌ test-e moqavemat: bedun test;✅ poolback: poolback tashkhis dadeh shod;❌ Double Top/Bottom: bedun ologhu;✅ filter-e ranj: faseleh EMA=0.0235 [>0.005];✅ filter-e ranj-e tarkibi: diff=0.0235, ADX=18.18, mode=AND -> OK"
DOGE-USDT,LONG,S3,الماس فیلسوف (Diamond Mind),0.08278000,0.08253722,0.08307134,2026-08-21 15:18:32,OPEN,,,,,10.00,,"✅ ghoodat-e kandel 15m: BS15=0.704 [>= 0.6];✅ ghoodat-e kandel 5m: BS5=0.704 [>= 0.6];✅ rawand EMA 1h: EMA21=0.08, EMA50=0.08;✅ rawand EMA 4h: EMA21=0.08, EMA50=0.07, EMA200=0.07;✅ RSI 30m: RSI=50.38;❌ MACD 30m: MACD_hist=-0.0002;✅ vorud-e hoshmand poolback: ghimat=0.0828 EMA=0.0831 RSI=50.4 BS15=0.704;❌ ADX: ADX=18.18 [>22], DI+=309.52, DI-=214.29;✅ CCI obruz az 0: CCI=-0.89;❌ SAR: SAR=0.0837, gimat=0.0828;❌ Stochastic cross: K=19.02 D=6.34;❌ rad EMA: bedun rad;❌ test-e moqavemat: bedun test;✅ poolback: poolback tashkhis dadeh shod;❌ Double Top/Bottom: bedun ologhu;✅ filter-e ranj: faseleh EMA=0.0235 [>0.005];✅ filter-e ranj-e tarkibi: diff=0.0235, ADX=18.18, mode=AND -> OK"
LINK-USDT,LONG,S2,تیر نقره‌ای (Silver Arrow),11.25290000,10.95754710,11.60732348,2026-08-21 15:18:32,OPEN,,,,,10.00,,"❌ ghoodat-e kandel 15m: BS15=0.188 [>= 0.6];❌ ghoodat-e kandel 5m: BS5=0.188 [>= 0.6];✅ rawand EMA 1h: EMA21=11.01, EMA50=10.63;✅ rawand EMA 4h: EMA21=10.37, EMA50=9.78, EMA200=8.87;✅ RSI 30m: RSI=54.37;❌ MACD 30m: MACD_hist=-0.0112;❌ vorud-e hoshmand poolback: ghimat=11.2529 EMA=11.2151 RSI=54.4 BS15=0.188;✅ ADX: ADX=42.55 [>22], DI+=369.67, DI-=148.98;✅ CCI obruz az 0: CCI=25.30;❌ SAR: SAR=11.3068, gimat=11.2529;✅ Stochastic cross: K=39.77 D=13.26;❌ rad EMA: bedun rad;❌ test-e moqavemat: bedun test;✅ poolback: poolback tashkhis dadeh shod;❌ Double Top/Bottom: bedun ologhu;✅ filter-e ranj: faseleh EMA=0.0239 [>0.005];✅ filter-e ranj-e tarkibi: diff=0.0239, ADX=42.55, mode=AND -> OK"
LINK-USDT,LONG,S3,الماس فیلسوف (Diamond Mind),11.25290000,10.95754710,11.60732348,2026-08-21 15:18:32,OPEN,,,,,10.00,,"❌ ghoodat-e kandel 15m: BS15=0.188 [>= 0.6];❌ ghoodat-e kandel 5m: BS5=0.188 [>= 0.6];✅ rawand EMA 1h: EMA21=11.01, EMA50=10.63;✅ rawand EMA 4h: EMA21=10.37, EMA50=9.78, EMA200=8.87;✅ RSI 30m: RSI=54.37;❌ MACD 30m: MACD_hist=-0.0112;❌ vorud-e hoshmand poolback: ghimat=11.2529 EMA=11.2151 RSI=54.4 BS15=0.188;✅ ADX: ADX=42.55 [>22], DI+=369.67, DI-=148.98;✅ CCI obruz az 0: CCI=25.30;❌ SAR: SAR=11.3068, gimat=11.2529;✅ Stochastic cross: K=39.77 D=13.26;❌ rad EMA: bedun rad;❌ test-e moqavemat: bedun test;✅ poolback: poolback tashkhis dadeh shod;❌ Double Top/Bottom: bedun ologhu;✅ filter-e ranj: faseleh EMA=0.0239 [>0.005];✅ filter-e ranj-e tarkibi: diff=0.0239, ADX=42.55, mode=AND -> OK"
AVAX-USDT,LONG,S3,الماس فیلسوف (Diamond Mind),7.46200000,7.34553800,7.60175440,2026-08-21 15:18:33,OPEN,,,,,10.00,,"❌ ghoodat-e kandel 15m: BS15=0.500 [>= 0.6];❌ ghoodat-e kandel 5m: BS5=0.500 [>= 0.6];✅ rawand EMA 1h: EMA21=7.32, EMA50=7.04;✅ rawand EMA 4h: EMA21=6.87, EMA50=6.65, EMA200=6.54;✅ RSI 30m: RSI=53.92;❌ MACD 30m: MACD_hist=-0.0033;❌ vorud-e hoshmand poolback: ghimat=7.4620 EMA=7.4467 RSI=53.9 BS15=0.500;✅ ADX: ADX=43.17 [>22], DI+=446.23, DI-=177.13;✅ CCI obruz az 0: CCI=38.65;❌ SAR: SAR=7.5565, gimat=7.4620;✅ Stochastic cross: K=43.91 D=14.64;❌ rad EMA: bedun rad;❌ test-e moqavemat: bedun test;✅ poolback: poolback tashkhis dadeh shod;✅ Double Top/Bottom: ologhu=DoubleBottom;✅ filter-e ranj: faseleh EMA=0.0244 [>0.005];✅ filter-e ranj-e tarkibi: diff=0.0244, ADX=43.17, mode=AND -> OK"
FIL-USDT,LONG,S2,تیر نقره‌ای (Silver Arrow),0.76890000,0.75123110,0.79010268,2026-08-21 15:18:33,OPEN,,,,,10.00,,"❌ ghoodat-e kandel 15m: BS15=0.462 [>= 0.6];❌ ghoodat-e kandel 5m: BS5=0.462 [>= 0.6];✅ rawand EMA 1h: EMA21=0.75, EMA50=0.72;❌ rawand EMA 4h: EMA21=0.70, EMA50=0.69, EMA200=0.71;✅ RSI 30m: RSI=56.54;❌ MACD 30m: MACD_hist=-0.0001;❌ vorud-e hoshmand poolback: ghimat=0.7689 EMA=0.7623 RSI=56.5 BS15=0.462;✅ ADX: ADX=23.44 [>22], DI+=506.18, DI-=313.96;✅ CCI obruz az 0: CCI=50.01;❌ SAR: SAR=0.7742, gimat=0.7689;✅ Stochastic cross: K=51.08 D=17.03;❌ rad EMA: bedun rad;❌ test-e moqavemat: bedun test;✅ poolback: poolback tashkhis dadeh shod;✅ Double Top/Bottom: ologhu=DoubleTop;✅ filter-e ranj: faseleh EMA=0.0274 [>0.005];✅ filter-e ranj-e tarkibi: diff=0.0274, ADX=23.44, mode=AND -> OK"
BTC-USDT,LONG,S2,تیر نقره‌ای (Silver Arrow),77067.20000000,76172.03280000,78141.40064000,2026-08-21 17:37:04,OPEN,,,,,10.00,,"❌ ghoodat-e kandel 15m: BS15=0.378 [>= 0.6];❌ ghoodat-e kandel 5m: BS5=0.810 [khayli bala - ehtemal-e payan-e harakat];✅ rawand EMA 1h: EMA21=75451.75, EMA50=72584.55;✅ rawand EMA 4h: EMA21=70667.93, EMA50=67484.51, EMA200=65035.52;✅ RSI 30m: RSI=58.80;❌ MACD 30m: MACD_hist=-179.2456;❌ vorud-e hoshmand poolback: ghimat=77067.2000 EMA=76577.4170 RSI=58.8 BS15=0.378;❌ ADX: ADX=20.05 [>22], DI+=380.06, DI-=253.14;✅ CCI obruz az 0: CCI=17.91;✅ SAR: SAR=76259.2140, gimat=77067.2000;✅ Stochastic cross: K=25.68 D=8.56;❌ rad EMA: bedun rad;❌ test-e moqavemat: bedun test;✅ poolback: poolback tashkhis dadeh shod;✅ Double Top/Bottom: ologhu=DoubleTop;✅ filter-e ranj: faseleh EMA=0.0225 [>0.005];✅ filter-e ranj-e tarkibi: diff=0.0225, ADX=20.05, mode=AND -> OK"
BTC-USDT,LONG,S3,الماس فیلسوف (Diamond Mind),77067.20000000,76172.03280000,78141.40064000,2026-08-21 17:37:05,OPEN,,,,,10.00,,"❌ ghoodat-e kandel 15m: BS15=0.378 [>= 0.6];❌ ghoodat-e kandel 5m: BS5=0.810 [khayli bala - ehtemal-e payan-e harakat];✅ rawand EMA 1h: EMA21=75451.75, EMA50=72584.55;✅ rawand EMA 4h: EMA21=70667.93, EMA50=67484.51, EMA200=65035.52;✅ RSI 30m: RSI=58.80;❌ MACD 30m: MACD_hist=-179.2456;❌ vorud-e hoshmand poolback: ghimat=77067.2000 EMA=76577.4170 RSI=58.8 BS15=0.378;❌ ADX: ADX=20.05 [>22], DI+=380.06, DI-=253.14;✅ CCI obruz az 0: CCI=17.91;✅ SAR: SAR=76259.2140, gimat=77067.2000;✅ Stochastic cross: K=25.68 D=8.56;❌ rad EMA: bedun rad;❌ test-e moqavemat: bedun test;✅ poolback: poolback tashkhis dadeh shod;✅ Double Top/Bottom: ologhu=DoubleTop;✅ filter-e ranj: faseleh EMA=0.0225 [>0.005];✅ filter-e ranj-e tarkibi: diff=0.0225, ADX=20.05, mode=AND -> OK"
ETH-USDT,LONG,S1,شیر طلایی (Golden Lion),2383.53000000,2353.81647000,2419.18623600,2026-08-21 17:37:05,OPEN,,,,,10.00,,"❌ ghoodat-e kandel 15m: BS15=0.312 [>= 0.6];✅ ghoodat-e kandel 5m: BS5=0.729 [>= 0.6];✅ rawand EMA 1h: EMA21=2357.38, EMA50=2269.25;✅ rawand EMA 4h: EMA21=2193.13, EMA50=2058.84, EMA200=1928.70;✅ RSI 30m: RSI=54.14;❌ MACD 30m: MACD_hist=-3.3642;❌ vorud-e hoshmand poolback: ghimat=2383.5300 EMA=2377.8699 RSI=54.1 BS15=0.312;✅ ADX: ADX=29.02 [>22], DI+=369.16, DI-=203.08;✅ CCI obruz az 0: CCI=-4.56;✅ SAR: SAR=2368.2126, gimat=2383.5300;✅ Stochastic cross: K=29.65 D=9.88;❌ rad EMA: bedun rad;❌ test-e moqavemat: bedun test;✅ poolback: poolback tashkhis dadeh shod;✅ Double Top/Bottom: ologhu=DoubleTop;✅ filter-e ranj: faseleh EMA=0.0148 [>0.005];✅ filter-e ranj-e tarkibi: diff=0.0148, ADX=29.02, mode=AND -> OK"
ETH-USDT,LONG,S2,تیر نقره‌ای (Silver Arrow),2383.53000000,2353.81647000,2419.18623600,2026-08-21 17:37:06,OPEN,,,,,10.00,,"❌ ghoodat-e kandel 15m: BS15=0.312 [>= 0.6];✅ ghoodat-e kandel 5m: BS5=0.729 [>= 0.6];✅ rawand EMA 1h: EMA21=2357.38, EMA50=2269.25;✅ rawand EMA 4h: EMA21=2193.13, EMA50=2058.84, EMA200=1928.70;✅ RSI 30m: RSI=54.14;❌ MACD 30m: MACD_hist=-3.3642;❌ vorud-e hoshmand poolback: ghimat=2383.5300 EMA=2377.8699 RSI=54.1 BS15=0.312;✅ ADX: ADX=29.02 [>22], DI+=369.16, DI-=203.08;✅ CCI obruz az 0: CCI=-4.56;✅ SAR: SAR=2368.2126, gimat=2383.5300;✅ Stochastic cross: K=29.65 D=9.88;❌ rad EMA: bedun rad;❌ test-e moqavemat: bedun test;✅ poolback: poolback tashkhis dadeh shod;✅ Double Top/Bottom: ologhu=DoubleTop;✅ filter-e ranj: faseleh EMA=0.0148 [>0.005];✅ filter-e ranj-e tarkibi: diff=0.0148, ADX=29.02, mode=AND -> OK"
ETH-USDT,LONG,S3,الماس فیلسوف (Diamond Mind),2383.53000000,2353.81647000,2419.18623600,2026-08-21 17:37:06,OPEN,,,,,10.00,,"❌ ghoodat-e kandel 15m: BS15=0.312 [>= 0.6];✅ ghoodat-e kandel 5m: BS5=0.729 [>= 0.6];✅ rawand EMA 1h: EMA21=2357.38, EMA50=2269.25;✅ rawand EMA 4h: EMA21=2193.13, EMA50=2058.84, EMA200=1928.70;✅ RSI 30m: RSI=54.14;❌ MACD 30m: MACD_hist=-3.3642;❌ vorud-e hoshmand poolback: ghimat=2383.5300 EMA=2377.8699 RSI=54.1 BS15=0.312;✅ ADX: ADX=29.02 [>22], DI+=369.16, DI-=203.08;✅ CCI obruz az 0: CCI=-4.56;✅ SAR: SAR=2368.2126, gimat=2383.5300;✅ Stochastic cross: K=29.65 D=9.88;❌ rad EMA: bedun rad;❌ test-e moqavemat: bedun test;✅ poolback: poolback tashkhis dadeh shod;✅ Double Top/Bottom: ologhu=DoubleTop;✅ filter-e ranj: faseleh EMA=0.0148 [>0.005];✅ filter-e ranj-e tarkibi: diff=0.0148, ADX=29.02, mode=AND -> OK"
BNB-USDT,LONG,S2,تیر نقره‌ای (Silver Arrow),678.63300000,670.42136700,688.48695960,2026-08-21 17:37:07,OPEN,,,,,10.00,,"❌ ghoodat-e kandel 15m: BS15=0.322 [>= 0.6];❌ ghoodat-e kandel 5m: BS5=0.813 [khayli bala - ehtemal-e payan-e harakat];✅ rawand EMA 1h: EMA21=666.28, EMA50=649.23;✅ rawand EMA 4h: EMA21=639.35, EMA50=622.87, EMA200=597.52;✅ RSI 30m: RSI=61.91;❌ MACD 30m: MACD_hist=-0.4400;❌ vorud-e hoshmand poolback: ghimat=678.6330 EMA=672.9925 RSI=61.9 BS15=0.322;❌ ADX: ADX=7.41 [>22], DI+=219.40, DI-=189.14;✅ CCI obruz az 0: CCI=64.43;✅ SAR: SAR=673.9222, gimat=678.6330;✅ Stochastic cross: K=58.30 D=19.43;❌ rad EMA: bedun rad;❌ test-e moqavemat: bedun test;✅ poolback: poolback tashkhis dadeh shod;✅ Double Top/Bottom: ologhu=DoubleTop;✅ filter-e ranj: faseleh EMA=0.0158 [>0.005];✅ filter-e ranj-e tarkibi: diff=0.0158, ADX=7.41, mode=AND -> OK"
BNB-USDT,LONG,S3,الماس فیلسوف (Diamond Mind),678.63300000,670.42136700,688.48695960,2026-08-21 17:37:10,OPEN,,,,,10.00,,"❌ ghoodat-e kandel 15m: BS15=0.322 [>= 0.6];❌ ghoodat-e kandel 5m: BS5=0.813 [khayli bala - ehtemal-e payan-e harakat];✅ rawand EMA 1h: EMA21=666.28, EMA50=649.23;✅ rawand EMA 4h: EMA21=639.35, EMA50=622.87, EMA200=597.52;✅ RSI 30m: RSI=61.91;❌ MACD 30m: MACD_hist=-0.4400;❌ vorud-e hoshmand poolback: ghimat=678.6330 EMA=672.9925 RSI=61.9 BS15=0.322;❌ ADX: ADX=7.41 [>22], DI+=219.40, DI-=189.14;✅ CCI obruz az 0: CCI=64.43;✅ SAR: SAR=673.9222, gimat=678.6330;✅ Stochastic cross: K=58.30 D=19.43;❌ rad EMA: bedun rad;❌ test-e moqavemat: bedun test;✅ poolback: poolback tashkhis dadeh shod;✅ Double Top/Bottom: ologhu=DoubleTop;✅ filter-e ranj: faseleh EMA=0.0158 [>0.005];✅ filter-e ranj-e tarkibi: diff=0.0158, ADX=7.41, mode=AND -> OK"
SOL-USDT,LONG,S2,تیر نقره‌ای (Silver Arrow),91.00000000,89.69900000,92.56120000,2026-08-21 17:37:11,OPEN,,,,,10.00,,"❌ ghoodat-e kandel 15m: BS15=0.096 [>= 0.6];❌ ghoodat-e kandel 5m: BS5=0.846 [khayli bala - ehtemal-e payan-e harakat];✅ rawand EMA 1h: EMA21=89.68, EMA50=86.82;✅ rawand EMA 4h: EMA21=84.54, EMA50=80.56, EMA200=77.12;✅ RSI 30m: RSI=56.65;❌ MACD 30m: MACD_hist=-0.1446;❌ vorud-e hoshmand poolback: ghimat=91.0000 EMA=90.5119 RSI=56.7 BS15=0.096;❌ ADX: ADX=17.88 [>22], DI+=250.14, DI-=359.08;✅ CCI obruz az 0: CCI=16.49;✅ SAR: SAR=89.8054, gimat=91.0000;✅ Stochastic cross: K=33.70 D=11.23;❌ rad EMA: bedun rad;❌ test-e moqavemat: bedun test;✅ poolback: poolback tashkhis dadeh shod;✅ Double Top/Bottom: ologhu=DoubleTop;✅ filter-e ranj: faseleh EMA=0.0156 [>0.005];✅ filter-e ranj-e tarkibi: diff=0.0156, ADX=17.88, mode=AND -> OK"
SOL-USDT,LONG,S3,الماس فیلسوف (Diamond Mind),91.00000000,89.69900000,92.56120000,2026-08-21 17:37:11,OPEN,,,,,10.00,,"❌ ghoodat-e kandel 15m: BS15=0.096 [>= 0.6];❌ ghoodat-e kandel 5m: BS5=0.846 [khayli bala - ehtemal-e payan-e harakat];✅ rawand EMA 1h: EMA21=89.68, EMA50=86.82;✅ rawand EMA 4h: EMA21=84.54, EMA50=80.56, EMA200=77.12;✅ RSI 30m: RSI=56.65;❌ MACD 30m: MACD_hist=-0.1446;❌ vorud-e hoshmand poolback: ghimat=91.0000 EMA=90.5119 RSI=56.7 BS15=0.096;❌ ADX: ADX=17.88 [>22], DI+=250.14, DI-=359.08;✅ CCI obruz az 0: CCI=16.49;✅ SAR: SAR=89.8054, gimat=91.0000;✅ Stochastic cross: K=33.70 D=11.23;❌ rad EMA: bedun rad;❌ test-e moqavemat: bedun test;✅ poolback: poolback tashkhis dadeh shod;✅ Double Top/Bottom: ologhu=DoubleTop;✅ filter-e ranj: faseleh EMA=0.0156 [>0.005];✅ filter-e ranj-e tarkibi: diff=0.0156, ADX=17.88, mode=AND -> OK"
XAUT-USDT,LONG,S2,تیر نقره‌ای (Silver Arrow),4566.26000000,4541.22374000,4596.30351200,2026-08-21 17:37:12,OPEN,,,,,10.00,,"❌ ghoodat-e kandel 15m: BS15=0.858 [khayli bala - ehtemal-e payan-e harakat];❌ ghoodat-e kandel 5m: BS5=0.440 [>= 0.6];✅ rawand EMA 1h: EMA21=4534.80, EMA50=4495.52;✅ rawand EMA 4h: EMA21=4471.77, EMA50=4414.50, EMA200=4244.46;✅ RSI 30m: RSI=62.79;❌ MACD 30m: MACD_hist=-1.7101;❌ vorud-e hoshmand poolback: ghimat=4566.2600 EMA=4551.6582 RSI=62.8 BS15=0.858;❌ ADX: ADX=15.69 [>22], DI+=216.21, DI-=296.69;✅ CCI obruz az 0: CCI=54.09;✅ SAR: SAR=4553.3698, gimat=4566.2600;✅ Stochastic cross: K=65.65 D=21.88;❌ rad EMA: bedun rad;❌ test-e moqavemat: bedun test;❌ poolback: bedun poolback;✅ Double Top/Bottom: ologhu=DoubleTop;✅ filter-e ranj: faseleh EMA=0.0055 [>0.005];✅ filter-e ranj-e tarkibi: diff=0.0055, ADX=15.69, mode=AND -> OK"
XAUT-USDT,LONG,S3,الماس فیلسوف (Diamond Mind),4566.26000000,4541.22374000,4596.30351200,2026-08-21 17:37:12,OPEN,,,,,10.00,,"❌ ghoodat-e kandel 15m: BS15=0.858 [khayli bala - ehtemal-e payan-e harakat];❌ ghoodat-e kandel 5m: BS5=0.440 [>= 0.6];✅ rawand EMA 1h: EMA21=4534.80, EMA50=4495.52;✅ rawand EMA 4h: EMA21=4471.77, EMA50=4414.50, EMA200=4244.46;✅ RSI 30m: RSI=62.79;❌ MACD 30m: MACD_hist=-1.7101;❌ vorud-e hoshmand poolback: ghimat=4566.2600 EMA=4551.6582 RSI=62.8 BS15=0.858;❌ ADX: ADX=15.69 [>22], DI+=216.21, DI-=296.69;✅ CCI obruz az 0: CCI=54.09;✅ SAR: SAR=4553.3698, gimat=4566.2600;✅ Stochastic cross: K=65.65 D=21.88;❌ rad EMA: bedun rad;❌ test-e moqavemat: bedun test;❌ poolback: bedun poolback;✅ Double Top/Bottom: ologhu=DoubleTop;✅ filter-e ranj: faseleh EMA=0.0055 [>0.005];✅ filter-e ranj-e tarkibi: diff=0.0055, ADX=15.69, mode=AND -> OK"
LTC-USDT,LONG,S2,تیر نقره‌ای (Silver Arrow),50.85000000,49.75915000,52.15902000,2026-08-21 17:37:16,OPEN,,,,,10.00,,"❌ ghoodat-e kandel 15m: BS15=0.261 [>= 0.6];❌ ghoodat-e kandel 5m: BS5=0.810 [khayli bala - ehtemal-e payan-e harakat];✅ rawand EMA 1h: EMA21=49.44, EMA50=48.07;✅ rawand EMA 4h: EMA21=47.24, EMA50=46.01, EMA200=45.44;✅ RSI 30m: RSI=63.76;❌ MACD 30m: MACD_hist=-0.0222;❌ vorud-e hoshmand poolback: ghimat=50.8500 EMA=50.0787 RSI=63.8 BS15=0.261;❌ ADX: ADX=62.26 [>22], DI+=111.11, DI-=477.78;✅ CCI obruz az 0: CCI=11.80;✅ SAR: SAR=50.1606, gimat=50.8500;❌ Stochastic cross: K=6.77 D=2.26;❌ rad EMA: bedun rad;❌ test-e moqavemat: bedun test;✅ poolback: poolback tashkhis dadeh shod;✅ Double Top/Bottom: ologhu=DoubleTop;✅ filter-e ranj: faseleh EMA=0.0196 [>0.005];✅ filter-e ranj-e tarkibi: diff=0.0196, ADX=62.26, mode=AND -> OK"
LTC-USDT,LONG,S3,الماس فیلسوف (Diamond Mind),50.85000000,49.75915000,52.15902000,2026-08-21 17:37:16,OPEN,,,,,10.00,,"❌ ghoodat-e kandel 15m: BS15=0.261 [>= 0.6];❌ ghoodat-e kandel 5m: BS5=0.810 [khayli bala - ehtemal-e payan-e harakat];✅ rawand EMA 1h: EMA21=49.44, EMA50=48.07;✅ rawand EMA 4h: EMA21=47.24, EMA50=46.01, EMA200=45.44;✅ RSI 30m: RSI=63.76;❌ MACD 30m: MACD_hist=-0.0222;❌ vorud-e hoshmand poolback: ghimat=50.8500 EMA=50.0787 RSI=63.8 BS15=0.261;❌ ADX: ADX=62.26 [>22], DI+=111.11, DI-=477.78;✅ CCI obruz az 0: CCI=11.80;✅ SAR: SAR=50.1606, gimat=50.8500;❌ Stochastic cross: K=6.77 D=2.26;❌ rad EMA: bedun rad;❌ test-e moqavemat: bedun test;✅ poolback: poolback tashkhis dadeh shod;✅ Double Top/Bottom: ologhu=DoubleTop;✅ filter-e ranj: faseleh EMA=0.0196 [>0.005];✅ filter-e ranj-e tarkibi: diff=0.0196, ADX=62.26, mode=AND -> OK"
DOGE-USDT,LONG,S2,تیر نقره‌ای (Silver Arrow),0.08402000,0.08251598,0.08582482,2026-08-21 17:37:17,OPEN,,,,,10.00,,"❌ ghoodat-e kandel 15m: BS15=0.046 [>= 0.6];❌ ghoodat-e kandel 5m: BS5=0.966 [khayli bala - ehtemal-e payan-e harakat];✅ rawand EMA 1h: EMA21=0.08, EMA50=0.08;✅ rawand EMA 4h: EMA21=0.08, EMA50=0.07, EMA200=0.07;✅ RSI 30m: RSI=56.44;❌ MACD 30m: MACD_hist=-0.0002;❌ vorud-e hoshmand poolback: ghimat=0.0840 EMA=0.0834 RSI=56.4 BS15=0.046;✅ ADX: ADX=28.16 [>22], DI+=359.53, DI-=201.56;✅ CCI obruz az 0: CCI=27.92;✅ SAR: SAR=0.0827, gimat=0.0840;✅ Stochastic cross: K=44.94 D=14.98;❌ rad EMA: bedun rad;❌ test-e moqavemat: bedun test;❌ poolback: bedun poolback;✅ Double Top/Bottom: ologhu=DoubleTop;✅ filter-e ranj: faseleh EMA=0.0206 [>0.005];✅ filter-e ranj-e tarkibi: diff=0.0206, ADX=28.16, mode=AND -> OK"
DOGE-USDT,LONG,S3,الماس فیلسوف (Diamond Mind),0.08402000,0.08251598,0.08582482,2026-08-21 17:37:17,OPEN,,,,,10.00,,"❌ ghoodat-e kandel 15m: BS15=0.046 [>= 0.6];❌ ghoodat-e kandel 5m: BS5=0.966 [khayli bala - ehtemal-e payan-e harakat];✅ rawand EMA 1h: EMA21=0.08, EMA50=0.08;✅ rawand EMA 4h: EMA21=0.08, EMA50=0.07, EMA200=0.07;✅ RSI 30m: RSI=56.44;❌ MACD 30m: MACD_hist=-0.0002;❌ vorud-e hoshmand poolback: ghimat=0.0840 EMA=0.0834 RSI=56.4 BS15=0.046;✅ ADX: ADX=28.16 [>22], DI+=359.53, DI-=201.56;✅ CCI obruz az 0: CCI=27.92;✅ SAR: SAR=0.0827, gimat=0.0840;✅ Stochastic cross: K=44.94 D=14.98;❌ rad EMA: bedun rad;❌ test-e moqavemat: bedun test;❌ poolback: bedun poolback;✅ Double Top/Bottom: ologhu=DoubleTop;✅ filter-e ranj: faseleh EMA=0.0206 [>0.005];✅ filter-e ranj-e tarkibi: diff=0.0206, ADX=28.16, mode=AND -> OK"
NEAR-USDT,LONG,S2,تیر نقره‌ای (Silver Arrow),1.89420000,1.85040580,1.94675304,2026-08-21 17:37:18,OPEN,,,,,10.00,,"❌ ghoodat-e kandel 15m: BS15=0.008 [>= 0.6];❌ ghoodat-e kandel 5m: BS5=0.895 [khayli bala - ehtemal-e payan-e harakat];✅ rawand EMA 1h: EMA21=1.84, EMA50=1.78;❌ rawand EMA 4h: EMA21=1.75, EMA50=1.69, EMA200=1.74;✅ RSI 30m: RSI=60.66;❌ MACD 30m: MACD_hist=-0.0049;❌ vorud-e hoshmand poolback: ghimat=1.8942 EMA=1.8710 RSI=60.7 BS15=0.008;✅ ADX: ADX=56.96 [>22], DI+=525.24, DI-=144.03;✅ CCI obruz az 0: CCI=31.18;✅ SAR: SAR=1.8532, gimat=1.8942;✅ Stochastic cross: K=44.21 D=14.74;❌ rad EMA: bedun rad;❌ test-e moqavemat: bedun test;❌ poolback: bedun poolback;✅ Double Top/Bottom: ologhu=DoubleTop;✅ filter-e ranj: faseleh EMA=0.0250 [>0.005];✅ filter-e ranj-e tarkibi: diff=0.0250, ADX=56.96, mode=AND -> OK"
NEAR-USDT,LONG,S3,الماس فیلسوف (Diamond Mind),1.89420000,1.85040580,1.94675304,2026-08-21 17:37:21,OPEN,,,,,10.00,,"❌ ghoodat-e kandel 15m: BS15=0.008 [>= 0.6];❌ ghoodat-e kandel 5m: BS5=0.895 [khayli bala - ehtemal-e payan-e harakat];✅ rawand EMA 1h: EMA21=1.84, EMA50=1.78;❌ rawand EMA 4h: EMA21=1.75, EMA50=1.69, EMA200=1.74;✅ RSI 30m: RSI=60.66;❌ MACD 30m: MACD_hist=-0.0049;❌ vorud-e hoshmand poolback: ghimat=1.8942 EMA=1.8710 RSI=60.7 BS15=0.008;✅ ADX: ADX=56.96 [>22], DI+=525.24, DI-=144.03;✅ CCI obruz az 0: CCI=31.18;✅ SAR: SAR=1.8532, gimat=1.8942;✅ Stochastic cross: K=44.21 D=14.74;❌ rad EMA: bedun rad;❌ test-e moqavemat: bedun test;❌ poolback: bedun poolback;✅ Double Top/Bottom: ologhu=DoubleTop;✅ filter-e ranj: faseleh EMA=0.0250 [>0.005];✅ filter-e ranj-e tarkibi: diff=0.0250, ADX=56.96, mode=AND -> OK"
LINK-USDT,LONG,S2,تیر نقره‌ای (Silver Arrow),11.37380000,11.22042620,11.55784856,2026-08-21 17:37:22,OPEN,,,,,10.00,,"❌ ghoodat-e kandel 15m: BS15=0.440 [>= 0.6];❌ ghoodat-e kandel 5m: BS5=0.870 [khayli bala - ehtemal-e payan-e harakat];✅ rawand EMA 1h: EMA21=11.10, EMA50=10.72;✅ rawand EMA 4h: EMA21=10.47, EMA50=9.84, EMA200=8.89;✅ RSI 30m: RSI=57.93;❌ MACD 30m: MACD_hist=-0.0261;❌ vorud-e hoshmand poolback: ghimat=11.3738 EMA=11.2730 RSI=57.9 BS15=0.440;✅ ADX: ADX=78.15 [>22], DI+=414.50, DI-=50.84;✅ CCI obruz az 0: CCI=23.71;✅ SAR: SAR=11.2695, gimat=11.3738;✅ Stochastic cross: K=23.19 D=7.73;❌ rad EMA: bedun rad;❌ test-e moqavemat: bedun test;✅ poolback: poolback tashkhis dadeh shod;❌ Double Top/Bottom: bedun ologhu;✅ filter-e ranj: faseleh EMA=0.0221 [>0.005];✅ filter-e ranj-e tarkibi: diff=0.0221, ADX=78.15, mode=AND -> OK"
LINK-USDT,LONG,S3,الماس فیلسوف (Diamond Mind),11.37380000,11.22042620,11.55784856,2026-08-21 17:37:22,OPEN,,,,,10.00,,"❌ ghoodat-e kandel 15m: BS15=0.440 [>= 0.6];❌ ghoodat-e kandel 5m: BS5=0.870 [khayli bala - ehtemal-e payan-e harakat];✅ rawand EMA 1h: EMA21=11.10, EMA50=10.72;✅ rawand EMA 4h: EMA21=10.47, EMA50=9.84, EMA200=8.89;✅ RSI 30m: RSI=57.93;❌ MACD 30m: MACD_hist=-0.0261;❌ vorud-e hoshmand poolback: ghimat=11.3738 EMA=11.2730 RSI=57.9 BS15=0.440;✅ ADX: ADX=78.15 [>22], DI+=414.50, DI-=50.84;✅ CCI obruz az 0: CCI=23.71;✅ SAR: SAR=11.2695, gimat=11.3738;✅ Stochastic cross: K=23.19 D=7.73;❌ rad EMA: bedun rad;❌ test-e moqavemat: bedun test;✅ poolback: poolback tashkhis dadeh shod;❌ Double Top/Bottom: bedun ologhu;✅ filter-e ranj: faseleh EMA=0.0221 [>0.005];✅ filter-e ranj-e tarkibi: diff=0.0221, ADX=78.15, mode=AND -> OK"
AVAX-USDT,LONG,S1,شیر طلایی (Golden Lion),7.56700000,7.42643300,7.73568040,2026-08-21 17:37:23,OPEN,,,,,10.00,,"❌ ghoodat-e kandel 15m: BS15=0.153 [>= 0.6];❌ ghoodat-e kandel 5m: BS5=0.842 [khayli bala - ehtemal-e payan-e harakat];✅ rawand EMA 1h: EMA21=7.38, EMA50=7.10;✅ rawand EMA 4h: EMA21=6.94, EMA50=6.68, EMA200=6.55;✅ RSI 30m: RSI=59.62;❌ MACD 30m: MACD_hist=-0.0106;❌ vorud-e hoshmand poolback: ghimat=7.5670 EMA=7.4875 RSI=59.6 BS15=0.153;✅ ADX: ADX=23.96 [>22], DI+=423.92, DI-=260.05;✅ CCI obruz az 0: CCI=55.41;✅ SAR: SAR=7.4720, gimat=7.5670;✅ Stochastic cross: K=60.37 D=20.12;❌ rad EMA: bedun rad;❌ test-e moqavemat: bedun test;✅ poolback: poolback tashkhis dadeh shod;✅ Double Top/Bottom: ologhu=DoubleBottom;✅ filter-e ranj: faseleh EMA=0.0225 [>0.005];✅ filter-e ranj-e tarkibi: diff=0.0225, ADX=23.96, mode=AND -> OK"
AVAX-USDT,LONG,S3,الماس فیلسوف (Diamond Mind),7.56700000,7.42643300,7.73568040,2026-08-21 17:37:23,OPEN,,,,,10.00,,"❌ ghoodat-e kandel 15m: BS15=0.153 [>= 0.6];❌ ghoodat-e kandel 5m: BS5=0.842 [khayli bala - ehtemal-e payan-e harakat];✅ rawand EMA 1h: EMA21=7.38, EMA50=7.10;✅ rawand EMA 4h: EMA21=6.94, EMA50=6.68, EMA200=6.55;✅ RSI 30m: RSI=59.62;❌ MACD 30m: MACD_hist=-0.0106;❌ vorud-e hoshmand poolback: ghimat=7.5670 EMA=7.4875 RSI=59.6 BS15=0.153;✅ ADX: ADX=23.96 [>22], DI+=423.92, DI-=260.05;✅ CCI obruz az 0: CCI=55.41;✅ SAR: SAR=7.4720, gimat=7.5670;✅ Stochastic cross: K=60.37 D=20.12;❌ rad EMA: bedun rad;❌ test-e moqavemat: bedun test;✅ poolback: poolback tashkhis dadeh shod;✅ Double Top/Bottom: ologhu=DoubleBottom;✅ filter-e ranj: faseleh EMA=0.0225 [>0.005];✅ filter-e ranj-e tarkibi: diff=0.0225, ADX=23.96, mode=AND -> OK"
BTC-USDT,LONG,S2,تیر نقره‌ای (Silver Arrow),77251.80000000,76171.84820000,78547.74216000,2026-08-21 19:31:35,OPEN,,,,,10.00,,"❌ ghoodat-e kandel 15m: BS15=0.396 [>= 0.6];❌ ghoodat-e kandel 5m: BS5=0.396 [>= 0.6];✅ rawand EMA 1h: EMA21=75785.38, EMA50=72953.72;✅ rawand EMA 4h: EMA21=71279.16, EMA50=67873.32, EMA200=65157.67;✅ RSI 30m: RSI=58.48;❌ MACD 30m: MACD_hist=-161.6847;❌ vorud-e hoshmand poolback: ghimat=77251.8000 EMA=76824.7192 RSI=58.5 BS15=0.396;❌ ADX: ADX=18.77 [>22], DI+=250.57, DI-=366.38;✅ CCI obruz az 0: CCI=3.70;✅ SAR: SAR=77177.5400, gimat=77251.8000;✅ Stochastic cross: K=47.60 D=15.87;❌ rad EMA: bedun rad;❌ test-e moqavemat: bedun test;✅ poolback: poolback tashkhis dadeh shod;✅ Double Top/Bottom: ologhu=DoubleTop;✅ filter-e ranj: faseleh EMA=0.0209 [>0.005];✅ filter-e ranj-e tarkibi: diff=0.0209, ADX=18.77, mode=AND -> OK"
BTC-USDT,LONG,S3,الماس فیلسوف (Diamond Mind),77251.80000000,76171.84820000,78547.74216000,2026-08-21 19:31:35,OPEN,,,,,10.00,,"❌ ghoodat-e kandel 15m: BS15=0.396 [>= 0.6];❌ ghoodat-e kandel 5m: BS5=0.396 [>= 0.6];✅ rawand EMA 1h: EMA21=75785.38, EMA50=72953.72;✅ rawand EMA 4h: EMA21=71279.16, EMA50=67873.32, EMA200=65157.67;✅ RSI 30m: RSI=58.48;❌ MACD 30m: MACD_hist=-161.6847;❌ vorud-e hoshmand poolback: ghimat=77251.8000 EMA=76824.7192 RSI=58.5 BS15=0.396;❌ ADX: ADX=18.77 [>22], DI+=250.57, DI-=366.38;✅ CCI obruz az 0: CCI=3.70;✅ SAR: SAR=77177.5400, gimat=77251.8000;✅ Stochastic cross: K=47.60 D=15.87;❌ rad EMA: bedun rad;❌ test-e moqavemat: bedun test;✅ poolback: poolback tashkhis dadeh shod;✅ Double Top/Bottom: ologhu=DoubleTop;✅ filter-e ranj: faseleh EMA=0.0209 [>0.005];✅ filter-e ranj-e tarkibi: diff=0.0209, ADX=18.77, mode=AND -> OK"
ETH-USDT,LONG,S2,تیر نقره‌ای (Silver Arrow),2395.10000000,2353.80490000,2444.65412000,2026-08-21 19:31:36,OPEN,,,,,10.00,,"❌ ghoodat-e kandel 15m: BS15=0.452 [>= 0.6];❌ ghoodat-e kandel 5m: BS5=0.452 [>= 0.6];✅ rawand EMA 1h: EMA21=2364.54, EMA50=2279.23;✅ rawand EMA 4h: EMA21=2212.31, EMA50=2072.40, EMA200=1933.51;✅ RSI 30m: RSI=57.23;❌ MACD 30m: MACD_hist=-1.8655;❌ vorud-e hoshmand poolback: ghimat=2395.1000 EMA=2383.8833 RSI=57.2 BS15=0.452;❌ ADX: ADX=23.17 [>22], DI+=184.10, DI-=295.15;✅ CCI obruz az 0: CCI=33.11;✅ SAR: SAR=2392.2628, gimat=2395.1000;✅ Stochastic cross: K=64.73 D=21.58;❌ rad EMA: bedun rad;❌ test-e moqavemat: bedun test;✅ poolback: poolback tashkhis dadeh shod;✅ Double Top/Bottom: ologhu=DoubleTop;✅ filter-e ranj: faseleh EMA=0.0139 [>0.005];✅ filter-e ranj-e tarkibi: diff=0.0139, ADX=23.17, mode=AND -> OK"
ETH-USDT,LONG,S3,الماس فیلسوف (Diamond Mind),2395.10000000,2353.80490000,2444.65412000,2026-08-21 19:31:36,OPEN,,,,,10.00,,"❌ ghoodat-e kandel 15m: BS15=0.452 [>= 0.6];❌ ghoodat-e kandel 5m: BS5=0.452 [>= 0.6];✅ rawand EMA 1h: EMA21=2364.54, EMA50=2279.23;✅ rawand EMA 4h: EMA21=2212.31, EMA50=2072.40, EMA200=1933.51;✅ RSI 30m: RSI=57.23;❌ MACD 30m: MACD_hist=-1.8655;❌ vorud-e hoshmand poolback: ghimat=2395.1000 EMA=2383.8833 RSI=57.2 BS15=0.452;❌ ADX: ADX=23.17 [>22], DI+=184.10, DI-=295.15;✅ CCI obruz az 0: CCI=33.11;✅ SAR: SAR=2392.2628, gimat=2395.1000;✅ Stochastic cross: K=64.73 D=21.58;❌ rad EMA: bedun rad;❌ test-e moqavemat: bedun test;✅ poolback: poolback tashkhis dadeh shod;✅ Double Top/Bottom: ologhu=DoubleTop;✅ filter-e ranj: faseleh EMA=0.0139 [>0.005];✅ filter-e ranj-e tarkibi: diff=0.0139, ADX=23.17, mode=AND -> OK"
BNB-USDT,LONG,S2,تیر نقره‌ای (Silver Arrow),679.29400000,670.42070600,689.94195280,2026-08-21 19:31:36,OPEN,,,,,10.00,,"❌ ghoodat-e kandel 15m: BS15=0.269 [>= 0.6];❌ ghoodat-e kandel 5m: BS5=0.269 [>= 0.6];✅ rawand EMA 1h: EMA21=668.50, EMA50=651.53;✅ rawand EMA 4h: EMA21=643.00, EMA50=625.09, EMA200=598.26;✅ RSI 30m: RSI=61.87;❌ MACD 30m: MACD_hist=-0.6508;❌ vorud-e hoshmand poolback: ghimat=679.2940 EMA=674.8956 RSI=61.9 BS15=0.269;❌ ADX: ADX=4.73 [>22], DI+=216.18, DI-=237.63;✅ CCI obruz az 0: CCI=70.40;✅ SAR: SAR=678.6504, gimat=679.2940;❌ Stochastic cross: K=75.39 D=25.13;❌ rad EMA: bedun rad;❌ test-e moqavemat: bedun test;✅ poolback: poolback tashkhis dadeh shod;✅ Double Top/Bottom: ologhu=DoubleTop;✅ filter-e ranj: faseleh EMA=0.0150 [>0.005];✅ filter-e ranj-e tarkibi: diff=0.0150, ADX=4.73, mode=AND -> OK"
BNB-USDT,LONG,S3,الماس فیلسوف (Diamond Mind),679.29400000,670.42070600,689.94195280,2026-08-21 19:31:37,OPEN,,,,,10.00,,"❌ ghoodat-e kandel 15m: BS15=0.269 [>= 0.6];❌ ghoodat-e kandel 5m: BS5=0.269 [>= 0.6];✅ rawand EMA 1h: EMA21=668.50, EMA50=651.53;✅ rawand EMA 4h: EMA21=643.00, EMA50=625.09, EMA200=598.26;✅ RSI 30m: RSI=61.87;❌ MACD 30m: MACD_hist=-0.6508;❌ vorud-e hoshmand poolback: ghimat=679.2940 EMA=674.8956 RSI=61.9 BS15=0.269;❌ ADX: ADX=4.73 [>22], DI+=216.18, DI-=237.63;✅ CCI obruz az 0: CCI=70.40;✅ SAR: SAR=678.6504, gimat=679.2940;❌ Stochastic cross: K=75.39 D=25.13;❌ rad EMA: bedun rad;❌ test-e moqavemat: bedun test;✅ poolback: poolback tashkhis dadeh shod;✅ Double Top/Bottom: ologhu=DoubleTop;✅ filter-e ranj: faseleh EMA=0.0150 [>0.005];✅ filter-e ranj-e tarkibi: diff=0.0150, ADX=4.73, mode=AND -> OK"
SOL-USDT,LONG,S1,شیر طلایی (Golden Lion),91.46000000,89.69854000,93.57375200,2026-08-21 19:31:40,OPEN,,,,,10.00,,"✅ ghoodat-e kandel 15m: BS15=0.733 [>= 0.6];✅ ghoodat-e kandel 5m: BS5=0.733 [>= 0.6];✅ rawand EMA 1h: EMA21=90.05, EMA50=87.21;✅ rawand EMA 4h: EMA21=85.20, EMA50=81.00, EMA200=77.25;✅ RSI 30m: RSI=58.20;❌ MACD 30m: MACD_hist=-0.0738;❌ vorud-e hoshmand poolback: ghimat=91.4600 EMA=90.8601 RSI=58.2 BS15=0.733;❌ ADX: ADX=34.29 [>22], DI+=195.15, DI-=398.79;✅ CCI obruz az 0: CCI=47.80;✅ SAR: SAR=91.2422, gimat=91.4600;❌ Stochastic cross: K=70.17 D=23.39;❌ rad EMA: bedun rad;❌ test-e moqavemat: bedun test;✅ poolback: poolback tashkhis dadeh shod;✅ Double Top/Bottom: ologhu=DoubleBottom;✅ filter-e ranj: faseleh EMA=0.0153 [>0.005];✅ filter-e ranj-e tarkibi: diff=0.0153, ADX=34.29, mode=AND -> OK"
SOL-USDT,LONG,S2,تیر نقره‌ای (Silver Arrow),91.46000000,89.69854000,93.57375200,2026-08-21 19:31:41,OPEN,,,,,10.00,,"✅ ghoodat-e kandel 15m: BS15=0.733 [>= 0.6];✅ ghoodat-e kandel 5m: BS5=0.733 [>= 0.6];✅ rawand EMA 1h: EMA21=90.05, EMA50=87.21;✅ rawand EMA 4h: EMA21=85.20, EMA50=81.00, EMA200=77.25;✅ RSI 30m: RSI=58.20;❌ MACD 30m: MACD_hist=-0.0738;❌ vorud-e hoshmand poolback: ghimat=91.4600 EMA=90.8601 RSI=58.2 BS15=0.733;❌ ADX: ADX=34.29 [>22], DI+=195.15, DI-=398.79;✅ CCI obruz az 0: CCI=47.80;✅ SAR: SAR=91.2422, gimat=91.4600;❌ Stochastic cross: K=70.17 D=23.39;❌ rad EMA: bedun rad;❌ test-e moqavemat: bedun test;✅ poolback: poolback tashkhis dadeh shod;✅ Double Top/Bottom: ologhu=DoubleBottom;✅ filter-e ranj: faseleh EMA=0.0153 [>0.005];✅ filter-e ranj-e tarkibi: diff=0.0153, ADX=34.29, mode=AND -> OK"
SOL-USDT,LONG,S3,الماس فیلسوف (Diamond Mind),91.46000000,89.69854000,93.57375200,2026-08-21 19:31:41,OPEN,,,,,10.00,,"✅ ghoodat-e kandel 15m: BS15=0.733 [>= 0.6];✅ ghoodat-e kandel 5m: BS5=0.733 [>= 0.6];✅ rawand EMA 1h: EMA21=90.05, EMA50=87.21;✅ rawand EMA 4h: EMA21=85.20, EMA50=81.00, EMA200=77.25;✅ RSI 30m: RSI=58.20;❌ MACD 30m: MACD_hist=-0.0738;❌ vorud-e hoshmand poolback: ghimat=91.4600 EMA=90.8601 RSI=58.2 BS15=0.733;❌ ADX: ADX=34.29 [>22], DI+=195.15, DI-=398.79;✅ CCI obruz az 0: CCI=47.80;✅ SAR: SAR=91.2422, gimat=91.4600;❌ Stochastic cross: K=70.17 D=23.39;❌ rad EMA: bedun rad;❌ test-e moqavemat: bedun test;✅ poolback: poolback tashkhis dadeh shod;✅ Double Top/Bottom: ologhu=DoubleBottom;✅ filter-e ranj: faseleh EMA=0.0153 [>0.005];✅ filter-e ranj-e tarkibi: diff=0.0153, ADX=34.29, mode=AND -> OK"
XRP-USDT,LONG,S2,تیر نقره‌ای (Silver Arrow),1.40311000,1.34579689,1.47188573,2026-08-21 19:31:42,OPEN,,,,,10.00,,"❌ ghoodat-e kandel 15m: BS15=0.262 [>= 0.6];❌ ghoodat-e kandel 5m: BS5=0.262 [>= 0.6];✅ rawand EMA 1h: EMA21=1.34, EMA50=1.25;✅ rawand EMA 4h: EMA21=1.20, EMA50=1.11, EMA200=1.08;✅ RSI 30m: RSI=62.06;❌ MACD 30m: MACD_hist=-0.0016;❌ vorud-e hoshmand poolback: ghimat=1.4031 EMA=1.3731 RSI=62.1 BS15=0.262;❌ ADX: ADX=37.89 [>22], DI+=181.73, DI-=403.42;✅ CCI obruz az 0: CCI=75.24;✅ SAR: SAR=1.3979, gimat=1.4031;✅ Stochastic cross: K=67.56 D=22.52;❌ rad EMA: bedun rad;❌ test-e moqavemat: bedun test;✅ poolback: poolback tashkhis dadeh shod;❌ Double Top/Bottom: bedun ologhu;✅ filter-e ranj: faseleh EMA=0.0400 [>0.005];✅ filter-e ranj-e tarkibi: diff=0.0400, ADX=37.89, mode=AND -> OK"
XRP-USDT,LONG,S3,الماس فیلسوف (Diamond Mind),1.40311000,1.34579689,1.47188573,2026-08-21 19:31:42,OPEN,,,,,10.00,,"❌ ghoodat-e kandel 15m: BS15=0.262 [>= 0.6];❌ ghoodat-e kandel 5m: BS5=0.262 [>= 0.6];✅ rawand EMA 1h: EMA21=1.34, EMA50=1.25;✅ rawand EMA 4h: EMA21=1.20, EMA50=1.11, EMA200=1.08;✅ RSI 30m: RSI=62.06;❌ MACD 30m: MACD_hist=-0.0016;❌ vorud-e hoshmand poolback: ghimat=1.4031 EMA=1.3731 RSI=62.1 BS15=0.262;❌ ADX: ADX=37.89 [>22], DI+=181.73, DI-=403.42;✅ CCI obruz az 0: CCI=75.24;✅ SAR: SAR=1.3979, gimat=1.4031;✅ Stochastic cross: K=67.56 D=22.52;❌ rad EMA: bedun rad;❌ test-e moqavemat: bedun test;✅ poolback: poolback tashkhis dadeh shod;❌ Double Top/Bottom: bedun ologhu;✅ filter-e ranj: faseleh EMA=0.0400 [>0.005];✅ filter-e ranj-e tarkibi: diff=0.0400, ADX=37.89, mode=AND -> OK"
LTC-USDT,LONG,S2,تیر نقره‌ای (Silver Arrow),51.87000000,49.75813000,54.40424400,2026-08-21 19:31:46,OPEN,,,,,10.00,,"❌ ghoodat-e kandel 15m: BS15=0.000 [>= 0.6];❌ ghoodat-e kandel 5m: BS5=0.000 [>= 0.6];✅ rawand EMA 1h: EMA21=49.90, EMA50=48.38;✅ rawand EMA 4h: EMA21=47.74, EMA50=46.27, EMA200=45.51;❌ RSI 30m: RSI=72.49;✅ MACD 30m: MACD_hist=0.0594;❌ vorud-e hoshmand poolback: ghimat=51.8700 EMA=50.6178 RSI=72.5 BS15=0.000;❌ ADX: ADX=37.08 [>22], DI+=175.00, DI-=381.25;✅ CCI obruz az 0: CCI=43.77;✅ SAR: SAR=51.5564, gimat=51.8700;✅ Stochastic cross: K=35.27 D=11.76;❌ rad EMA: bedun rad;❌ test-e moqavemat: bedun test;❌ poolback: bedun poolback;✅ Double Top/Bottom: ologhu=DoubleTop;✅ filter-e ranj: faseleh EMA=0.0219 [>0.005];✅ filter-e ranj-e tarkibi: diff=0.0219, ADX=37.08, mode=AND -> OK"
LTC-USDT,LONG,S3,الماس فیلسوف (Diamond Mind),51.87000000,49.75813000,54.40424400,2026-08-21 19:31:46,OPEN,,,,,10.00,,"❌ ghoodat-e kandel 15m: BS15=0.000 [>= 0.6];❌ ghoodat-e kandel 5m: BS5=0.000 [>= 0.6];✅ rawand EMA 1h: EMA21=49.90, EMA50=48.38;✅ rawand EMA 4h: EMA21=47.74, EMA50=46.27, EMA200=45.51;❌ RSI 30m: RSI=72.49;✅ MACD 30m: MACD_hist=0.0594;❌ vorud-e hoshmand poolback: ghimat=51.8700 EMA=50.6178 RSI=72.5 BS15=0.000;❌ ADX: ADX=37.08 [>22], DI+=175.00, DI-=381.25;✅ CCI obruz az 0: CCI=43.77;✅ SAR: SAR=51.5564, gimat=51.8700;✅ Stochastic cross: K=35.27 D=11.76;❌ rad EMA: bedun rad;❌ test-e moqavemat: bedun test;❌ poolback: bedun poolback;✅ Double Top/Bottom: ologhu=DoubleTop;✅ filter-e ranj: faseleh EMA=0.0219 [>0.005];✅ filter-e ranj-e tarkibi: diff=0.0219, ADX=37.08, mode=AND -> OK"
DOGE-USDT,LONG,S1,شیر طلایی (Golden Lion),0.08398000,0.08251602,0.08573678,2026-08-21 19:31:46,OPEN,,,,,10.00,,"❌ ghoodat-e kandel 15m: BS15=0.433 [>= 0.6];❌ ghoodat-e kandel 5m: BS5=0.433 [>= 0.6];✅ rawand EMA 1h: EMA21=0.08, EMA50=0.08;✅ rawand EMA 4h: EMA21=0.08, EMA50=0.07, EMA200=0.07;✅ RSI 30m: RSI=54.87;❌ MACD 30m: MACD_hist=-0.0001;❌ vorud-e hoshmand poolback: ghimat=0.0840 EMA=0.0836 RSI=54.9 BS15=0.433;✅ ADX: ADX=24.49 [>22], DI+=348.57, DI-=211.43;✅ CCI obruz az 0: CCI=15.55;✅ SAR: SAR=0.0836, gimat=0.0840;✅ Stochastic cross: K=63.59 D=21.20;❌ rad EMA: bedun rad;❌ test-e moqavemat: bedun test;✅ poolback: poolback tashkhis dadeh shod;✅ Double Top/Bottom: ologhu=DoubleTop;✅ filter-e ranj: faseleh EMA=0.0189 [>0.005];✅ filter-e ranj-e tarkibi: diff=0.0189, ADX=24.49, mode=AND -> OK"
DOGE-USDT,LONG,S2,تیر نقره‌ای (Silver Arrow),0.08398000,0.08251602,0.08573678,2026-08-21 19:31:47,OPEN,,,,,10.00,,"❌ ghoodat-e kandel 15m: BS15=0.433 [>= 0.6];❌ ghoodat-e kandel 5m: BS5=0.433 [>= 0.6];✅ rawand EMA 1h: EMA21=0.08, EMA50=0.08;✅ rawand EMA 4h: EMA21=0.08, EMA50=0.07, EMA200=0.07;✅ RSI 30m: RSI=54.87;❌ MACD 30m: MACD_hist=-0.0001;❌ vorud-e hoshmand poolback: ghimat=0.0840 EMA=0.0836 RSI=54.9 BS15=0.433;✅ ADX: ADX=24.49 [>22], DI+=348.57, DI-=211.43;✅ CCI obruz az 0: CCI=15.55;✅ SAR: SAR=0.0836, gimat=0.0840;✅ Stochastic cross: K=63.59 D=21.20;❌ rad EMA: bedun rad;❌ test-e moqavemat: bedun test;✅ poolback: poolback tashkhis dadeh shod;✅ Double Top/Bottom: ologhu=DoubleTop;✅ filter-e ranj: faseleh EMA=0.0189 [>0.005];✅ filter-e ranj-e tarkibi: diff=0.0189, ADX=24.49, mode=AND -> OK"
DOGE-USDT,LONG,S3,الماس فیلسوف (Diamond Mind),0.08398000,0.08251602,0.08573678,2026-08-21 19:31:47,OPEN,,,,,10.00,,"❌ ghoodat-e kandel 15m: BS15=0.433 [>= 0.6];❌ ghoodat-e kandel 5m: BS5=0.433 [>= 0.6];✅ rawand EMA 1h: EMA21=0.08, EMA50=0.08;✅ rawand EMA 4h: EMA21=0.08, EMA50=0.07, EMA200=0.07;✅ RSI 30m: RSI=54.87;❌ MACD 30m: MACD_hist=-0.0001;❌ vorud-e hoshmand poolback: ghimat=0.0840 EMA=0.0836 RSI=54.9 BS15=0.433;✅ ADX: ADX=24.49 [>22], DI+=348.57, DI-=211.43;✅ CCI obruz az 0: CCI=15.55;✅ SAR: SAR=0.0836, gimat=0.0840;✅ Stochastic cross: K=63.59 D=21.20;❌ rad EMA: bedun rad;❌ test-e moqavemat: bedun test;✅ poolback: poolback tashkhis dadeh shod;✅ Double Top/Bottom: ologhu=DoubleTop;✅ filter-e ranj: faseleh EMA=0.0189 [>0.005];✅ filter-e ranj-e tarkibi: diff=0.0189, ADX=24.49, mode=AND -> OK"
NEAR-USDT,LONG,S2,تیر نقره‌ای (Silver Arrow),1.90560000,1.85039440,1.97184672,2026-08-21 19:31:52,OPEN,,,,,10.00,,"❌ ghoodat-e kandel 15m: BS15=0.984 [khayli bala - ehtemal-e payan-e harakat];❌ ghoodat-e kandel 5m: BS5=0.984 [khayli bala - ehtemal-e payan-e harakat];✅ rawand EMA 1h: EMA21=1.85, EMA50=1.79;❌ rawand EMA 4h: EMA21=1.76, EMA50=1.70, EMA200=1.74;✅ RSI 30m: RSI=61.10;❌ MACD 30m: MACD_hist=-0.0037;❌ vorud-e hoshmand poolback: ghimat=1.9056 EMA=1.8826 RSI=61.1 BS15=0.984;✅ ADX: ADX=63.50 [>22], DI+=600.00, DI-=133.95;✅ CCI obruz az 0: CCI=41.56;✅ SAR: SAR=1.8963, gimat=1.9056;✅ Stochastic cross: K=68.33 D=22.78;❌ rad EMA: bedun rad;❌ test-e moqavemat: bedun test;✅ poolback: poolback tashkhis dadeh shod;✅ Double Top/Bottom: ologhu=DoubleBottom;✅ filter-e ranj: faseleh EMA=0.0244 [>0.005];✅ filter-e ranj-e tarkibi: diff=0.0244, ADX=63.50, mode=AND -> OK"
NEAR-USDT,LONG,S3,الماس فیلسوف (Diamond Mind),1.90560000,1.85039440,1.97184672,2026-08-21 19:31:52,OPEN,,,,,10.00,,"❌ ghoodat-e kandel 15m: BS15=0.984 [khayli bala - ehtemal-e payan-e harakat];❌ ghoodat-e kandel 5m: BS5=0.984 [khayli bala - ehtemal-e payan-e harakat];✅ rawand EMA 1h: EMA21=1.85, EMA50=1.79;❌ rawand EMA 4h: EMA21=1.76, EMA50=1.70, EMA200=1.74;✅ RSI 30m: RSI=61.10;❌ MACD 30m: MACD_hist=-0.0037;❌ vorud-e hoshmand poolback: ghimat=1.9056 EMA=1.8826 RSI=61.1 BS15=0.984;✅ ADX: ADX=63.50 [>22], DI+=600.00, DI-=133.95;✅ CCI obruz az 0: CCI=41.56;✅ SAR: SAR=1.8963, gimat=1.9056;✅ Stochastic cross: K=68.33 D=22.78;❌ rad EMA: bedun rad;❌ test-e moqavemat: bedun test;✅ poolback: poolback tashkhis dadeh shod;✅ Double Top/Bottom: ologhu=DoubleBottom;✅ filter-e ranj: faseleh EMA=0.0244 [>0.005];✅ filter-e ranj-e tarkibi: diff=0.0244, ADX=63.50, mode=AND -> OK"
NEAR-USDT,LONG,B1,موج تند (Fast Wave),1.90560000,1.85039440,1.96080560,2026-08-21 19:31:52,OPEN,,,,,10.00,,"❌ ghoodat-e kandel 15m: BS15=0.984 [khayli bala - ehtemal-e payan-e harakat];❌ ghoodat-e kandel 5m: BS5=0.984 [khayli bala - ehtemal-e payan-e harakat];✅ rawand EMA 1h: EMA21=1.85, EMA50=1.79;❌ rawand EMA 4h: EMA21=1.76, EMA50=1.70, EMA200=1.74;✅ RSI 30m: RSI=61.10;❌ MACD 30m: MACD_hist=-0.0037;❌ vorud-e hoshmand poolback: ghimat=1.9056 EMA=1.8826 RSI=61.1 BS15=0.984;✅ ADX: ADX=63.50 [>22], DI+=600.00, DI-=133.95;✅ CCI obruz az 0: CCI=41.56;✅ SAR: SAR=1.8963, gimat=1.9056;✅ Stochastic cross: K=68.33 D=22.78;❌ rad EMA: bedun rad;❌ test-e moqavemat: bedun test;✅ poolback: poolback tashkhis dadeh shod;✅ Double Top/Bottom: ologhu=DoubleBottom;✅ filter-e ranj: faseleh EMA=0.0244 [>0.005];✅ filter-e ranj-e tarkibi: diff=0.0244, ADX=63.50, mode=OR -> OK"
NEAR-USDT,LONG,B2,سپر فولادی (Steel Shield),1.90560000,1.85039440,1.96080560,2026-08-21 19:31:53,OPEN,,,,,10.00,,"❌ ghoodat-e kandel 15m: BS15=0.984 [khayli bala - ehtemal-e payan-e harakat];❌ ghoodat-e kandel 5m: BS5=0.984 [khayli bala - ehtemal-e payan-e harakat];✅ rawand EMA 1h: EMA21=1.85, EMA50=1.79;❌ rawand EMA 4h: EMA21=1.76, EMA50=1.70, EMA200=1.74;✅ RSI 30m: RSI=61.10;❌ MACD 30m: MACD_hist=-0.0037;❌ vorud-e hoshmand poolback: ghimat=1.9056 EMA=1.8826 RSI=61.1 BS15=0.984;✅ ADX: ADX=63.50 [>22], DI+=600.00, DI-=133.95;✅ CCI obruz az 0: CCI=41.56;✅ SAR: SAR=1.8963, gimat=1.9056;✅ Stochastic cross: K=68.33 D=22.78;❌ rad EMA: bedun rad;❌ test-e moqavemat: bedun test;✅ poolback: poolback tashkhis dadeh shod;✅ Double Top/Bottom: ologhu=DoubleBottom;✅ filter-e ranj: faseleh EMA=0.0244 [>0.005];✅ filter-e ranj-e tarkibi: diff=0.0244, ADX=63.50, mode=OR -> OK"
LINK-USDT,LONG,S2,تیر نقره‌ای (Silver Arrow),11.54410000,11.22025590,11.93271292,2026-08-21 19:31:53,OPEN,,,,,10.00,,"✅ ghoodat-e kandel 15m: BS15=0.727 [>= 0.6];✅ ghoodat-e kandel 5m: BS5=0.727 [>= 0.6];✅ rawand EMA 1h: EMA21=11.19, EMA50=10.78;✅ rawand EMA 4h: EMA21=10.58, EMA50=9.91, EMA200=8.92;❌ RSI 30m: RSI=65.04;❌ MACD 30m: MACD_hist=-0.0085;❌ vorud-e hoshmand poolback: ghimat=11.5441 EMA=11.3560 RSI=65.0 BS15=0.727;✅ ADX: ADX=76.99 [>22], DI+=429.92, DI-=55.90;✅ CCI obruz az 0: CCI=71.37;✅ SAR: SAR=11.4775, gimat=11.5441;❌ Stochastic cross: K=80.14 [eshba-e kharid];❌ rad EMA: bedun rad;❌ test-e moqavemat: bedun test;❌ poolback: bedun poolback;✅ Double Top/Bottom: ologhu=DoubleTop;✅ filter-e ranj: faseleh EMA=0.0224 [>0.005];✅ filter-e ranj-e tarkibi: diff=0.0224, ADX=76.99, mode=AND -> OK"
LINK-USDT,LONG,S3,الماس فیلسوف (Diamond Mind),11.54410000,11.22025590,11.93271292,2026-08-21 19:31:53,OPEN,,,,,10.00,,"✅ ghoodat-e kandel 15m: BS15=0.727 [>= 0.6];✅ ghoodat-e kandel 5m: BS5=0.727 [>= 0.6];✅ rawand EMA 1h: EMA21=11.19, EMA50=10.78;✅ rawand EMA 4h: EMA21=10.58, EMA50=9.91, EMA200=8.92;❌ RSI 30m: RSI=65.04;❌ MACD 30m: MACD_hist=-0.0085;❌ vorud-e hoshmand poolback: ghimat=11.5441 EMA=11.3560 RSI=65.0 BS15=0.727;✅ ADX: ADX=76.99 [>22], DI+=429.92, DI-=55.90;✅ CCI obruz az 0: CCI=71.37;✅ SAR: SAR=11.4775, gimat=11.5441;❌ Stochastic cross: K=80.14 [eshba-e kharid];❌ rad EMA: bedun rad;❌ test-e moqavemat: bedun test;❌ poolback: bedun poolback;✅ Double Top/Bottom: ologhu=DoubleTop;✅ filter-e ranj: faseleh EMA=0.0224 [>0.005];✅ filter-e ranj-e tarkibi: diff=0.0224, ADX=76.99, mode=AND -> OK"
AVAX-USDT,LONG,S3,الماس فیلسوف (Diamond Mind),7.63200000,7.42636800,7.87875840,2026-08-21 19:31:54,OPEN,,,,,10.00,,"✅ ghoodat-e kandel 15m: BS15=0.750 [>= 0.6];✅ ghoodat-e kandel 5m: BS5=0.750 [>= 0.6];✅ rawand EMA 1h: EMA21=7.43, EMA50=7.14;✅ rawand EMA 4h: EMA21=7.00, EMA50=6.72, EMA200=6.56;✅ RSI 30m: RSI=62.53;❌ MACD 30m: MACD_hist=-0.0059;❌ vorud-e hoshmand poolback: ghimat=7.6320 EMA=7.5298 RSI=62.5 BS15=0.750;✅ ADX: ADX=29.95 [>22], DI+=527.81, DI-=284.49;❌ CCI obruz az 0: CCI=102.44 [eshba-e kharid];✅ SAR: SAR=7.5419, gimat=7.6320;❌ Stochastic cross: K=82.16 [eshba-e kharid];❌ rad EMA: bedun rad;❌ test-e moqavemat: bedun test;❌ poolback: bedun poolback;✅ Double Top/Bottom: ologhu=DoubleTop;✅ filter-e ranj: faseleh EMA=0.0220 [>0.005];✅ filter-e ranj-e tarkibi: diff=0.0220, ADX=29.95, mode=AND -> OK"
FIL-USDT,LONG,S2,تیر نقره‌ای (Silver Arrow),0.78520000,0.76321480,0.81158224,2026-08-21 19:31:54,OPEN,,,,,10.00,,"❌ ghoodat-e kandel 15m: BS15=0.125 [>= 0.6];❌ ghoodat-e kandel 5m: BS5=0.125 [>= 0.6];✅ rawand EMA 1h: EMA21=0.76, EMA50=0.73;❌ rawand EMA 4h: EMA21=0.71, EMA50=0.69, EMA200=0.71;✅ RSI 30m: RSI=62.04;❌ MACD 30m: MACD_hist=-0.0005;❌ vorud-e hoshmand poolback: ghimat=0.7852 EMA=0.7740 RSI=62.0 BS15=0.125;✅ ADX: ADX=22.13 [>22], DI+=574.66, DI-=366.39;❌ CCI obruz az 0: CCI=100.60 [eshba-e kharid];✅ SAR: SAR=0.7808, gimat=0.7852;✅ Stochastic cross: K=67.30 D=22.43;❌ rad EMA: bedun rad;❌ test-e moqavemat: bedun test;✅ poolback: poolback tashkhis dadeh shod;✅ Double Top/Bottom: ologhu=DoubleBottom;✅ filter-e ranj: faseleh EMA=0.0260 [>0.005];✅ filter-e ranj-e tarkibi: diff=0.0260, ADX=22.13, mode=AND -> OK"
POL-USDT,LONG,B1,موج تند (Fast Wave),0.08960000,0.08731040,0.09188960,2026-08-21 19:31:55,OPEN,,,,,10.00,,"❌ ghoodat-e kandel 15m: BS15=1.000 [khayli bala - ehtemal-e payan-e harakat];❌ ghoodat-e kandel 5m: BS5=1.000 [khayli bala - ehtemal-e payan-e harakat];✅ rawand EMA 1h: EMA21=0.09, EMA50=0.08;✅ rawand EMA 4h: EMA21=0.08, EMA50=0.08, EMA200=0.08;✅ RSI 30m: RSI=60.15;❌ MACD 30m: MACD_hist=-0.0003;❌ vorud-e hoshmand poolback: ghimat=0.0896 EMA=0.0885 RSI=60.1 BS15=1.000;✅ ADX: ADX=100.00 [>22], DI+=612.50, DI-=0.00;✅ CCI obruz az 0: CCI=12.80;❌ SAR: SAR=0.0896, gimat=0.0896;✅ Stochastic cross: K=40.00 D=13.33;❌ rad EMA: bedun rad;❌ test-e moqavemat: bedun test;✅ poolback: poolback tashkhis dadeh shod;✅ Double Top/Bottom: ologhu=DoubleBottom;✅ filter-e ranj: faseleh EMA=0.0264 [>0.005];✅ filter-e ranj-e tarkibi: diff=0.0264, ADX=100.00, mode=OR -> OK"
BTC-USDT,LONG,S2,تیر نقره‌ای (Silver Arrow),77443.60000000,76171.65640000,78969.93232000,2026-08-21 21:28:00,OPEN,,,,,10.00,,"❌ ghoodat-e kandel 15m: BS15=0.329 [>= 0.6];✅ ghoodat-e kandel 5m: BS5=0.785 [>= 0.6];✅ rawand EMA 1h: EMA21=75954.66, EMA50=73138.24;✅ rawand EMA 4h: EMA21=71296.59, EMA50=67880.84, EMA200=65159.58;✅ RSI 30m: RSI=59.55;❌ MACD 30m: MACD_hist=-133.0080;❌ vorud-e hoshmand poolback: ghimat=77443.6000 EMA=76997.3929 RSI=59.6 BS15=0.329;❌ ADX: ADX=1.76 [>22], DI+=298.43, DI-=288.13;✅ CCI obruz az 0: CCI=7.30;✅ SAR: SAR=77191.5680, gimat=77443.6000;❌ Stochastic cross: K=74.57 D=24.86;❌ rad EMA: bedun rad;❌ test-e moqavemat: bedun test;✅ poolback: poolback tashkhis dadeh shod;✅ Double Top/Bottom: ologhu=DoubleTop;✅ filter-e ranj: faseleh EMA=0.0197 [>0.005];✅ filter-e ranj-e tarkibi: diff=0.0197, ADX=1.76, mode=AND -> OK"
BTC-USDT,LONG,S3,الماس فیلسوف (Diamond Mind),77443.60000000,76171.65640000,78969.93232000,2026-08-21 21:28:00,OPEN,,,,,10.00,,"❌ ghoodat-e kandel 15m: BS15=0.329 [>= 0.6];✅ ghoodat-e kandel 5m: BS5=0.785 [>= 0.6];✅ rawand EMA 1h: EMA21=75954.66, EMA50=73138.24;✅ rawand EMA 4h: EMA21=71296.59, EMA50=67880.84, EMA200=65159.58;✅ RSI 30m: RSI=59.55;❌ MACD 30m: MACD_hist=-133.0080;❌ vorud-e hoshmand poolback: ghimat=77443.6000 EMA=76997.3929 RSI=59.6 BS15=0.329;❌ ADX: ADX=1.76 [>22], DI+=298.43, DI-=288.13;✅ CCI obruz az 0: CCI=7.30;✅ SAR: SAR=77191.5680, gimat=77443.6000;❌ Stochastic cross: K=74.57 D=24.86;❌ rad EMA: bedun rad;❌ test-e moqavemat: bedun test;✅ poolback: poolback tashkhis dadeh shod;✅ Double Top/Bottom: ologhu=DoubleTop;✅ filter-e ranj: faseleh EMA=0.0197 [>0.005];✅ filter-e ranj-e tarkibi: diff=0.0197, ADX=1.76, mode=AND -> OK"
ETH-USDT,LONG,S2,تیر نقره‌ای (Silver Arrow),2425.97000000,2365.66403000,2498.33716400,2026-08-21 21:28:01,OPEN,,,,,10.00,,"❌ ghoodat-e kandel 15m: BS15=0.567 [>= 0.6];✅ ghoodat-e kandel 5m: BS5=0.793 [>= 0.6];✅ rawand EMA 1h: EMA21=2371.00, EMA50=2285.38;✅ rawand EMA 4h: EMA21=2215.11, EMA50=2073.61, EMA200=1933.82;❌ RSI 30m: RSI=66.67;✅ MACD 30m: MACD_hist=1.1079;❌ vorud-e hoshmand poolback: ghimat=2425.9700 EMA=2392.5102 RSI=66.7 BS15=0.567;✅ ADX: ADX=33.81 [>22], DI+=260.56, DI-=128.88;❌ CCI obruz az 0: CCI=160.53 [eshba-e kharid];✅ SAR: SAR=2402.4716, gimat=2425.9700;❌ Stochastic cross: K=97.80 [eshba-e kharid];❌ rad EMA: bedun rad;❌ test-e moqavemat: bedun test;❌ poolback: bedun poolback;✅ Double Top/Bottom: ologhu=DoubleBottom;✅ filter-e ranj: faseleh EMA=0.0141 [>0.005];✅ filter-e ranj-e tarkibi: diff=0.0141, ADX=33.81, mode=AND -> OK"
ETH-USDT,LONG,S3,الماس فیلسوف (Diamond Mind),2425.97000000,2365.66403000,2498.33716400,2026-08-21 21:28:01,OPEN,,,,,10.00,,"❌ ghoodat-e kandel 15m: BS15=0.567 [>= 0.6];✅ ghoodat-e kandel 5m: BS5=0.793 [>= 0.6];✅ rawand EMA 1h: EMA21=2371.00, EMA50=2285.38;✅ rawand EMA 4h: EMA21=2215.11, EMA50=2073.61, EMA200=1933.82;❌ RSI 30m: RSI=66.67;✅ MACD 30m: MACD_hist=1.1079;❌ vorud-e hoshmand poolback: ghimat=2425.9700 EMA=2392.5102 RSI=66.7 BS15=0.567;✅ ADX: ADX=33.81 [>22], DI+=260.56, DI-=128.88;❌ CCI obruz az 0: CCI=160.53 [eshba-e kharid];✅ SAR: SAR=2402.4716, gimat=2425.9700;❌ Stochastic cross: K=97.80 [eshba-e kharid];❌ rad EMA: bedun rad;❌ test-e moqavemat: bedun test;❌ poolback: bedun poolback;✅ Double Top/Bottom: ologhu=DoubleBottom;✅ filter-e ranj: faseleh EMA=0.0141 [>0.005];✅ filter-e ranj-e tarkibi: diff=0.0141, ADX=33.81, mode=AND -> OK"
BNB-USDT,LONG,S2,تیر نقره‌ای (Silver Arrow),679.46600000,673.18553400,687.00255920,2026-08-21 21:28:01,OPEN,,,,,10.00,,"❌ ghoodat-e kandel 15m: BS15=0.309 [>= 0.6];✅ ghoodat-e kandel 5m: BS5=0.726 [>= 0.6];✅ rawand EMA 1h: EMA21=669.51, EMA50=652.63;✅ rawand EMA 4h: EMA21=643.01, EMA50=625.10, EMA200=598.26;✅ RSI 30m: RSI=61.13;❌ MACD 30m: MACD_hist=-0.7557;❌ vorud-e hoshmand poolback: ghimat=679.4660 EMA=675.8987 RSI=61.1 BS15=0.309;❌ ADX: ADX=20.95 [>22], DI+=270.89, DI-=177.03;✅ CCI obruz az 0: CCI=62.80;✅ SAR: SAR=676.5036, gimat=679.4660;❌ Stochastic cross: K=76.97 D=25.66;❌ rad EMA: bedun rad;❌ test-e moqavemat: bedun test;✅ poolback: poolback tashkhis dadeh shod;✅ Double Top/Bottom: ologhu=DoubleTop;✅ filter-e ranj: faseleh EMA=0.0141 [>0.005];✅ filter-e ranj-e tarkibi: diff=0.0141, ADX=20.95, mode=AND -> OK"
BNB-USDT,LONG,S3,الماس فیلسوف (Diamond Mind),679.46600000,673.18553400,687.00255920,2026-08-21 21:28:02,OPEN,,,,,10.00,,"❌ ghoodat-e kandel 15m: BS15=0.309 [>= 0.6];✅ ghoodat-e kandel 5m: BS5=0.726 [>= 0.6];✅ rawand EMA 1h: EMA21=669.51, EMA50=652.63;✅ rawand EMA 4h: EMA21=643.01, EMA50=625.10, EMA200=598.26;✅ RSI 30m: RSI=61.13;❌ MACD 30m: MACD_hist=-0.7557;❌ vorud-e hoshmand poolback: ghimat=679.4660 EMA=675.8987 RSI=61.1 BS15=0.309;❌ ADX: ADX=20.95 [>22], DI+=270.89, DI-=177.03;✅ CCI obruz az 0: CCI=62.80;✅ SAR: SAR=676.5036, gimat=679.4660;❌ Stochastic cross: K=76.97 D=25.66;❌ rad EMA: bedun rad;❌ test-e moqavemat: bedun test;✅ poolback: poolback tashkhis dadeh shod;✅ Double Top/Bottom: ologhu=DoubleTop;✅ filter-e ranj: faseleh EMA=0.0141 [>0.005];✅ filter-e ranj-e tarkibi: diff=0.0141, ADX=20.95, mode=AND -> OK"
XRP-USDT,LONG,S1,شیر طلایی (Golden Lion),1.38748000,1.36572252,1.41358898,2026-08-21 21:28:05,OPEN,,,,,10.00,,"❌ ghoodat-e kandel 15m: BS15=0.367 [>= 0.6];✅ ghoodat-e kandel 5m: BS5=0.610 [>= 0.6];✅ rawand EMA 1h: EMA21=1.34, EMA50=1.25;✅ rawand EMA 4h: EMA21=1.20, EMA50=1.11, EMA200=1.08;✅ RSI 30m: RSI=56.41;❌ MACD 30m: MACD_hist=-0.0045;❌ vorud-e hoshmand poolback: ghimat=1.3875 EMA=1.3780 RSI=56.4 BS15=0.367;❌ ADX: ADX=19.18 [>22], DI+=269.01, DI-=396.68;✅ CCI obruz az 0: CCI=-11.84;✅ SAR: SAR=1.3823, gimat=1.3875;✅ Stochastic cross: K=53.49 D=17.83;❌ rad EMA: bedun rad;❌ test-e moqavemat: bedun test;✅ poolback: poolback tashkhis dadeh shod;✅ Double Top/Bottom: ologhu=DoubleBottom;✅ filter-e ranj: faseleh EMA=0.0378 [>0.005];✅ filter-e ranj-e tarkibi: diff=0.0378, ADX=19.18, mode=AND -> OK"
XRP-USDT,LONG,S2,تیر نقره‌ای (Silver Arrow),1.38748000,1.36572252,1.41358898,2026-08-21 21:28:06,OPEN,,,,,10.00,,"❌ ghoodat-e kandel 15m: BS15=0.367 [>= 0.6];✅ ghoodat-e kandel 5m: BS5=0.610 [>= 0.6];✅ rawand EMA 1h: EMA21=1.34, EMA50=1.25;✅ rawand EMA 4h: EMA21=1.20, EMA50=1.11, EMA200=1.08;✅ RSI 30m: RSI=56.41;❌ MACD 30m: MACD_hist=-0.0045;❌ vorud-e hoshmand poolback: ghimat=1.3875 EMA=1.3780 RSI=56.4 BS15=0.367;❌ ADX: ADX=19.18 [>22], DI+=269.01, DI-=396.68;✅ CCI obruz az 0: CCI=-11.84;✅ SAR: SAR=1.3823, gimat=1.3875;✅ Stochastic cross: K=53.49 D=17.83;❌ rad EMA: bedun rad;❌ test-e moqavemat: bedun test;✅ poolback: poolback tashkhis dadeh shod;✅ Double Top/Bottom: ologhu=DoubleBottom;✅ filter-e ranj: faseleh EMA=0.0378 [>0.005];✅ filter-e ranj-e tarkibi: diff=0.0378, ADX=19.18, mode=AND -> OK"
XRP-USDT,LONG,S3,الماس فیلسوف (Diamond Mind),1.38748000,1.36572252,1.41358898,2026-08-21 21:28:06,OPEN,,,,,10.00,,"❌ ghoodat-e kandel 15m: BS15=0.367 [>= 0.6];✅ ghoodat-e kandel 5m: BS5=0.610 [>= 0.6];✅ rawand EMA 1h: EMA21=1.34, EMA50=1.25;✅ rawand EMA 4h: EMA21=1.20, EMA50=1.11, EMA200=1.08;✅ RSI 30m: RSI=56.41;❌ MACD 30m: MACD_hist=-0.0045;❌ vorud-e hoshmand poolback: ghimat=1.3875 EMA=1.3780 RSI=56.4 BS15=0.367;❌ ADX: ADX=19.18 [>22], DI+=269.01, DI-=396.68;✅ CCI obruz az 0: CCI=-11.84;✅ SAR: SAR=1.3823, gimat=1.3875;✅ Stochastic cross: K=53.49 D=17.83;❌ rad EMA: bedun rad;❌ test-e moqavemat: bedun test;✅ poolback: poolback tashkhis dadeh shod;✅ Double Top/Bottom: ologhu=DoubleBottom;✅ filter-e ranj: faseleh EMA=0.0378 [>0.005];✅ filter-e ranj-e tarkibi: diff=0.0378, ADX=19.18, mode=AND -> OK"
DOGE-USDT,LONG,S2,تیر نقره‌ای (Silver Arrow),0.08450000,0.08261550,0.08676140,2026-08-21 21:28:07,OPEN,,,,,10.00,,"❌ ghoodat-e kandel 15m: BS15=0.080 [>= 0.6];❌ ghoodat-e kandel 5m: BS5=0.182 [>= 0.6];✅ rawand EMA 1h: EMA21=0.08, EMA50=0.08;✅ rawand EMA 4h: EMA21=0.08, EMA50=0.07, EMA200=0.07;✅ RSI 30m: RSI=57.19;❌ MACD 30m: MACD_hist=-0.0001;❌ vorud-e hoshmand poolback: ghimat=0.0845 EMA=0.0839 RSI=57.2 BS15=0.080;✅ ADX: ADX=38.46 [>22], DI+=356.60, DI-=158.49;✅ CCI obruz az 0: CCI=94.16;✅ SAR: SAR=0.0839, gimat=0.0845;❌ Stochastic cross: K=73.64 D=24.55;❌ rad EMA: bedun rad;❌ test-e moqavemat: bedun test;✅ poolback: poolback tashkhis dadeh shod;✅ Double Top/Bottom: ologhu=DoubleTop;✅ filter-e ranj: faseleh EMA=0.0185 [>0.005];✅ filter-e ranj-e tarkibi: diff=0.0185, ADX=38.46, mode=AND -> OK"
DOGE-USDT,LONG,S3,الماس فیلسوف (Diamond Mind),0.08450000,0.08261550,0.08676140,2026-08-21 21:28:07,OPEN,,,,,10.00,,"❌ ghoodat-e kandel 15m: BS15=0.080 [>= 0.6];❌ ghoodat-e kandel 5m: BS5=0.182 [>= 0.6];✅ rawand EMA 1h: EMA21=0.08, EMA50=0.08;✅ rawand EMA 4h: EMA21=0.08, EMA50=0.07, EMA200=0.07;✅ RSI 30m: RSI=57.19;❌ MACD 30m: MACD_hist=-0.0001;❌ vorud-e hoshmand poolback: ghimat=0.0845 EMA=0.0839 RSI=57.2 BS15=0.080;✅ ADX: ADX=38.46 [>22], DI+=356.60, DI-=158.49;✅ CCI obruz az 0: CCI=94.16;✅ SAR: SAR=0.0839, gimat=0.0845;❌ Stochastic cross: K=73.64 D=24.55;❌ rad EMA: bedun rad;❌ test-e moqavemat: bedun test;✅ poolback: poolback tashkhis dadeh shod;✅ Double Top/Bottom: ologhu=DoubleTop;✅ filter-e ranj: faseleh EMA=0.0185 [>0.005];✅ filter-e ranj-e tarkibi: diff=0.0185, ADX=38.46, mode=AND -> OK"
NEAR-USDT,LONG,S2,تیر نقره‌ای (Silver Arrow),1.89820000,1.85040180,1.95555784,2026-08-21 21:28:11,OPEN,,,,,10.00,,"❌ ghoodat-e kandel 15m: BS15=0.161 [>= 0.6];❌ ghoodat-e kandel 5m: BS5=0.043 [>= 0.6];✅ rawand EMA 1h: EMA21=1.86, EMA50=1.79;❌ rawand EMA 4h: EMA21=1.76, EMA50=1.70, EMA200=1.74;✅ RSI 30m: RSI=57.63;❌ MACD 30m: MACD_hist=-0.0049;❌ vorud-e hoshmand poolback: ghimat=1.8982 EMA=1.8858 RSI=57.6 BS15=0.161;✅ ADX: ADX=75.48 [>22], DI+=700.00, DI-=97.81;✅ CCI obruz az 0: CCI=-12.57;✅ SAR: SAR=1.8803, gimat=1.8982;✅ Stochastic cross: K=58.85 D=19.62;❌ rad EMA: bedun rad;❌ test-e moqavemat: bedun test;✅ poolback: poolback tashkhis dadeh shod;❌ Double Top/Bottom: bedun ologhu;✅ filter-e ranj: faseleh EMA=0.0227 [>0.005];✅ filter-e ranj-e tarkibi: diff=0.0227, ADX=75.48, mode=AND -> OK"
NEAR-USDT,LONG,S3,الماس فیلسوف (Diamond Mind),1.89820000,1.85040180,1.95555784,2026-08-21 21:28:11,OPEN,,,,,10.00,,"❌ ghoodat-e kandel 15m: BS15=0.161 [>= 0.6];❌ ghoodat-e kandel 5m: BS5=0.043 [>= 0.6];✅ rawand EMA 1h: EMA21=1.86, EMA50=1.79;❌ rawand EMA 4h: EMA21=1.76, EMA50=1.70, EMA200=1.74;✅ RSI 30m: RSI=57.63;❌ MACD 30m: MACD_hist=-0.0049;❌ vorud-e hoshmand poolback: ghimat=1.8982 EMA=1.8858 RSI=57.6 BS15=0.161;✅ ADX: ADX=75.48 [>22], DI+=700.00, DI-=97.81;✅ CCI obruz az 0: CCI=-12.57;✅ SAR: SAR=1.8803, gimat=1.8982;✅ Stochastic cross: K=58.85 D=19.62;❌ rad EMA: bedun rad;❌ test-e moqavemat: bedun test;✅ poolback: poolback tashkhis dadeh shod;❌ Double Top/Bottom: bedun ologhu;✅ filter-e ranj: faseleh EMA=0.0227 [>0.005];✅ filter-e ranj-e tarkibi: diff=0.0227, ADX=75.48, mode=AND -> OK"
AVAX-USDT,LONG,S3,الماس فیلسوف (Diamond Mind),7.66500000,7.46333500,7.90699800,2026-08-21 21:28:11,OPEN,,,,,10.00,,"❌ ghoodat-e kandel 15m: BS15=0.452 [>= 0.6];✅ ghoodat-e kandel 5m: BS5=0.632 [>= 0.6];✅ rawand EMA 1h: EMA21=7.45, EMA50=7.17;✅ rawand EMA 4h: EMA21=7.01, EMA50=6.72, EMA200=6.56;✅ RSI 30m: RSI=64.25;❌ MACD 30m: MACD_hist=-0.0032;❌ vorud-e hoshmand poolback: ghimat=7.6650 EMA=7.5602 RSI=64.2 BS15=0.452;✅ ADX: ADX=38.86 [>22], DI+=534.47, DI-=235.33;❌ CCI obruz az 0: CCI=141.36 [eshba-e kharid];✅ SAR: SAR=7.6089, gimat=7.6650;❌ Stochastic cross: K=86.19 [eshba-e kharid];❌ rad EMA: bedun rad;❌ test-e moqavemat: bedun test;✅ poolback: poolback tashkhis dadeh shod;✅ Double Top/Bottom: ologhu=DoubleTop;✅ filter-e ranj: faseleh EMA=0.0216 [>0.005];✅ filter-e ranj-e tarkibi: diff=0.0216, ADX=38.86, mode=AND -> OK"
FIL-USDT,LONG,S2,تیر نقره‌ای (Silver Arrow),0.78190000,0.76631810,0.80059828,2026-08-21 21:28:12,OPEN,,,,,10.00,,"❌ ghoodat-e kandel 15m: BS15=0.436 [>= 0.6];❌ ghoodat-e kandel 5m: BS5=0.909 [khayli bala - ehtemal-e payan-e harakat];✅ rawand EMA 1h: EMA21=0.76, EMA50=0.73;❌ rawand EMA 4h: EMA21=0.71, EMA50=0.69, EMA200=0.71;✅ RSI 30m: RSI=58.48;❌ MACD 30m: MACD_hist=-0.0013;❌ vorud-e hoshmand poolback: ghimat=0.7819 EMA=0.7760 RSI=58.5 BS15=0.436;✅ ADX: ADX=51.43 [>22], DI+=661.32, DI-=212.12;✅ CCI obruz az 0: CCI=54.43;✅ SAR: SAR=0.7776, gimat=0.7819;✅ Stochastic cross: K=56.83 D=18.94;❌ rad EMA: bedun rad;❌ test-e moqavemat: bedun test;✅ poolback: poolback tashkhis dadeh shod;❌ Double Top/Bottom: bedun ologhu;✅ filter-e ranj: faseleh EMA=0.0245 [>0.005];✅ filter-e ranj-e tarkibi: diff=0.0245, ADX=51.43, mode=AND -> OK"
INJ-USDT,LONG,S2,تیر نقره‌ای (Silver Arrow),4.96400000,4.92603600,5.00955680,2026-08-21 21:28:12,OPEN,,,,,10.00,,"✅ ghoodat-e kandel 15m: BS15=0.727 [>= 0.6];❌ ghoodat-e kandel 5m: BS5=1.000 [khayli bala - ehtemal-e payan-e harakat];✅ rawand EMA 1h: EMA21=4.88, EMA50=4.73;❌ rawand EMA 4h: EMA21=4.62, EMA50=4.48, EMA200=4.66;✅ RSI 30m: RSI=55.64;❌ MACD 30m: MACD_hist=-0.0064;❌ vorud-e hoshmand poolback: ghimat=4.9640 EMA=4.9433 RSI=55.6 BS15=0.727;❌ ADX: ADX=34.33 [>22], DI+=278.73, DI-=570.14;✅ CCI obruz az 0: CCI=-0.70;✅ SAR: SAR=4.9312, gimat=4.9640;✅ Stochastic cross: K=58.14 D=19.38;❌ rad EMA: bedun rad;❌ test-e moqavemat: bedun test;✅ poolback: poolback tashkhis dadeh shod;✅ Double Top/Bottom: ologhu=DoubleTop;✅ filter-e ranj: faseleh EMA=0.0165 [>0.005];✅ filter-e ranj-e tarkibi: diff=0.0165, ADX=34.33, mode=AND -> OK"
INJ-USDT,LONG,S3,الماس فیلسوف (Diamond Mind),4.96400000,4.92603600,5.00955680,2026-08-21 21:28:16,OPEN,,,,,10.00,,"✅ ghoodat-e kandel 15m: BS15=0.727 [>= 0.6];❌ ghoodat-e kandel 5m: BS5=1.000 [khayli bala - ehtemal-e payan-e harakat];✅ rawand EMA 1h: EMA21=4.88, EMA50=4.73;❌ rawand EMA 4h: EMA21=4.62, EMA50=4.48, EMA200=4.66;✅ RSI 30m: RSI=55.64;❌ MACD 30m: MACD_hist=-0.0064;❌ vorud-e hoshmand poolback: ghimat=4.9640 EMA=4.9433 RSI=55.6 BS15=0.727;❌ ADX: ADX=34.33 [>22], DI+=278.73, DI-=570.14;✅ CCI obruz az 0: CCI=-0.70;✅ SAR: SAR=4.9312, gimat=4.9640;✅ Stochastic cross: K=58.14 D=19.38;❌ rad EMA: bedun rad;❌ test-e moqavemat: bedun test;✅ poolback: poolback tashkhis dadeh shod;✅ Double Top/Bottom: ologhu=DoubleTop;✅ filter-e ranj: faseleh EMA=0.0165 [>0.005];✅ filter-e ranj-e tarkibi: diff=0.0165, ADX=34.33, mode=AND -> OK"
POL-USDT,LONG,B1,موج تند (Fast Wave),0.08890000,0.08731110,0.09048890,2026-08-21 21:28:16,OPEN,,,,,10.00,,"✅ ghoodat-e kandel 15m: BS15=0.667 [>= 0.48];❌ ghoodat-e kandel 5m: BS5=1.000 [khayli bala - ehtemal-e payan-e harakat];✅ rawand EMA 1h: EMA21=0.09, EMA50=0.08;✅ rawand EMA 4h: EMA21=0.08, EMA50=0.08, EMA200=0.08;✅ RSI 30m: RSI=54.73;❌ MACD 30m: MACD_hist=-0.0004;❌ vorud-e hoshmand poolback: ghimat=0.0889 EMA=0.0885 RSI=54.7 BS15=0.667;✅ ADX: ADX=78.95 [>22], DI+=700.00, DI-=82.35;❌ CCI obruz az 0: CCI=-49.71;✅ SAR: SAR=0.0885, gimat=0.0889;✅ Stochastic cross: K=27.27 D=9.09;❌ rad EMA: bedun rad;❌ test-e moqavemat: bedun test;✅ poolback: poolback tashkhis dadeh shod;✅ Double Top/Bottom: ologhu=DoubleBottom;✅ filter-e ranj: faseleh EMA=0.0238 [>0.005];✅ filter-e ranj-e tarkibi: diff=0.0238, ADX=78.95, mode=OR -> OK"
BTC-USDT,LONG,S1,شیر طلایی (Golden Lion),76988.30000000,76539.31170000,77527.08596000,2026-08-21 22:47:21,OPEN,,,,,10.00,,"❌ ghoodat-e kandel 15m: BS15=0.920 [khayli bala - ehtemal-e payan-e harakat];❌ ghoodat-e kandel 5m: BS5=0.920 [khayli bala - ehtemal-e payan-e harakat];✅ rawand EMA 1h: EMA21=76141.73, EMA50=73437.68;✅ rawand EMA 4h: EMA21=71255.20, EMA50=67862.99, EMA200=65155.05;✅ RSI 30m: RSI=52.79;❌ MACD 30m: MACD_hist=-169.9586;❌ vorud-e hoshmand poolback: ghimat=76988.3000 EMA=77032.8004 RSI=52.8 BS15=0.920;✅ ADX: ADX=39.49 [>22], DI+=403.94, DI-=175.22;❌ CCI obruz az 0: CCI=-72.19;✅ SAR: SAR=76621.2160, gimat=76988.3000;✅ Stochastic cross: K=46.15 D=15.38;✅ rad EMA: rad EMA tashkhis dadeh shod;❌ test-e moqavemat: bedun test;✅ poolback: poolback tashkhis dadeh shod;✅ Double Top/Bottom: ologhu=DoubleTop;✅ filter-e ranj: faseleh EMA=0.0178 [>0.005];✅ filter-e ranj-e tarkibi: diff=0.0178, ADX=39.49, mode=AND -> OK"
BTC-USDT,LONG,S2,تیر نقره‌ای (Silver Arrow),76988.30000000,76539.31170000,77527.08596000,2026-08-21 22:47:22,OPEN,,,,,10.00,,"❌ ghoodat-e kandel 15m: BS15=0.920 [khayli bala - ehtemal-e payan-e harakat];❌ ghoodat-e kandel 5m: BS5=0.920 [khayli bala - ehtemal-e payan-e harakat];✅ rawand EMA 1h: EMA21=76141.73, EMA50=73437.68;✅ rawand EMA 4h: EMA21=71255.20, EMA50=67862.99, EMA200=65155.05;✅ RSI 30m: RSI=52.79;❌ MACD 30m: MACD_hist=-169.9586;❌ vorud-e hoshmand poolback: ghimat=76988.3000 EMA=77032.8004 RSI=52.8 BS15=0.920;✅ ADX: ADX=39.49 [>22], DI+=403.94, DI-=175.22;❌ CCI obruz az 0: CCI=-72.19;✅ SAR: SAR=76621.2160, gimat=76988.3000;✅ Stochastic cross: K=46.15 D=15.38;✅ rad EMA: rad EMA tashkhis dadeh shod;❌ test-e moqavemat: bedun test;✅ poolback: poolback tashkhis dadeh shod;✅ Double Top/Bottom: ologhu=DoubleTop;✅ filter-e ranj: faseleh EMA=0.0178 [>0.005];✅ filter-e ranj-e tarkibi: diff=0.0178, ADX=39.49, mode=AND -> OK"
BTC-USDT,LONG,S3,الماس فیلسوف (Diamond Mind),76988.30000000,76539.31170000,77527.08596000,2026-08-21 22:47:22,OPEN,,,,,10.00,,"❌ ghoodat-e kandel 15m: BS15=0.920 [khayli bala - ehtemal-e payan-e harakat];❌ ghoodat-e kandel 5m: BS5=0.920 [khayli bala - ehtemal-e payan-e harakat];✅ rawand EMA 1h: EMA21=76141.73, EMA50=73437.68;✅ rawand EMA 4h: EMA21=71255.20, EMA50=67862.99, EMA200=65155.05;✅ RSI 30m: RSI=52.79;❌ MACD 30m: MACD_hist=-169.9586;❌ vorud-e hoshmand poolback: ghimat=76988.3000 EMA=77032.8004 RSI=52.8 BS15=0.920;✅ ADX: ADX=39.49 [>22], DI+=403.94, DI-=175.22;❌ CCI obruz az 0: CCI=-72.19;✅ SAR: SAR=76621.2160, gimat=76988.3000;✅ Stochastic cross: K=46.15 D=15.38;✅ rad EMA: rad EMA tashkhis dadeh shod;❌ test-e moqavemat: bedun test;✅ poolback: poolback tashkhis dadeh shod;✅ Double Top/Bottom: ologhu=DoubleTop;✅ filter-e ranj: faseleh EMA=0.0178 [>0.005];✅ filter-e ranj-e tarkibi: diff=0.0178, ADX=39.49, mode=AND -> OK"
BTC-USDT,LONG,B1,موج تند (Fast Wave),76988.30000000,76539.31170000,77437.28830000,2026-08-21 22:47:23,OPEN,,,,,10.00,,"❌ ghoodat-e kandel 15m: BS15=0.920 [khayli bala - ehtemal-e payan-e harakat];❌ ghoodat-e kandel 5m: BS5=0.920 [khayli bala - ehtemal-e payan-e harakat];✅ rawand EMA 1h: EMA21=76141.73, EMA50=73437.68;✅ rawand EMA 4h: EMA21=71255.20, EMA50=67862.99, EMA200=65155.05;✅ RSI 30m: RSI=52.79;❌ MACD 30m: MACD_hist=-169.9586;❌ vorud-e hoshmand poolback: ghimat=76988.3000 EMA=77032.8004 RSI=52.8 BS15=0.920;✅ ADX: ADX=39.49 [>22], DI+=403.94, DI-=175.22;❌ CCI obruz az 0: CCI=-72.19;✅ SAR: SAR=76621.2160, gimat=76988.3000;✅ Stochastic cross: K=46.15 D=15.38;✅ rad EMA: rad EMA tashkhis dadeh shod;❌ test-e moqavemat: bedun test;✅ poolback: poolback tashkhis dadeh shod;✅ Double Top/Bottom: ologhu=DoubleTop;✅ filter-e ranj: faseleh EMA=0.0178 [>0.005];✅ filter-e ranj-e tarkibi: diff=0.0178, ADX=39.49, mode=OR -> OK"
ETH-USDT,LONG,S1,شیر طلایی (Golden Lion),2408.62000000,2375.32138000,2448.57834400,2026-08-21 22:47:23,OPEN,,,,,10.00,,"❌ ghoodat-e kandel 15m: BS15=0.913 [khayli bala - ehtemal-e payan-e harakat];❌ ghoodat-e kandel 5m: BS5=0.913 [khayli bala - ehtemal-e payan-e harakat];✅ rawand EMA 1h: EMA21=2378.32, EMA50=2295.21;✅ rawand EMA 4h: EMA21=2213.53, EMA50=2072.93, EMA200=1933.65;✅ RSI 30m: RSI=57.43;✅ MACD 30m: MACD_hist=0.2370;❌ vorud-e hoshmand poolback: ghimat=2408.6200 EMA=2398.5309 RSI=57.4 BS15=0.913;✅ ADX: ADX=34.15 [>22], DI+=236.79, DI-=116.24;✅ CCI obruz az 0: CCI=84.43;✅ SAR: SAR=2395.9710, gimat=2408.6200;✅ Stochastic cross: K=63.47 D=21.16;❌ rad EMA: bedun rad;❌ test-e moqavemat: bedun test;✅ poolback: poolback tashkhis dadeh shod;✅ Double Top/Bottom: ologhu=DoubleTop;✅ filter-e ranj: faseleh EMA=0.0140 [>0.005];✅ filter-e ranj-e tarkibi: diff=0.0140, ADX=34.15, mode=AND -> OK"
ETH-USDT,LONG,S2,تیر نقره‌ای (Silver Arrow),2408.62000000,2375.32138000,2448.57834400,2026-08-21 22:47:23,OPEN,,,,,10.00,,"❌ ghoodat-e kandel 15m: BS15=0.913 [khayli bala - ehtemal-e payan-e harakat];❌ ghoodat-e kandel 5m: BS5=0.913 [khayli bala - ehtemal-e payan-e harakat];✅ rawand EMA 1h: EMA21=2378.32, EMA50=2295.21;✅ rawand EMA 4h: EMA21=2213.53, EMA50=2072.93, EMA200=1933.65;✅ RSI 30m: RSI=57.43;✅ MACD 30m: MACD_hist=0.2370;❌ vorud-e hoshmand poolback: ghimat=2408.6200 EMA=2398.5309 RSI=57.4 BS15=0.913;✅ ADX: ADX=34.15 [>22], DI+=236.79, DI-=116.24;✅ CCI obruz az 0: CCI=84.43;✅ SAR: SAR=2395.9710, gimat=2408.6200;✅ Stochastic cross: K=63.47 D=21.16;❌ rad EMA: bedun rad;❌ test-e moqavemat: bedun test;✅ poolback: poolback tashkhis dadeh shod;✅ Double Top/Bottom: ologhu=DoubleTop;✅ filter-e ranj: faseleh EMA=0.0140 [>0.005];✅ filter-e ranj-e tarkibi: diff=0.0140, ADX=34.15, mode=AND -> OK"
ETH-USDT,LONG,S3,الماس فیلسوف (Diamond Mind),2408.62000000,2375.32138000,2448.57834400,2026-08-21 22:47:27,OPEN,,,,,10.00,,"❌ ghoodat-e kandel 15m: BS15=0.913 [khayli bala - ehtemal-e payan-e harakat];❌ ghoodat-e kandel 5m: BS5=0.913 [khayli bala - ehtemal-e payan-e harakat];✅ rawand EMA 1h: EMA21=2378.32, EMA50=2295.21;✅ rawand EMA 4h: EMA21=2213.53, EMA50=2072.93, EMA200=1933.65;✅ RSI 30m: RSI=57.43;✅ MACD 30m: MACD_hist=0.2370;❌ vorud-e hoshmand poolback: ghimat=2408.6200 EMA=2398.5309 RSI=57.4 BS15=0.913;✅ ADX: ADX=34.15 [>22], DI+=236.79, DI-=116.24;✅ CCI obruz az 0: CCI=84.43;✅ SAR: SAR=2395.9710, gimat=2408.6200;✅ Stochastic cross: K=63.47 D=21.16;❌ rad EMA: bedun rad;❌ test-e moqavemat: bedun test;✅ poolback: poolback tashkhis dadeh shod;✅ Double Top/Bottom: ologhu=DoubleTop;✅ filter-e ranj: faseleh EMA=0.0140 [>0.005];✅ filter-e ranj-e tarkibi: diff=0.0140, ADX=34.15, mode=AND -> OK"
ETH-USDT,LONG,B1,موج تند (Fast Wave),2408.62000000,2375.32138000,2441.91862000,2026-08-21 22:47:27,OPEN,,,,,10.00,,"❌ ghoodat-e kandel 15m: BS15=0.913 [khayli bala - ehtemal-e payan-e harakat];❌ ghoodat-e kandel 5m: BS5=0.913 [khayli bala - ehtemal-e payan-e harakat];✅ rawand EMA 1h: EMA21=2378.32, EMA50=2295.21;✅ rawand EMA 4h: EMA21=2213.53, EMA50=2072.93, EMA200=1933.65;✅ RSI 30m: RSI=57.43;✅ MACD 30m: MACD_hist=0.2370;❌ vorud-e hoshmand poolback: ghimat=2408.6200 EMA=2398.5309 RSI=57.4 BS15=0.913;✅ ADX: ADX=34.15 [>22], DI+=236.79, DI-=116.24;✅ CCI obruz az 0: CCI=84.43;✅ SAR: SAR=2395.9710, gimat=2408.6200;✅ Stochastic cross: K=63.47 D=21.16;❌ rad EMA: bedun rad;❌ test-e moqavemat: bedun test;✅ poolback: poolback tashkhis dadeh shod;✅ Double Top/Bottom: ologhu=DoubleTop;✅ filter-e ranj: faseleh EMA=0.0140 [>0.005];✅ filter-e ranj-e tarkibi: diff=0.0140, ADX=34.15, mode=OR -> OK"
BNB-USDT,LONG,S1,شیر طلایی (Golden Lion),674.56300000,672.10343700,677.51447560,2026-08-21 22:47:28,OPEN,,,,,10.00,,"❌ ghoodat-e kandel 15m: BS15=0.822 [khayli bala - ehtemal-e payan-e harakat];❌ ghoodat-e kandel 5m: BS5=0.822 [khayli bala - ehtemal-e payan-e harakat];✅ rawand EMA 1h: EMA21=670.51, EMA50=654.37;✅ rawand EMA 4h: EMA21=642.57, EMA50=624.91, EMA200=598.22;✅ RSI 30m: RSI=50.11;❌ MACD 30m: MACD_hist=-1.1701;✅ vorud-e hoshmand poolback: ghimat=674.5630 EMA=676.0360 RSI=50.1 BS15=0.822;✅ ADX: ADX=66.28 [>22], DI+=344.73, DI-=69.91;❌ CCI obruz az 0: CCI=-168.56;✅ SAR: SAR=673.5424, gimat=674.5630;❌ Stochastic cross: K=19.42 D=6.47;✅ rad EMA: rad EMA tashkhis dadeh shod;❌ test-e moqavemat: bedun test;✅ poolback: poolback tashkhis dadeh shod;✅ Double Top/Bottom: ologhu=DoubleTop;✅ filter-e ranj: faseleh EMA=0.0127 [>0.005];✅ filter-e ranj-e tarkibi: diff=0.0127, ADX=66.28, mode=AND -> OK"
BNB-USDT,LONG,S2,تیر نقره‌ای (Silver Arrow),674.56300000,672.10343700,677.51447560,2026-08-21 22:47:28,OPEN,,,,,10.00,,"❌ ghoodat-e kandel 15m: BS15=0.822 [khayli bala - ehtemal-e payan-e harakat];❌ ghoodat-e kandel 5m: BS5=0.822 [khayli bala - ehtemal-e payan-e harakat];✅ rawand EMA 1h: EMA21=670.51, EMA50=654.37;✅ rawand EMA 4h: EMA21=642.57, EMA50=624.91, EMA200=598.22;✅ RSI 30m: RSI=50.11;❌ MACD 30m: MACD_hist=-1.1701;✅ vorud-e hoshmand poolback: ghimat=674.5630 EMA=676.0360 RSI=50.1 BS15=0.822;✅ ADX: ADX=66.28 [>22], DI+=344.73, DI-=69.91;❌ CCI obruz az 0: CCI=-168.56;✅ SAR: SAR=673.5424, gimat=674.5630;❌ Stochastic cross: K=19.42 D=6.47;✅ rad EMA: rad EMA tashkhis dadeh shod;❌ test-e moqavemat: bedun test;✅ poolback: poolback tashkhis dadeh shod;✅ Double Top/Bottom: ologhu=DoubleTop;✅ filter-e ranj: faseleh EMA=0.0127 [>0.005];✅ filter-e ranj-e tarkibi: diff=0.0127, ADX=66.28, mode=AND -> OK"
BNB-USDT,LONG,S3,الماس فیلسوف (Diamond Mind),674.56300000,672.10343700,677.51447560,2026-08-21 22:47:29,OPEN,,,,,10.00,,"❌ ghoodat-e kandel 15m: BS15=0.822 [khayli bala - ehtemal-e payan-e harakat];❌ ghoodat-e kandel 5m: BS5=0.822 [khayli bala - ehtemal-e payan-e harakat];✅ rawand EMA 1h: EMA21=670.51, EMA50=654.37;✅ rawand EMA 4h: EMA21=642.57, EMA50=624.91, EMA200=598.22;✅ RSI 30m: RSI=50.11;❌ MACD 30m: MACD_hist=-1.1701;✅ vorud-e hoshmand poolback: ghimat=674.5630 EMA=676.0360 RSI=50.1 BS15=0.822;✅ ADX: ADX=66.28 [>22], DI+=344.73, DI-=69.91;❌ CCI obruz az 0: CCI=-168.56;✅ SAR: SAR=673.5424, gimat=674.5630;❌ Stochastic cross: K=19.42 D=6.47;✅ rad EMA: rad EMA tashkhis dadeh shod;❌ test-e moqavemat: bedun test;✅ poolback: poolback tashkhis dadeh shod;✅ Double Top/Bottom: ologhu=DoubleTop;✅ filter-e ranj: faseleh EMA=0.0127 [>0.005];✅ filter-e ranj-e tarkibi: diff=0.0127, ADX=66.28, mode=AND -> OK"
BNB-USDT,LONG,B1,موج تند (Fast Wave),674.56300000,672.10343700,677.02256300,2026-08-21 22:47:32,OPEN,,,,,10.00,,"❌ ghoodat-e kandel 15m: BS15=0.822 [khayli bala - ehtemal-e payan-e harakat];❌ ghoodat-e kandel 5m: BS5=0.822 [khayli bala - ehtemal-e payan-e harakat];✅ rawand EMA 1h: EMA21=670.51, EMA50=654.37;✅ rawand EMA 4h: EMA21=642.57, EMA50=624.91, EMA200=598.22;✅ RSI 30m: RSI=50.11;❌ MACD 30m: MACD_hist=-1.1701;✅ vorud-e hoshmand poolback: ghimat=674.5630 EMA=676.0360 RSI=50.1 BS15=0.822;✅ ADX: ADX=66.28 [>22], DI+=344.73, DI-=69.91;❌ CCI obruz az 0: CCI=-168.56;✅ SAR: SAR=673.5424, gimat=674.5630;❌ Stochastic cross: K=19.42 D=6.47;✅ rad EMA: rad EMA tashkhis dadeh shod;❌ test-e moqavemat: bedun test;✅ poolback: poolback tashkhis dadeh shod;✅ Double Top/Bottom: ologhu=DoubleTop;✅ filter-e ranj: faseleh EMA=0.0127 [>0.005];✅ filter-e ranj-e tarkibi: diff=0.0127, ADX=66.28, mode=OR -> OK"
SOL-USDT,LONG,S2,تیر نقره‌ای (Silver Arrow),91.02000000,90.67898000,91.42922400,2026-08-21 22:47:33,OPEN,,,,,10.00,,"❌ ghoodat-e kandel 15m: BS15=0.971 [khayli bala - ehtemal-e payan-e harakat];❌ ghoodat-e kandel 5m: BS5=0.966 [khayli bala - ehtemal-e payan-e harakat];✅ rawand EMA 1h: EMA21=90.40, EMA50=87.69;✅ rawand EMA 4h: EMA21=85.16, EMA50=80.98, EMA200=77.25;✅ RSI 30m: RSI=50.93;❌ MACD 30m: MACD_hist=-0.1101;❌ vorud-e hoshmand poolback: ghimat=91.0200 EMA=91.1592 RSI=50.9 BS15=0.971;✅ ADX: ADX=49.37 [>22], DI+=389.62, DI-=132.08;✅ CCI obruz az 0: CCI=-14.70;❌ SAR: SAR=91.0656, gimat=91.0200;✅ Stochastic cross: K=53.25 D=17.75;❌ rad EMA: bedun rad;❌ test-e moqavemat: bedun test;✅ poolback: poolback tashkhis dadeh shod;✅ Double Top/Bottom: ologhu=DoubleTop;✅ filter-e ranj: faseleh EMA=0.0137 [>0.005];✅ filter-e ranj-e tarkibi: diff=0.0137, ADX=49.37, mode=AND -> OK"
SOL-USDT,LONG,S3,الماس فیلسوف (Diamond Mind),91.02000000,90.67898000,91.42922400,2026-08-21 22:47:33,OPEN,,,,,10.00,,"❌ ghoodat-e kandel 15m: BS15=0.971 [khayli bala - ehtemal-e payan-e harakat];❌ ghoodat-e kandel 5m: BS5=0.966 [khayli bala - ehtemal-e payan-e harakat];✅ rawand EMA 1h: EMA21=90.40, EMA50=87.69;✅ rawand EMA 4h: EMA21=85.16, EMA50=80.98, EMA200=77.25;✅ RSI 30m: RSI=50.93;❌ MACD 30m: MACD_hist=-0.1101;❌ vorud-e hoshmand poolback: ghimat=91.0200 EMA=91.1592 RSI=50.9 BS15=0.971;✅ ADX: ADX=49.37 [>22], DI+=389.62, DI-=132.08;✅ CCI obruz az 0: CCI=-14.70;❌ SAR: SAR=91.0656, gimat=91.0200;✅ Stochastic cross: K=53.25 D=17.75;❌ rad EMA: bedun rad;❌ test-e moqavemat: bedun test;✅ poolback: poolback tashkhis dadeh shod;✅ Double Top/Bottom: ologhu=DoubleTop;✅ filter-e ranj: faseleh EMA=0.0137 [>0.005];✅ filter-e ranj-e tarkibi: diff=0.0137, ADX=49.37, mode=AND -> OK"
SOL-USDT,LONG,B1,موج تند (Fast Wave),91.02000000,90.67898000,91.36102000,2026-08-21 22:47:34,OPEN,,,,,10.00,,"❌ ghoodat-e kandel 15m: BS15=0.971 [khayli bala - ehtemal-e payan-e harakat];❌ ghoodat-e kandel 5m: BS5=0.966 [khayli bala - ehtemal-e payan-e harakat];✅ rawand EMA 1h: EMA21=90.40, EMA50=87.69;✅ rawand EMA 4h: EMA21=85.16, EMA50=80.98, EMA200=77.25;✅ RSI 30m: RSI=50.93;❌ MACD 30m: MACD_hist=-0.1101;❌ vorud-e hoshmand poolback: ghimat=91.0200 EMA=91.1592 RSI=50.9 BS15=0.971;✅ ADX: ADX=49.37 [>22], DI+=389.62, DI-=132.08;✅ CCI obruz az 0: CCI=-14.70;❌ SAR: SAR=91.0656, gimat=91.0200;✅ Stochastic cross: K=53.25 D=17.75;❌ rad EMA: bedun rad;❌ test-e moqavemat: bedun test;✅ poolback: poolback tashkhis dadeh shod;✅ Double Top/Bottom: ologhu=DoubleTop;✅ filter-e ranj: faseleh EMA=0.0137 [>0.005];✅ filter-e ranj-e tarkibi: diff=0.0137, ADX=49.37, mode=OR -> OK"
XRP-USDT,LONG,S1,شیر طلایی (Golden Lion),1.36945000,1.36090055,1.37970934,2026-08-21 22:47:34,OPEN,,,,,10.00,,"✅ ghoodat-e kandel 15m: BS15=0.645 [>= 0.6];✅ ghoodat-e kandel 5m: BS5=0.645 [>= 0.6];✅ rawand EMA 1h: EMA21=1.35, EMA50=1.26;✅ rawand EMA 4h: EMA21=1.20, EMA50=1.11, EMA200=1.07;❌ RSI 30m: RSI=49.85;❌ MACD 30m: MACD_hist=-0.0071;✅ vorud-e hoshmand poolback: ghimat=1.3695 EMA=1.3785 RSI=49.9 BS15=0.645;❌ ADX: ADX=3.08 [>22], DI+=404.64, DI-=380.49;❌ CCI obruz az 0: CCI=-113.03;✅ SAR: SAR=1.3689, gimat=1.3695;❌ Stochastic cross: K=15.94 D=5.31;✅ rad EMA: rad EMA tashkhis dadeh shod;❌ test-e moqavemat: bedun test;✅ poolback: poolback tashkhis dadeh shod;✅ Double Top/Bottom: ologhu=DoubleTop;✅ filter-e ranj: faseleh EMA=0.0341 [>0.005];✅ filter-e ranj-e tarkibi: diff=0.0341, ADX=3.08, mode=AND -> OK"
XRP-USDT,LONG,S2,تیر نقره‌ای (Silver Arrow),1.36945000,1.36090055,1.37970934,2026-08-21 22:47:38,OPEN,,,,,10.00,,"✅ ghoodat-e kandel 15m: BS15=0.645 [>= 0.6];✅ ghoodat-e kandel 5m: BS5=0.645 [>= 0.6];✅ rawand EMA 1h: EMA21=1.35, EMA50=1.26;✅ rawand EMA 4h: EMA21=1.20, EMA50=1.11, EMA200=1.07;❌ RSI 30m: RSI=49.85;❌ MACD 30m: MACD_hist=-0.0071;✅ vorud-e hoshmand poolback: ghimat=1.3695 EMA=1.3785 RSI=49.9 BS15=0.645;❌ ADX: ADX=3.08 [>22], DI+=404.64, DI-=380.49;❌ CCI obruz az 0: CCI=-113.03;✅ SAR: SAR=1.3689, gimat=1.3695;❌ Stochastic cross: K=15.94 D=5.31;✅ rad EMA: rad EMA tashkhis dadeh shod;❌ test-e moqavemat: bedun test;✅ poolback: poolback tashkhis dadeh shod;✅ Double Top/Bottom: ologhu=DoubleTop;✅ filter-e ranj: faseleh EMA=0.0341 [>0.005];✅ filter-e ranj-e tarkibi: diff=0.0341, ADX=3.08, mode=AND -> OK"
XRP-USDT,LONG,S3,الماس فیلسوف (Diamond Mind),1.36945000,1.36090055,1.37970934,2026-08-21 22:47:38,OPEN,,,,,10.00,,"✅ ghoodat-e kandel 15m: BS15=0.645 [>= 0.6];✅ ghoodat-e kandel 5m: BS5=0.645 [>= 0.6];✅ rawand EMA 1h: EMA21=1.35, EMA50=1.26;✅ rawand EMA 4h: EMA21=1.20, EMA50=1.11, EMA200=1.07;❌ RSI 30m: RSI=49.85;❌ MACD 30m: MACD_hist=-0.0071;✅ vorud-e hoshmand poolback: ghimat=1.3695 EMA=1.3785 RSI=49.9 BS15=0.645;❌ ADX: ADX=3.08 [>22], DI+=404.64, DI-=380.49;❌ CCI obruz az 0: CCI=-113.03;✅ SAR: SAR=1.3689, gimat=1.3695;❌ Stochastic cross: K=15.94 D=5.31;✅ rad EMA: rad EMA tashkhis dadeh shod;❌ test-e moqavemat: bedun test;✅ poolback: poolback tashkhis dadeh shod;✅ Double Top/Bottom: ologhu=DoubleTop;✅ filter-e ranj: faseleh EMA=0.0341 [>0.005];✅ filter-e ranj-e tarkibi: diff=0.0341, ADX=3.08, mode=AND -> OK"
XAUT-USDT,LONG,S2,تیر نقره‌ای (Silver Arrow),4600.26000000,4557.33974000,4651.76431200,2026-08-21 22:47:39,OPEN,,,,,10.00,,"❌ ghoodat-e kandel 15m: BS15=0.000 [>= 0.6];❌ ghoodat-e kandel 5m: BS5=0.000 [>= 0.6];✅ rawand EMA 1h: EMA21=4559.69, EMA50=4514.55;✅ rawand EMA 4h: EMA21=4485.59, EMA50=4422.76, EMA200=4247.66;❌ RSI 30m: RSI=67.08;✅ MACD 30m: MACD_hist=0.2626;❌ vorud-e hoshmand poolback: ghimat=4600.2600 EMA=4579.7784 RSI=67.1 BS15=0.000;✅ ADX: ADX=36.67 [>22], DI+=554.14, DI-=256.81;✅ CCI obruz az 0: CCI=92.66;✅ SAR: SAR=4598.7054, gimat=4600.2600;❌ Stochastic cross: K=87.08 [eshba-e kharid];❌ rad EMA: bedun rad;❌ test-e moqavemat: bedun test;✅ poolback: poolback tashkhis dadeh shod;✅ Double Top/Bottom: ologhu=DoubleTop;✅ filter-e ranj: faseleh EMA=0.0066 [>0.005];✅ filter-e ranj-e tarkibi: diff=0.0066, ADX=36.67, mode=AND -> OK"
XAUT-USDT,LONG,S3,الماس فیلسوف (Diamond Mind),4600.26000000,4557.33974000,4651.76431200,2026-08-21 22:47:39,OPEN,,,,,10.00,,"❌ ghoodat-e kandel 15m: BS15=0.000 [>= 0.6];❌ ghoodat-e kandel 5m: BS5=0.000 [>= 0.6];✅ rawand EMA 1h: EMA21=4559.69, EMA50=4514.55;✅ rawand EMA 4h: EMA21=4485.59, EMA50=4422.76, EMA200=4247.66;❌ RSI 30m: RSI=67.08;✅ MACD 30m: MACD_hist=0.2626;❌ vorud-e hoshmand poolback: ghimat=4600.2600 EMA=4579.7784 RSI=67.1 BS15=0.000;✅ ADX: ADX=36.67 [>22], DI+=554.14, DI-=256.81;✅ CCI obruz az 0: CCI=92.66;✅ SAR: SAR=4598.7054, gimat=4600.2600;❌ Stochastic cross: K=87.08 [eshba-e kharid];❌ rad EMA: bedun rad;❌ test-e moqavemat: bedun test;✅ poolback: poolback tashkhis dadeh shod;✅ Double Top/Bottom: ologhu=DoubleTop;✅ filter-e ranj: faseleh EMA=0.0066 [>0.005];✅ filter-e ranj-e tarkibi: diff=0.0066, ADX=36.67, mode=AND -> OK"
LTC-USDT,LONG,S2,تیر نقره‌ای (Silver Arrow),51.66000000,50.84834000,52.63399200,2026-08-21 22:47:40,OPEN,,,,,10.00,,"❌ ghoodat-e kandel 15m: BS15=0.350 [>= 0.6];❌ ghoodat-e kandel 5m: BS5=0.350 [>= 0.6];✅ rawand EMA 1h: EMA21=50.35, EMA50=48.76;✅ rawand EMA 4h: EMA21=47.72, EMA50=46.26, EMA200=45.51;✅ RSI 30m: RSI=63.14;❌ MACD 30m: MACD_hist=-0.0480;❌ vorud-e hoshmand poolback: ghimat=51.6600 EMA=51.1100 RSI=63.1 BS15=0.350;✅ ADX: ADX=52.94 [>22], DI+=423.26, DI-=130.23;✅ CCI obruz az 0: CCI=45.36;✅ SAR: SAR=51.4368, gimat=51.6600;❌ Stochastic cross: K=71.90 D=23.97;❌ rad EMA: bedun rad;❌ test-e moqavemat: bedun test;✅ poolback: poolback tashkhis dadeh shod;✅ Double Top/Bottom: ologhu=DoubleTop;✅ filter-e ranj: faseleh EMA=0.0222 [>0.005];✅ filter-e ranj-e tarkibi: diff=0.0222, ADX=52.94, mode=AND -> OK"
LTC-USDT,LONG,S3,الماس فیلسوف (Diamond Mind),51.66000000,50.84834000,52.63399200,2026-08-21 22:47:40,OPEN,,,,,10.00,,"❌ ghoodat-e kandel 15m: BS15=0.350 [>= 0.6];❌ ghoodat-e kandel 5m: BS5=0.350 [>= 0.6];✅ rawand EMA 1h: EMA21=50.35, EMA50=48.76;✅ rawand EMA 4h: EMA21=47.72, EMA50=46.26, EMA200=45.51;✅ RSI 30m: RSI=63.14;❌ MACD 30m: MACD_hist=-0.0480;❌ vorud-e hoshmand poolback: ghimat=51.6600 EMA=51.1100 RSI=63.1 BS15=0.350;✅ ADX: ADX=52.94 [>22], DI+=423.26, DI-=130.23;✅ CCI obruz az 0: CCI=45.36;✅ SAR: SAR=51.4368, gimat=51.6600;❌ Stochastic cross: K=71.90 D=23.97;❌ rad EMA: bedun rad;❌ test-e moqavemat: bedun test;✅ poolback: poolback tashkhis dadeh shod;✅ Double Top/Bottom: ologhu=DoubleTop;✅ filter-e ranj: faseleh EMA=0.0222 [>0.005];✅ filter-e ranj-e tarkibi: diff=0.0222, ADX=52.94, mode=AND -> OK"
DOGE-USDT,LONG,S1,شیر طلایی (Golden Lion),0.08419000,0.08333581,0.08521503,2026-08-21 22:47:40,OPEN,,,,,10.00,,"✅ ghoodat-e kandel 15m: BS15=0.778 [>= 0.6];✅ ghoodat-e kandel 5m: BS5=0.778 [>= 0.6];✅ rawand EMA 1h: EMA21=0.08, EMA50=0.08;✅ rawand EMA 4h: EMA21=0.08, EMA50=0.07, EMA200=0.07;✅ RSI 30m: RSI=53.40;❌ MACD 30m: MACD_hist=-0.0001;❌ vorud-e hoshmand poolback: ghimat=0.0842 EMA=0.0840 RSI=53.4 BS15=0.778;✅ ADX: ADX=71.08 [>22], DI+=489.66, DI-=82.76;✅ CCI obruz az 0: CCI=10.13;✅ SAR: SAR=0.0837, gimat=0.0842;✅ Stochastic cross: K=56.44 D=18.81;❌ rad EMA: bedun rad;❌ test-e moqavemat: bedun test;✅ poolback: poolback tashkhis dadeh shod;❌ Double Top/Bottom: bedun ologhu;✅ filter-e ranj: faseleh EMA=0.0174 [>0.005];✅ filter-e ranj-e tarkibi: diff=0.0174, ADX=71.08, mode=AND -> OK"
DOGE-USDT,LONG,S2,تیر نقره‌ای (Silver Arrow),0.08419000,0.08333581,0.08521503,2026-08-21 22:47:41,OPEN,,,,,10.00,,"✅ ghoodat-e kandel 15m: BS15=0.778 [>= 0.6];✅ ghoodat-e kandel 5m: BS5=0.778 [>= 0.6];✅ rawand EMA 1h: EMA21=0.08, EMA50=0.08;✅ rawand EMA 4h: EMA21=0.08, EMA50=0.07, EMA200=0.07;✅ RSI 30m: RSI=53.40;❌ MACD 30m: MACD_hist=-0.0001;❌ vorud-e hoshmand poolback: ghimat=0.0842 EMA=0.0840 RSI=53.4 BS15=0.778;✅ ADX: ADX=71.08 [>22], DI+=489.66, DI-=82.76;✅ CCI obruz az 0: CCI=10.13;✅ SAR: SAR=0.0837, gimat=0.0842;✅ Stochastic cross: K=56.44 D=18.81;❌ rad EMA: bedun rad;❌ test-e moqavemat: bedun test;✅ poolback: poolback tashkhis dadeh shod;❌ Double Top/Bottom: bedun ologhu;✅ filter-e ranj: faseleh EMA=0.0174 [>0.005];✅ filter-e ranj-e tarkibi: diff=0.0174, ADX=71.08, mode=AND -> OK"
DOGE-USDT,LONG,S3,الماس فیلسوف (Diamond Mind),0.08419000,0.08333581,0.08521503,2026-08-21 22:47:41,OPEN,,,,,10.00,,"✅ ghoodat-e kandel 15m: BS15=0.778 [>= 0.6];✅ ghoodat-e kandel 5m: BS5=0.778 [>= 0.6];✅ rawand EMA 1h: EMA21=0.08, EMA50=0.08;✅ rawand EMA 4h: EMA21=0.08, EMA50=0.07, EMA200=0.07;✅ RSI 30m: RSI=53.40;❌ MACD 30m: MACD_hist=-0.0001;❌ vorud-e hoshmand poolback: ghimat=0.0842 EMA=0.0840 RSI=53.4 BS15=0.778;✅ ADX: ADX=71.08 [>22], DI+=489.66, DI-=82.76;✅ CCI obruz az 0: CCI=10.13;✅ SAR: SAR=0.0837, gimat=0.0842;✅ Stochastic cross: K=56.44 D=18.81;❌ rad EMA: bedun rad;❌ test-e moqavemat: bedun test;✅ poolback: poolback tashkhis dadeh shod;❌ Double Top/Bottom: bedun ologhu;✅ filter-e ranj: faseleh EMA=0.0174 [>0.005];✅ filter-e ranj-e tarkibi: diff=0.0174, ADX=71.08, mode=AND -> OK"
DOGE-USDT,LONG,B1,موج تند (Fast Wave),0.08419000,0.08333581,0.08504419,2026-08-21 22:47:42,OPEN,,,,,10.00,,"✅ ghoodat-e kandel 15m: BS15=0.778 [>= 0.48];✅ ghoodat-e kandel 5m: BS5=0.778 [>= 0.48];✅ rawand EMA 1h: EMA21=0.08, EMA50=0.08;✅ rawand EMA 4h: EMA21=0.08, EMA50=0.07, EMA200=0.07;✅ RSI 30m: RSI=53.40;❌ MACD 30m: MACD_hist=-0.0001;❌ vorud-e hoshmand poolback: ghimat=0.0842 EMA=0.0840 RSI=53.4 BS15=0.778;✅ ADX: ADX=71.08 [>22], DI+=489.66, DI-=82.76;✅ CCI obruz az 0: CCI=10.13;✅ SAR: SAR=0.0837, gimat=0.0842;✅ Stochastic cross: K=56.44 D=18.81;❌ rad EMA: bedun rad;❌ test-e moqavemat: bedun test;✅ poolback: poolback tashkhis dadeh shod;❌ Double Top/Bottom: bedun ologhu;✅ filter-e ranj: faseleh EMA=0.0174 [>0.005];✅ filter-e ranj-e tarkibi: diff=0.0174, ADX=71.08, mode=OR -> OK"
SUI-USDT,LONG,S1,شیر طلایی (Golden Lion),0.79720000,0.78920280,0.80679664,2026-08-21 22:47:42,OPEN,,,,,10.00,,"✅ ghoodat-e kandel 15m: BS15=0.714 [>= 0.6];✅ ghoodat-e kandel 5m: BS5=0.714 [>= 0.6];✅ rawand EMA 1h: EMA21=0.78, EMA50=0.75;❌ rawand EMA 4h: EMA21=0.73, EMA50=0.70, EMA200=0.71;✅ RSI 30m: RSI=52.27;❌ MACD 30m: MACD_hist=-0.0025;❌ vorud-e hoshmand poolback: ghimat=0.7972 EMA=0.7983 RSI=52.3 BS15=0.714;✅ ADX: ADX=34.97 [>22], DI+=496.77, DI-=239.35;❌ CCI obruz az 0: CCI=-49.65;✅ SAR: SAR=0.7963, gimat=0.7972;✅ Stochastic cross: K=32.73 D=10.91;✅ rad EMA: rad EMA tashkhis dadeh shod;❌ test-e moqavemat: bedun test;✅ poolback: poolback tashkhis dadeh shod;✅ Double Top/Bottom: ologhu=DoubleTop;✅ filter-e ranj: faseleh EMA=0.0274 [>0.005];✅ filter-e ranj-e tarkibi: diff=0.0274, ADX=34.97, mode=AND -> OK"
SUI-USDT,LONG,S2,تیر نقره‌ای (Silver Arrow),0.79720000,0.78920280,0.80679664,2026-08-21 22:47:42,OPEN,,,,,10.00,,"✅ ghoodat-e kandel 15m: BS15=0.714 [>= 0.6];✅ ghoodat-e kandel 5m: BS5=0.714 [>= 0.6];✅ rawand EMA 1h: EMA21=0.78, EMA50=0.75;❌ rawand EMA 4h: EMA21=0.73, EMA50=0.70, EMA200=0.71;✅ RSI 30m: RSI=52.27;❌ MACD 30m: MACD_hist=-0.0025;❌ vorud-e hoshmand poolback: ghimat=0.7972 EMA=0.7983 RSI=52.3 BS15=0.714;✅ ADX: ADX=34.97 [>22], DI+=496.77, DI-=239.35;❌ CCI obruz az 0: CCI=-49.65;✅ SAR: SAR=0.7963, gimat=0.7972;✅ Stochastic cross: K=32.73 D=10.91;✅ rad EMA: rad EMA tashkhis dadeh shod;❌ test-e moqavemat: bedun test;✅ poolback: poolback tashkhis dadeh shod;✅ Double Top/Bottom: ologhu=DoubleTop;✅ filter-e ranj: faseleh EMA=0.0274 [>0.005];✅ filter-e ranj-e tarkibi: diff=0.0274, ADX=34.97, mode=AND -> OK"
SUI-USDT,LONG,S3,الماس فیلسوف (Diamond Mind),0.79720000,0.78920280,0.80679664,2026-08-21 22:47:43,OPEN,,,,,10.00,,"✅ ghoodat-e kandel 15m: BS15=0.714 [>= 0.6];✅ ghoodat-e kandel 5m: BS5=0.714 [>= 0.6];✅ rawand EMA 1h: EMA21=0.78, EMA50=0.75;❌ rawand EMA 4h: EMA21=0.73, EMA50=0.70, EMA200=0.71;✅ RSI 30m: RSI=52.27;❌ MACD 30m: MACD_hist=-0.0025;❌ vorud-e hoshmand poolback: ghimat=0.7972 EMA=0.7983 RSI=52.3 BS15=0.714;✅ ADX: ADX=34.97 [>22], DI+=496.77, DI-=239.35;❌ CCI obruz az 0: CCI=-49.65;✅ SAR: SAR=0.7963, gimat=0.7972;✅ Stochastic cross: K=32.73 D=10.91;✅ rad EMA: rad EMA tashkhis dadeh shod;❌ test-e moqavemat: bedun test;✅ poolback: poolback tashkhis dadeh shod;✅ Double Top/Bottom: ologhu=DoubleTop;✅ filter-e ranj: faseleh EMA=0.0274 [>0.005];✅ filter-e ranj-e tarkibi: diff=0.0274, ADX=34.97, mode=AND -> OK"
SUI-USDT,LONG,B1,موج تند (Fast Wave),0.79720000,0.78920280,0.80519720,2026-08-21 22:47:43,OPEN,,,,,10.00,,"✅ ghoodat-e kandel 15m: BS15=0.714 [>= 0.48];✅ ghoodat-e kandel 5m: BS5=0.714 [>= 0.48];✅ rawand EMA 1h: EMA21=0.78, EMA50=0.75;❌ rawand EMA 4h: EMA21=0.73, EMA50=0.70, EMA200=0.71;✅ RSI 30m: RSI=52.27;❌ MACD 30m: MACD_hist=-0.0025;❌ vorud-e hoshmand poolback: ghimat=0.7972 EMA=0.7983 RSI=52.3 BS15=0.714;✅ ADX: ADX=34.97 [>22], DI+=496.77, DI-=239.35;❌ CCI obruz az 0: CCI=-49.65;✅ SAR: SAR=0.7963, gimat=0.7972;✅ Stochastic cross: K=32.73 D=10.91;✅ rad EMA: rad EMA tashkhis dadeh shod;❌ test-e moqavemat: bedun test;✅ poolback: poolback tashkhis dadeh shod;✅ Double Top/Bottom: ologhu=DoubleTop;✅ filter-e ranj: faseleh EMA=0.0274 [>0.005];✅ filter-e ranj-e tarkibi: diff=0.0274, ADX=34.97, mode=OR -> OK"
NEAR-USDT,LONG,B1,موج تند (Fast Wave),1.87140000,1.86172860,1.88107140,2026-08-21 22:47:44,OPEN,,,,,10.00,,"❌ ghoodat-e kandel 15m: BS15=0.957 [khayli bala - ehtemal-e payan-e harakat];❌ ghoodat-e kandel 5m: BS5=0.957 [khayli bala - ehtemal-e payan-e harakat];✅ rawand EMA 1h: EMA21=1.86, EMA50=1.80;❌ rawand EMA 4h: EMA21=1.76, EMA50=1.70, EMA200=1.74;✅ RSI 30m: RSI=47.54;❌ MACD 30m: MACD_hist=-0.0068;❌ vorud-e hoshmand poolback: ghimat=1.8714 EMA=1.8858 RSI=47.5 BS15=0.957;✅ ADX: ADX=67.95 [>22], DI+=706.00, DI-=134.74;❌ CCI obruz az 0: CCI=-186.43;❌ SAR: SAR=1.8727, gimat=1.8714;✅ Stochastic cross: K=24.49 D=8.16;✅ rad EMA: rad EMA tashkhis dadeh shod;❌ test-e moqavemat: bedun test;✅ poolback: poolback tashkhis dadeh shod;❌ Double Top/Bottom: bedun ologhu;✅ filter-e ranj: faseleh EMA=0.0204 [>0.005];✅ filter-e ranj-e tarkibi: diff=0.0204, ADX=67.95, mode=OR -> OK"
DOT-USDT,LONG,S2,تیر نقره‌ای (Silver Arrow),0.89300000,0.88760700,0.89947160,2026-08-21 22:47:44,OPEN,,,,,10.00,,"❌ ghoodat-e kandel 15m: BS15=0.860 [khayli bala - ehtemal-e payan-e harakat];❌ ghoodat-e kandel 5m: BS5=0.860 [khayli bala - ehtemal-e payan-e harakat];✅ rawand EMA 1h: EMA21=0.88, EMA50=0.85;❌ rawand EMA 4h: EMA21=0.82, EMA50=0.80, EMA200=0.80;✅ RSI 30m: RSI=54.50;❌ MACD 30m: MACD_hist=-0.0019;❌ vorud-e hoshmand poolback: ghimat=0.8930 EMA=0.8917 RSI=54.5 BS15=0.860;✅ ADX: ADX=56.10 [>22], DI+=692.27, DI-=194.70;❌ CCI obruz az 0: CCI=-26.35;✅ SAR: SAR=0.8901, gimat=0.8930;✅ Stochastic cross: K=32.00 D=10.67;❌ rad EMA: bedun rad;❌ test-e moqavemat: bedun test;✅ poolback: poolback tashkhis dadeh shod;✅ Double Top/Bottom: ologhu=DoubleTop;✅ filter-e ranj: faseleh EMA=0.0235 [>0.005];✅ filter-e ranj-e tarkibi: diff=0.0235, ADX=56.10, mode=AND -> OK"
DOT-USDT,LONG,S3,الماس فیلسوف (Diamond Mind),0.89300000,0.88760700,0.89947160,2026-08-21 22:47:44,OPEN,,,,,10.00,,"❌ ghoodat-e kandel 15m: BS15=0.860 [khayli bala - ehtemal-e payan-e harakat];❌ ghoodat-e kandel 5m: BS5=0.860 [khayli bala - ehtemal-e payan-e harakat];✅ rawand EMA 1h: EMA21=0.88, EMA50=0.85;❌ rawand EMA 4h: EMA21=0.82, EMA50=0.80, EMA200=0.80;✅ RSI 30m: RSI=54.50;❌ MACD 30m: MACD_hist=-0.0019;❌ vorud-e hoshmand poolback: ghimat=0.8930 EMA=0.8917 RSI=54.5 BS15=0.860;✅ ADX: ADX=56.10 [>22], DI+=692.27, DI-=194.70;❌ CCI obruz az 0: CCI=-26.35;✅ SAR: SAR=0.8901, gimat=0.8930;✅ Stochastic cross: K=32.00 D=10.67;❌ rad EMA: bedun rad;❌ test-e moqavemat: bedun test;✅ poolback: poolback tashkhis dadeh shod;✅ Double Top/Bottom: ologhu=DoubleTop;✅ filter-e ranj: faseleh EMA=0.0235 [>0.005];✅ filter-e ranj-e tarkibi: diff=0.0235, ADX=56.10, mode=AND -> OK"
DOT-USDT,LONG,B1,موج تند (Fast Wave),0.89300000,0.88760700,0.89839300,2026-08-21 22:47:45,OPEN,,,,,10.00,,"❌ ghoodat-e kandel 15m: BS15=0.860 [khayli bala - ehtemal-e payan-e harakat];❌ ghoodat-e kandel 5m: BS5=0.860 [khayli bala - ehtemal-e payan-e harakat];✅ rawand EMA 1h: EMA21=0.88, EMA50=0.85;❌ rawand EMA 4h: EMA21=0.82, EMA50=0.80, EMA200=0.80;✅ RSI 30m: RSI=54.50;❌ MACD 30m: MACD_hist=-0.0019;❌ vorud-e hoshmand poolback: ghimat=0.8930 EMA=0.8917 RSI=54.5 BS15=0.860;✅ ADX: ADX=56.10 [>22], DI+=692.27, DI-=194.70;❌ CCI obruz az 0: CCI=-26.35;✅ SAR: SAR=0.8901, gimat=0.8930;✅ Stochastic cross: K=32.00 D=10.67;❌ rad EMA: bedun rad;❌ test-e moqavemat: bedun test;✅ poolback: poolback tashkhis dadeh shod;✅ Double Top/Bottom: ologhu=DoubleTop;✅ filter-e ranj: faseleh EMA=0.0235 [>0.005];✅ filter-e ranj-e tarkibi: diff=0.0235, ADX=56.10, mode=OR -> OK"
ADA-USDT,LONG,S1,شیر طلایی (Golden Lion),0.21610000,0.21408390,0.21851932,2026-08-21 22:47:45,OPEN,,,,,10.00,,"❌ ghoodat-e kandel 15m: BS15=0.462 [>= 0.6];❌ ghoodat-e kandel 5m: BS5=0.462 [>= 0.6];✅ rawand EMA 1h: EMA21=0.21, EMA50=0.20;✅ rawand EMA 4h: EMA21=0.20, EMA50=0.19, EMA200=0.18;✅ RSI 30m: RSI=53.91;❌ MACD 30m: MACD_hist=-0.0006;❌ vorud-e hoshmand poolback: ghimat=0.2161 EMA=0.2158 RSI=53.9 BS15=0.462;✅ ADX: ADX=45.00 [>22], DI+=446.15, DI-=169.23;✅ CCI obruz az 0: CCI=-16.72;✅ SAR: SAR=0.2143, gimat=0.2161;✅ Stochastic cross: K=38.46 D=12.82;❌ rad EMA: bedun rad;❌ test-e moqavemat: bedun test;✅ poolback: poolback tashkhis dadeh shod;✅ Double Top/Bottom: ologhu=DoubleTop;✅ filter-e ranj: faseleh EMA=0.0281 [>0.005];✅ filter-e ranj-e tarkibi: diff=0.0281, ADX=45.00, mode=AND -> OK"
LINK-USDT,LONG,S2,تیر نقره‌ای (Silver Arrow),11.58220000,11.37581780,11.82985864,2026-08-21 22:47:46,OPEN,,,,,10.00,,"❌ ghoodat-e kandel 15m: BS15=0.811 [khayli bala - ehtemal-e payan-e harakat];❌ ghoodat-e kandel 5m: BS5=0.811 [khayli bala - ehtemal-e payan-e harakat];✅ rawand EMA 1h: EMA21=11.29, EMA50=10.88;✅ rawand EMA 4h: EMA21=10.58, EMA50=9.91, EMA200=8.92;✅ RSI 30m: RSI=63.57;❌ MACD 30m: MACD_hist=-0.0082;❌ vorud-e hoshmand poolback: ghimat=11.5822 EMA=11.4579 RSI=63.6 BS15=0.811;✅ ADX: ADX=94.51 [>22], DI+=820.82, DI-=23.17;✅ CCI obruz az 0: CCI=89.19;✅ SAR: SAR=11.4910, gimat=11.5822;❌ Stochastic cross: K=79.19 D=26.40;❌ rad EMA: bedun rad;❌ test-e moqavemat: bedun test;✅ poolback: poolback tashkhis dadeh shod;✅ Double Top/Bottom: ologhu=DoubleTop;✅ filter-e ranj: faseleh EMA=0.0220 [>0.005];✅ filter-e ranj-e tarkibi: diff=0.0220, ADX=94.51, mode=AND -> OK"
LINK-USDT,LONG,S3,الماس فیلسوف (Diamond Mind),11.58220000,11.37581780,11.82985864,2026-08-21 22:47:46,OPEN,,,,,10.00,,"❌ ghoodat-e kandel 15m: BS15=0.811 [khayli bala - ehtemal-e payan-e harakat];❌ ghoodat-e kandel 5m: BS5=0.811 [khayli bala - ehtemal-e payan-e harakat];✅ rawand EMA 1h: EMA21=11.29, EMA50=10.88;✅ rawand EMA 4h: EMA21=10.58, EMA50=9.91, EMA200=8.92;✅ RSI 30m: RSI=63.57;❌ MACD 30m: MACD_hist=-0.0082;❌ vorud-e hoshmand poolback: ghimat=11.5822 EMA=11.4579 RSI=63.6 BS15=0.811;✅ ADX: ADX=94.51 [>22], DI+=820.82, DI-=23.17;✅ CCI obruz az 0: CCI=89.19;✅ SAR: SAR=11.4910, gimat=11.5822;❌ Stochastic cross: K=79.19 D=26.40;❌ rad EMA: bedun rad;❌ test-e moqavemat: bedun test;✅ poolback: poolback tashkhis dadeh shod;✅ Double Top/Bottom: ologhu=DoubleTop;✅ filter-e ranj: faseleh EMA=0.0220 [>0.005];✅ filter-e ranj-e tarkibi: diff=0.0220, ADX=94.51, mode=AND -> OK"
AVAX-USDT,LONG,S3,الماس فیلسوف (Diamond Mind),7.52700000,7.46247300,7.60443240,2026-08-21 22:47:47,OPEN,,,,,10.00,,"❌ ghoodat-e kandel 15m: BS15=0.391 [>= 0.6];❌ ghoodat-e kandel 5m: BS5=0.391 [>= 0.6];✅ rawand EMA 1h: EMA21=7.46, EMA50=7.19;✅ rawand EMA 4h: EMA21=6.99, EMA50=6.72, EMA200=6.56;❌ RSI 30m: RSI=49.40;❌ MACD 30m: MACD_hist=-0.0191;❌ vorud-e hoshmand poolback: ghimat=7.5270 EMA=7.5600 RSI=49.4 BS15=0.391;✅ ADX: ADX=85.33 [>22], DI+=986.78, DI-=78.12;❌ CCI obruz az 0: CCI=-107.44;✅ SAR: SAR=7.4749, gimat=7.5270;✅ Stochastic cross: K=24.57 D=8.19;❌ rad EMA: bedun rad;❌ test-e moqavemat: bedun test;✅ poolback: poolback tashkhis dadeh shod;✅ Double Top/Bottom: ologhu=DoubleTop;✅ filter-e ranj: faseleh EMA=0.0194 [>0.005];✅ filter-e ranj-e tarkibi: diff=0.0194, ADX=85.33, mode=AND -> OK"
SEI-USDT,LONG,S2,تیر نقره‌ای (Silver Arrow),0.04631000,0.04610369,0.04655757,2026-08-21 22:47:47,OPEN,,,,,10.00,,"✅ ghoodat-e kandel 15m: BS15=0.650 [>= 0.6];✅ ghoodat-e kandel 5m: BS5=0.650 [>= 0.6];✅ rawand EMA 1h: EMA21=0.05, EMA50=0.04;❌ rawand EMA 4h: EMA21=0.04, EMA50=0.04, EMA200=0.04;✅ RSI 30m: RSI=53.19;❌ MACD 30m: MACD_hist=-0.0001;❌ vorud-e hoshmand poolback: ghimat=0.0463 EMA=0.0464 RSI=53.2 BS15=0.650;✅ ADX: ADX=23.60 [>22], DI+=420.77, DI-=260.11;❌ CCI obruz az 0: CCI=-29.46;❌ SAR: SAR=0.0464, gimat=0.0463;✅ Stochastic cross: K=32.14 D=10.71;❌ rad EMA: bedun rad;❌ test-e moqavemat: bedun test;✅ poolback: poolback tashkhis dadeh shod;✅ Double Top/Bottom: ologhu=DoubleTop;✅ filter-e ranj: faseleh EMA=0.0253 [>0.005];✅ filter-e ranj-e tarkibi: diff=0.0253, ADX=23.60, mode=AND -> OK"
POL-USDT,LONG,B1,موج تند (Fast Wave),0.08910000,0.08801090,0.09018910,2026-08-21 22:47:47,OPEN,,,,,10.00,,"❌ ghoodat-e kandel 15m: BS15=1.000 [khayli bala - ehtemal-e payan-e harakat];❌ ghoodat-e kandel 5m: BS5=1.000 [khayli bala - ehtemal-e payan-e harakat];✅ rawand EMA 1h: EMA21=0.09, EMA50=0.08;✅ rawand EMA 4h: EMA21=0.08, EMA50=0.08, EMA200=0.08;✅ RSI 30m: RSI=55.05;❌ MACD 30m: MACD_hist=-0.0003;❌ vorud-e hoshmand poolback: ghimat=0.0891 EMA=0.0887 RSI=55.1 BS15=1.000;✅ ADX: ADX=76.47 [>22], DI+=617.65, DI-=82.35;❌ CCI obruz az 0: CCI=-40.96;✅ SAR: SAR=0.0881, gimat=0.0891;✅ Stochastic cross: K=53.12 D=17.71;❌ rad EMA: bedun rad;❌ test-e moqavemat: bedun test;✅ poolback: poolback tashkhis dadeh shod;✅ Double Top/Bottom: ologhu=DoubleBottom;✅ filter-e ranj: faseleh EMA=0.0220 [>0.005];✅ filter-e ranj-e tarkibi: diff=0.0220, ADX=76.47, mode=OR -> OK"
