symbol,direction,scenario_id,scenario_name,entry_price,stop_loss,take_profit,issued_at_tehran,status,hit_time_tehran,hit_price,broker_fee,final_pnl_usd,position_size_usd,return_pct,signal_source
ETH-USDT,LONG,S2,تیر نقره‌ای (Silver Arrow),2477.20000000,2456.32280000,2502.25264000,2026-09-06 00:11:10,OPEN,,,,,10.00,,"❌ ghoodat-e kandel 15m: BS15=0.107 [>= 0.6];❌ ghoodat-e kandel 5m: BS5=0.338 [>= 0.6];✅ rawand EMA 1h: EMA21=2465.46, EMA50=2462.34;✅ rawand EMA 4h: EMA21=2461.90, EMA50=2447.70, EMA200=2221.07;❌ RSI 30m: RSI=65.28;✅ MACD 30m: MACD_hist=1.2048;❌ vorud-e hoshmand poolback: ghimat=2477.2000 EMA=2468.9623 RSI=65.3 BS15=0.107;✅ ADX: ADX=31.20 [>22], DI+=314.00, DI-=164.66;✅ CCI obruz az 0: CCI=71.30;✅ SAR: SAR=2475.1376, gimat=2477.2000;❌ Stochastic cross: K=73.57 D=24.52;❌ rad EMA: bedun rad;❌ test-e moqavemat: bedun test;✅ poolback: poolback tashkhis dadeh shod;✅ Double Top/Bottom: ologhu=DoubleTop;❌ filter-e ranj: faseleh EMA=0.0016 [>0.005];✅ filter-e ranj-e tarkibi: diff=0.0016, ADX=31.20, mode=AND -> OK"
ETH-USDT,LONG,S3,الماس فیلسوف (Diamond Mind),2477.20000000,2456.32280000,2502.25264000,2026-09-06 00:11:10,OPEN,,,,,10.00,,"❌ ghoodat-e kandel 15m: BS15=0.107 [>= 0.6];❌ ghoodat-e kandel 5m: BS5=0.338 [>= 0.6];✅ rawand EMA 1h: EMA21=2465.46, EMA50=2462.34;✅ rawand EMA 4h: EMA21=2461.90, EMA50=2447.70, EMA200=2221.07;❌ RSI 30m: RSI=65.28;✅ MACD 30m: MACD_hist=1.2048;❌ vorud-e hoshmand poolback: ghimat=2477.2000 EMA=2468.9623 RSI=65.3 BS15=0.107;✅ ADX: ADX=31.20 [>22], DI+=314.00, DI-=164.66;✅ CCI obruz az 0: CCI=71.30;✅ SAR: SAR=2475.1376, gimat=2477.2000;❌ Stochastic cross: K=73.57 D=24.52;❌ rad EMA: bedun rad;❌ test-e moqavemat: bedun test;✅ poolback: poolback tashkhis dadeh shod;✅ Double Top/Bottom: ologhu=DoubleTop;❌ filter-e ranj: faseleh EMA=0.0016 [>0.005];✅ filter-e ranj-e tarkibi: diff=0.0016, ADX=31.20, mode=AND -> OK"
BNB-USDT,LONG,S2,تیر نقره‌ای (Silver Arrow),771.47600000,766.94352400,776.91497120,2026-09-06 00:11:11,OPEN,,,,,10.00,,"❌ ghoodat-e kandel 15m: BS15=0.372 [>= 0.6];❌ ghoodat-e kandel 5m: BS5=0.021 [>= 0.6];✅ rawand EMA 1h: EMA21=753.99, EMA50=736.06;✅ rawand EMA 4h: EMA21=729.73, EMA50=711.32, EMA200=656.41;✅ RSI 30m: RSI=64.21;❌ MACD 30m: MACD_hist=-1.3865;❌ vorud-e hoshmand poolback: ghimat=771.4760 EMA=765.7708 RSI=64.2 BS15=0.372;❌ ADX: ADX=10.81 [>22], DI+=344.53, DI-=277.34;✅ CCI obruz az 0: CCI=29.52;✅ SAR: SAR=770.3242, gimat=771.4760;✅ Stochastic cross: K=55.99 D=18.66;❌ rad EMA: bedun rad;❌ test-e moqavemat: bedun test;✅ poolback: poolback tashkhis dadeh shod;✅ Double Top/Bottom: ologhu=DoubleTop;✅ filter-e ranj: faseleh EMA=0.0199 [>0.005];✅ filter-e ranj-e tarkibi: diff=0.0199, ADX=10.81, mode=AND -> OK"
BNB-USDT,LONG,S3,الماس فیلسوف (Diamond Mind),771.47600000,766.94352400,776.91497120,2026-09-06 00:11:11,OPEN,,,,,10.00,,"❌ ghoodat-e kandel 15m: BS15=0.372 [>= 0.6];❌ ghoodat-e kandel 5m: BS5=0.021 [>= 0.6];✅ rawand EMA 1h: EMA21=753.99, EMA50=736.06;✅ rawand EMA 4h: EMA21=729.73, EMA50=711.32, EMA200=656.41;✅ RSI 30m: RSI=64.21;❌ MACD 30m: MACD_hist=-1.3865;❌ vorud-e hoshmand poolback: ghimat=771.4760 EMA=765.7708 RSI=64.2 BS15=0.372;❌ ADX: ADX=10.81 [>22], DI+=344.53, DI-=277.34;✅ CCI obruz az 0: CCI=29.52;✅ SAR: SAR=770.3242, gimat=771.4760;✅ Stochastic cross: K=55.99 D=18.66;❌ rad EMA: bedun rad;❌ test-e moqavemat: bedun test;✅ poolback: poolback tashkhis dadeh shod;✅ Double Top/Bottom: ologhu=DoubleTop;✅ filter-e ranj: faseleh EMA=0.0199 [>0.005];✅ filter-e ranj-e tarkibi: diff=0.0199, ADX=10.81, mode=AND -> OK"
SOL-USDT,LONG,S2,تیر نقره‌ای (Silver Arrow),103.24000000,102.69676000,103.89188800,2026-09-06 00:11:12,OPEN,,,,,10.00,,"❌ ghoodat-e kandel 15m: BS15=0.150 [>= 0.6];❌ ghoodat-e kandel 5m: BS5=0.000 [>= 0.6];✅ rawand EMA 1h: EMA21=102.89, EMA50=102.58;✅ rawand EMA 4h: EMA21=102.50, EMA50=101.71, EMA200=90.29;✅ RSI 30m: RSI=52.97;❌ MACD 30m: MACD_hist=-0.0340;❌ vorud-e hoshmand poolback: ghimat=103.2400 EMA=103.2004 RSI=53.0 BS15=0.150;❌ ADX: ADX=6.45 [>22], DI+=288.63, DI-=328.44;✅ CCI obruz az 0: CCI=9.85;✅ SAR: SAR=103.2086, gimat=103.2400;✅ Stochastic cross: K=34.30 D=11.43;❌ rad EMA: bedun rad;❌ test-e moqavemat: bedun test;✅ poolback: poolback tashkhis dadeh shod;✅ Double Top/Bottom: ologhu=DoubleBottom;❌ filter-e ranj: faseleh EMA=0.0037 [>0.005];✅ filter-e ranj-e tarkibi: diff=0.0037, ADX=6.45, mode=AND -> OK"
LTC-USDT,LONG,S2,تیر نقره‌ای (Silver Arrow),53.86000000,53.60614000,54.16463200,2026-09-06 00:11:12,OPEN,,,,,10.00,,"❌ ghoodat-e kandel 15m: BS15=0.471 [>= 0.6];❌ ghoodat-e kandel 5m: BS5=1.000 [khayli bala - ehtemal-e payan-e harakat];✅ rawand EMA 1h: EMA21=53.30, EMA50=52.22;✅ rawand EMA 4h: EMA21=51.77, EMA50=50.69, EMA200=48.22;✅ RSI 30m: RSI=52.16;❌ MACD 30m: MACD_hist=-0.0956;❌ vorud-e hoshmand poolback: ghimat=53.8600 EMA=53.9224 RSI=52.2 BS15=0.471;❌ ADX: ADX=2.44 [>22], DI+=190.91, DI-=181.82;✅ CCI obruz az 0: CCI=-17.38;❌ SAR: SAR=53.8758, gimat=53.8600;✅ Stochastic cross: K=24.24 D=8.08;✅ rad EMA: rad EMA tashkhis dadeh shod;❌ test-e moqavemat: bedun test;✅ poolback: poolback tashkhis dadeh shod;✅ Double Top/Bottom: ologhu=DoubleTop;✅ filter-e ranj: faseleh EMA=0.0151 [>0.005];✅ filter-e ranj-e tarkibi: diff=0.0151, ADX=2.44, mode=AND -> OK"
LTC-USDT,LONG,S3,الماس فیلسوف (Diamond Mind),53.86000000,53.60614000,54.16463200,2026-09-06 00:11:16,OPEN,,,,,10.00,,"❌ ghoodat-e kandel 15m: BS15=0.471 [>= 0.6];❌ ghoodat-e kandel 5m: BS5=1.000 [khayli bala - ehtemal-e payan-e harakat];✅ rawand EMA 1h: EMA21=53.30, EMA50=52.22;✅ rawand EMA 4h: EMA21=51.77, EMA50=50.69, EMA200=48.22;✅ RSI 30m: RSI=52.16;❌ MACD 30m: MACD_hist=-0.0956;❌ vorud-e hoshmand poolback: ghimat=53.8600 EMA=53.9224 RSI=52.2 BS15=0.471;❌ ADX: ADX=2.44 [>22], DI+=190.91, DI-=181.82;✅ CCI obruz az 0: CCI=-17.38;❌ SAR: SAR=53.8758, gimat=53.8600;✅ Stochastic cross: K=24.24 D=8.08;✅ rad EMA: rad EMA tashkhis dadeh shod;❌ test-e moqavemat: bedun test;✅ poolback: poolback tashkhis dadeh shod;✅ Double Top/Bottom: ologhu=DoubleTop;✅ filter-e ranj: faseleh EMA=0.0151 [>0.005];✅ filter-e ranj-e tarkibi: diff=0.0151, ADX=2.44, mode=AND -> OK"
DOGE-USDT,LONG,S2,تیر نقره‌ای (Silver Arrow),0.09070000,0.08723930,0.09485284,2026-09-06 00:11:17,OPEN,,,,,10.00,,"❌ ghoodat-e kandel 15m: BS15=0.122 [>= 0.6];❌ ghoodat-e kandel 5m: BS5=1.000 [khayli bala - ehtemal-e payan-e harakat];✅ rawand EMA 1h: EMA21=0.09, EMA50=0.09;✅ rawand EMA 4h: EMA21=0.09, EMA50=0.09, EMA200=0.08;✅ RSI 30m: RSI=63.27;❌ MACD 30m: MACD_hist=0.0001;❌ vorud-e hoshmand poolback: ghimat=0.0907 EMA=0.0892 RSI=63.3 BS15=0.122;❌ ADX: ADX=5.66 [>22], DI+=280.00, DI-=250.00;✅ CCI obruz az 0: CCI=61.11;✅ SAR: SAR=0.0905, gimat=0.0907;✅ Stochastic cross: K=44.50 D=14.83;❌ rad EMA: bedun rad;❌ test-e moqavemat: bedun test;✅ poolback: poolback tashkhis dadeh shod;❌ Double Top/Bottom: bedun ologhu;✅ filter-e ranj: faseleh EMA=0.0179 [>0.005];✅ filter-e ranj-e tarkibi: diff=0.0179, ADX=5.66, mode=AND -> OK"
DOGE-USDT,LONG,S3,الماس فیلسوف (Diamond Mind),0.09070000,0.08723930,0.09485284,2026-09-06 00:11:17,OPEN,,,,,10.00,,"❌ ghoodat-e kandel 15m: BS15=0.122 [>= 0.6];❌ ghoodat-e kandel 5m: BS5=1.000 [khayli bala - ehtemal-e payan-e harakat];✅ rawand EMA 1h: EMA21=0.09, EMA50=0.09;✅ rawand EMA 4h: EMA21=0.09, EMA50=0.09, EMA200=0.08;✅ RSI 30m: RSI=63.27;❌ MACD 30m: MACD_hist=0.0001;❌ vorud-e hoshmand poolback: ghimat=0.0907 EMA=0.0892 RSI=63.3 BS15=0.122;❌ ADX: ADX=5.66 [>22], DI+=280.00, DI-=250.00;✅ CCI obruz az 0: CCI=61.11;✅ SAR: SAR=0.0905, gimat=0.0907;✅ Stochastic cross: K=44.50 D=14.83;❌ rad EMA: bedun rad;❌ test-e moqavemat: bedun test;✅ poolback: poolback tashkhis dadeh shod;❌ Double Top/Bottom: bedun ologhu;✅ filter-e ranj: faseleh EMA=0.0179 [>0.005];✅ filter-e ranj-e tarkibi: diff=0.0179, ADX=5.66, mode=AND -> OK"
SUI-USDT,LONG,S2,تیر نقره‌ای (Silver Arrow),0.80200000,0.79089800,0.81532240,2026-09-06 00:11:18,OPEN,,,,,10.00,,"❌ ghoodat-e kandel 15m: BS15=0.587 [>= 0.6];❌ ghoodat-e kandel 5m: BS5=1.000 [khayli bala - ehtemal-e payan-e harakat];✅ rawand EMA 1h: EMA21=0.79, EMA50=0.78;✅ rawand EMA 4h: EMA21=0.77, EMA50=0.76, EMA200=0.73;✅ RSI 30m: RSI=58.74;❌ MACD 30m: MACD_hist=-0.0008;❌ vorud-e hoshmand poolback: ghimat=0.8020 EMA=0.7969 RSI=58.7 BS15=0.587;❌ ADX: ADX=14.29 [>22], DI+=224.43, DI-=299.24;✅ CCI obruz az 0: CCI=36.09;✅ SAR: SAR=0.7982, gimat=0.8020;✅ Stochastic cross: K=49.05 D=16.35;❌ rad EMA: bedun rad;❌ test-e moqavemat: bedun test;✅ poolback: poolback tashkhis dadeh shod;✅ Double Top/Bottom: ologhu=DoubleBottom;✅ filter-e ranj: faseleh EMA=0.0133 [>0.005];✅ filter-e ranj-e tarkibi: diff=0.0133, ADX=14.29, mode=AND -> OK"
SUI-USDT,LONG,S3,الماس فیلسوف (Diamond Mind),0.80200000,0.79089800,0.81532240,2026-09-06 00:11:18,OPEN,,,,,10.00,,"❌ ghoodat-e kandel 15m: BS15=0.587 [>= 0.6];❌ ghoodat-e kandel 5m: BS5=1.000 [khayli bala - ehtemal-e payan-e harakat];✅ rawand EMA 1h: EMA21=0.79, EMA50=0.78;✅ rawand EMA 4h: EMA21=0.77, EMA50=0.76, EMA200=0.73;✅ RSI 30m: RSI=58.74;❌ MACD 30m: MACD_hist=-0.0008;❌ vorud-e hoshmand poolback: ghimat=0.8020 EMA=0.7969 RSI=58.7 BS15=0.587;❌ ADX: ADX=14.29 [>22], DI+=224.43, DI-=299.24;✅ CCI obruz az 0: CCI=36.09;✅ SAR: SAR=0.7982, gimat=0.8020;✅ Stochastic cross: K=49.05 D=16.35;❌ rad EMA: bedun rad;❌ test-e moqavemat: bedun test;✅ poolback: poolback tashkhis dadeh shod;✅ Double Top/Bottom: ologhu=DoubleBottom;✅ filter-e ranj: faseleh EMA=0.0133 [>0.005];✅ filter-e ranj-e tarkibi: diff=0.0133, ADX=14.29, mode=AND -> OK"
NEAR-USDT,LONG,S2,تیر نقره‌ای (Silver Arrow),2.18160000,2.17261840,2.19237792,2026-09-06 00:11:22,OPEN,,,,,10.00,,"❌ ghoodat-e kandel 15m: BS15=0.456 [>= 0.6];❌ ghoodat-e kandel 5m: BS5=0.091 [>= 0.6];✅ rawand EMA 1h: EMA21=2.19, EMA50=2.12;✅ rawand EMA 4h: EMA21=2.07, EMA50=1.98, EMA200=1.83;❌ RSI 30m: RSI=43.91;❌ MACD 30m: MACD_hist=-0.0057;❌ vorud-e hoshmand poolback: ghimat=2.1816 EMA=2.2092 RSI=43.9 BS15=0.456;✅ ADX: ADX=54.80 [>22], DI+=379.93, DI-=110.95;❌ CCI obruz az 0: CCI=-94.06;✅ SAR: SAR=2.1813, gimat=2.1816;✅ Stochastic cross: K=20.19 D=6.73;❌ rad EMA: bedun rad;❌ test-e moqavemat: bedun test;✅ poolback: poolback tashkhis dadeh shod;✅ Double Top/Bottom: ologhu=DoubleBottom;✅ filter-e ranj: faseleh EMA=0.0132 [>0.005];✅ filter-e ranj-e tarkibi: diff=0.0132, ADX=54.80, mode=AND -> OK"
NEAR-USDT,LONG,S3,الماس فیلسوف (Diamond Mind),2.18160000,2.17261840,2.19237792,2026-09-06 00:11:22,OPEN,,,,,10.00,,"❌ ghoodat-e kandel 15m: BS15=0.456 [>= 0.6];❌ ghoodat-e kandel 5m: BS5=0.091 [>= 0.6];✅ rawand EMA 1h: EMA21=2.19, EMA50=2.12;✅ rawand EMA 4h: EMA21=2.07, EMA50=1.98, EMA200=1.83;❌ RSI 30m: RSI=43.91;❌ MACD 30m: MACD_hist=-0.0057;❌ vorud-e hoshmand poolback: ghimat=2.1816 EMA=2.2092 RSI=43.9 BS15=0.456;✅ ADX: ADX=54.80 [>22], DI+=379.93, DI-=110.95;❌ CCI obruz az 0: CCI=-94.06;✅ SAR: SAR=2.1813, gimat=2.1816;✅ Stochastic cross: K=20.19 D=6.73;❌ rad EMA: bedun rad;❌ test-e moqavemat: bedun test;✅ poolback: poolback tashkhis dadeh shod;✅ Double Top/Bottom: ologhu=DoubleBottom;✅ filter-e ranj: faseleh EMA=0.0132 [>0.005];✅ filter-e ranj-e tarkibi: diff=0.0132, ADX=54.80, mode=AND -> OK"
DOT-USDT,LONG,S2,تیر نقره‌ای (Silver Arrow),0.91190000,0.90568810,0.91935428,2026-09-06 00:11:23,OPEN,,,,,10.00,,"❌ ghoodat-e kandel 15m: BS15=0.458 [>= 0.6];❌ ghoodat-e kandel 5m: BS5=0.571 [>= 0.6];✅ rawand EMA 1h: EMA21=0.90, EMA50=0.89;✅ rawand EMA 4h: EMA21=0.89, EMA50=0.87, EMA200=0.84;✅ RSI 30m: RSI=55.91;❌ MACD 30m: MACD_hist=-0.0008;❌ vorud-e hoshmand poolback: ghimat=0.9119 EMA=0.9094 RSI=55.9 BS15=0.458;❌ ADX: ADX=22.12 [>22], DI+=247.06, DI-=387.36;✅ CCI obruz az 0: CCI=22.65;✅ SAR: SAR=0.9086, gimat=0.9119;✅ Stochastic cross: K=47.75 D=15.92;❌ rad EMA: bedun rad;❌ test-e moqavemat: bedun test;✅ poolback: poolback tashkhis dadeh shod;✅ Double Top/Bottom: ologhu=DoubleTop;✅ filter-e ranj: faseleh EMA=0.0088 [>0.005];✅ filter-e ranj-e tarkibi: diff=0.0088, ADX=22.12, mode=AND -> OK"
DOT-USDT,LONG,S3,الماس فیلسوف (Diamond Mind),0.91190000,0.90568810,0.91935428,2026-09-06 00:11:23,OPEN,,,,,10.00,,"❌ ghoodat-e kandel 15m: BS15=0.458 [>= 0.6];❌ ghoodat-e kandel 5m: BS5=0.571 [>= 0.6];✅ rawand EMA 1h: EMA21=0.90, EMA50=0.89;✅ rawand EMA 4h: EMA21=0.89, EMA50=0.87, EMA200=0.84;✅ RSI 30m: RSI=55.91;❌ MACD 30m: MACD_hist=-0.0008;❌ vorud-e hoshmand poolback: ghimat=0.9119 EMA=0.9094 RSI=55.9 BS15=0.458;❌ ADX: ADX=22.12 [>22], DI+=247.06, DI-=387.36;✅ CCI obruz az 0: CCI=22.65;✅ SAR: SAR=0.9086, gimat=0.9119;✅ Stochastic cross: K=47.75 D=15.92;❌ rad EMA: bedun rad;❌ test-e moqavemat: bedun test;✅ poolback: poolback tashkhis dadeh shod;✅ Double Top/Bottom: ologhu=DoubleTop;✅ filter-e ranj: faseleh EMA=0.0088 [>0.005];✅ filter-e ranj-e tarkibi: diff=0.0088, ADX=22.12, mode=AND -> OK"
LINK-USDT,LONG,S2,تیر نقره‌ای (Silver Arrow),11.99940000,11.88400060,12.13787928,2026-09-06 00:11:24,OPEN,,,,,10.00,,"❌ ghoodat-e kandel 15m: BS15=0.197 [>= 0.6];❌ ghoodat-e kandel 5m: BS5=0.125 [>= 0.6];✅ rawand EMA 1h: EMA21=11.86, EMA50=11.75;✅ rawand EMA 4h: EMA21=11.70, EMA50=11.53, EMA200=10.29;✅ RSI 30m: RSI=59.42;❌ MACD 30m: MACD_hist=-0.0027;❌ vorud-e hoshmand poolback: ghimat=11.9994 EMA=11.9421 RSI=59.4 BS15=0.197;❌ ADX: ADX=72.83 [>22], DI+=45.45, DI-=289.09;✅ CCI obruz az 0: CCI=39.61;✅ SAR: SAR=11.9778, gimat=11.9994;✅ Stochastic cross: K=39.07 D=13.02;❌ rad EMA: bedun rad;❌ test-e moqavemat: bedun test;✅ poolback: poolback tashkhis dadeh shod;❌ Double Top/Bottom: bedun ologhu;✅ filter-e ranj: faseleh EMA=0.0080 [>0.005];✅ filter-e ranj-e tarkibi: diff=0.0080, ADX=72.83, mode=AND -> OK"
LINK-USDT,LONG,S3,الماس فیلسوف (Diamond Mind),11.99940000,11.88400060,12.13787928,2026-09-06 00:11:28,OPEN,,,,,10.00,,"❌ ghoodat-e kandel 15m: BS15=0.197 [>= 0.6];❌ ghoodat-e kandel 5m: BS5=0.125 [>= 0.6];✅ rawand EMA 1h: EMA21=11.86, EMA50=11.75;✅ rawand EMA 4h: EMA21=11.70, EMA50=11.53, EMA200=10.29;✅ RSI 30m: RSI=59.42;❌ MACD 30m: MACD_hist=-0.0027;❌ vorud-e hoshmand poolback: ghimat=11.9994 EMA=11.9421 RSI=59.4 BS15=0.197;❌ ADX: ADX=72.83 [>22], DI+=45.45, DI-=289.09;✅ CCI obruz az 0: CCI=39.61;✅ SAR: SAR=11.9778, gimat=11.9994;✅ Stochastic cross: K=39.07 D=13.02;❌ rad EMA: bedun rad;❌ test-e moqavemat: bedun test;✅ poolback: poolback tashkhis dadeh shod;❌ Double Top/Bottom: bedun ologhu;✅ filter-e ranj: faseleh EMA=0.0080 [>0.005];✅ filter-e ranj-e tarkibi: diff=0.0080, ADX=72.83, mode=AND -> OK"
AVAX-USDT,LONG,S3,الماس فیلسوف (Diamond Mind),7.58600000,7.52041400,7.66470320,2026-09-06 00:11:28,OPEN,,,,,10.00,,"❌ ghoodat-e kandel 15m: BS15=0.200 [>= 0.6];❌ ghoodat-e kandel 5m: BS5=1.000 [khayli bala - ehtemal-e payan-e harakat];✅ rawand EMA 1h: EMA21=7.52, EMA50=7.46;✅ rawand EMA 4h: EMA21=7.44, EMA50=7.36, EMA200=6.99;✅ RSI 30m: RSI=61.07;❌ MACD 30m: MACD_hist=-0.0019;❌ vorud-e hoshmand poolback: ghimat=7.5860 EMA=7.5589 RSI=61.1 BS15=0.200;❌ ADX: ADX=31.71 [>22], DI+=200.68, DI-=387.03;✅ CCI obruz az 0: CCI=51.28;✅ SAR: SAR=7.5751, gimat=7.5860;✅ Stochastic cross: K=50.86 D=16.95;❌ rad EMA: bedun rad;❌ test-e moqavemat: bedun test;✅ poolback: poolback tashkhis dadeh shod;✅ Double Top/Bottom: ologhu=DoubleTop;✅ filter-e ranj: faseleh EMA=0.0069 [>0.005];✅ filter-e ranj-e tarkibi: diff=0.0069, ADX=31.71, mode=AND -> OK"
ETH-USDT,LONG,S2,تیر نقره‌ای (Silver Arrow),2505.21000000,2475.25479000,2541.15625200,2026-09-06 05:46:31,OPEN,,,,,10.00,,"✅ ghoodat-e kandel 15m: BS15=0.604 [>= 0.6];✅ ghoodat-e kandel 5m: BS5=0.604 [>= 0.6];✅ rawand EMA 1h: EMA21=2477.55, EMA50=2468.76;✅ rawand EMA 4h: EMA21=2466.10, EMA50=2450.07, EMA200=2222.86;❌ RSI 30m: RSI=78.11;✅ MACD 30m: MACD_hist=1.9300;❌ vorud-e hoshmand poolback: ghimat=2505.2100 EMA=2483.2553 RSI=78.1 BS15=0.604;❌ ADX: ADX=3.80 [>22], DI+=275.50, DI-=297.28;❌ CCI obruz az 0: CCI=231.92 [eshba-e kharid];✅ SAR: SAR=2493.8134, gimat=2505.2100;❌ Stochastic cross: K=85.60 [eshba-e kharid];❌ rad EMA: bedun rad;❌ test-e moqavemat: bedun test;✅ poolback: poolback tashkhis dadeh shod;✅ Double Top/Bottom: ologhu=DoubleTop;❌ filter-e ranj: faseleh EMA=0.0038 [>0.005];✅ filter-e ranj-e tarkibi: diff=0.0038, ADX=3.80, mode=AND -> OK"
LTC-USDT,LONG,S1,شیر طلایی (Golden Lion),54.80000000,54.10520000,55.63376000,2026-09-06 05:46:32,OPEN,,,,,10.00,,"✅ ghoodat-e kandel 15m: BS15=0.714 [>= 0.6];✅ ghoodat-e kandel 5m: BS5=0.714 [>= 0.6];✅ rawand EMA 1h: EMA21=53.90, EMA50=52.75;✅ rawand EMA 4h: EMA21=52.12, EMA50=50.88, EMA200=48.28;✅ RSI 30m: RSI=61.84;❌ MACD 30m: MACD_hist=-0.0389;❌ vorud-e hoshmand poolback: ghimat=54.8000 EMA=54.3968 RSI=61.8 BS15=0.714;✅ ADX: ADX=34.37 [>22], DI+=383.44, DI-=187.26;✅ CCI obruz az 0: CCI=48.01;✅ SAR: SAR=54.5082, gimat=54.8000;✅ Stochastic cross: K=68.07 D=22.69;❌ rad EMA: bedun rad;❌ test-e moqavemat: bedun test;✅ poolback: poolback tashkhis dadeh shod;✅ Double Top/Bottom: ologhu=DoubleTop;✅ filter-e ranj: faseleh EMA=0.0136 [>0.005];✅ filter-e ranj-e tarkibi: diff=0.0136, ADX=34.37, mode=AND -> OK"
LTC-USDT,LONG,S2,تیر نقره‌ای (Silver Arrow),54.80000000,54.10520000,55.63376000,2026-09-06 05:46:32,OPEN,,,,,10.00,,"✅ ghoodat-e kandel 15m: BS15=0.714 [>= 0.6];✅ ghoodat-e kandel 5m: BS5=0.714 [>= 0.6];✅ rawand EMA 1h: EMA21=53.90, EMA50=52.75;✅ rawand EMA 4h: EMA21=52.12, EMA50=50.88, EMA200=48.28;✅ RSI 30m: RSI=61.84;❌ MACD 30m: MACD_hist=-0.0389;❌ vorud-e hoshmand poolback: ghimat=54.8000 EMA=54.3968 RSI=61.8 BS15=0.714;✅ ADX: ADX=34.37 [>22], DI+=383.44, DI-=187.26;✅ CCI obruz az 0: CCI=48.01;✅ SAR: SAR=54.5082, gimat=54.8000;✅ Stochastic cross: K=68.07 D=22.69;❌ rad EMA: bedun rad;❌ test-e moqavemat: bedun test;✅ poolback: poolback tashkhis dadeh shod;✅ Double Top/Bottom: ologhu=DoubleTop;✅ filter-e ranj: faseleh EMA=0.0136 [>0.005];✅ filter-e ranj-e tarkibi: diff=0.0136, ADX=34.37, mode=AND -> OK"
LTC-USDT,LONG,S3,الماس فیلسوف (Diamond Mind),54.80000000,54.10520000,55.63376000,2026-09-06 05:46:33,OPEN,,,,,10.00,,"✅ ghoodat-e kandel 15m: BS15=0.714 [>= 0.6];✅ ghoodat-e kandel 5m: BS5=0.714 [>= 0.6];✅ rawand EMA 1h: EMA21=53.90, EMA50=52.75;✅ rawand EMA 4h: EMA21=52.12, EMA50=50.88, EMA200=48.28;✅ RSI 30m: RSI=61.84;❌ MACD 30m: MACD_hist=-0.0389;❌ vorud-e hoshmand poolback: ghimat=54.8000 EMA=54.3968 RSI=61.8 BS15=0.714;✅ ADX: ADX=34.37 [>22], DI+=383.44, DI-=187.26;✅ CCI obruz az 0: CCI=48.01;✅ SAR: SAR=54.5082, gimat=54.8000;✅ Stochastic cross: K=68.07 D=22.69;❌ rad EMA: bedun rad;❌ test-e moqavemat: bedun test;✅ poolback: poolback tashkhis dadeh shod;✅ Double Top/Bottom: ologhu=DoubleTop;✅ filter-e ranj: faseleh EMA=0.0136 [>0.005];✅ filter-e ranj-e tarkibi: diff=0.0136, ADX=34.37, mode=AND -> OK"
LTC-USDT,LONG,B1,موج تند (Fast Wave),54.80000000,54.10520000,55.49480000,2026-09-06 05:46:33,OPEN,,,,,10.00,,"✅ ghoodat-e kandel 15m: BS15=0.714 [>= 0.48];✅ ghoodat-e kandel 5m: BS5=0.714 [>= 0.48];✅ rawand EMA 1h: EMA21=53.90, EMA50=52.75;✅ rawand EMA 4h: EMA21=52.12, EMA50=50.88, EMA200=48.28;✅ RSI 30m: RSI=61.84;❌ MACD 30m: MACD_hist=-0.0389;❌ vorud-e hoshmand poolback: ghimat=54.8000 EMA=54.3968 RSI=61.8 BS15=0.714;✅ ADX: ADX=34.37 [>22], DI+=383.44, DI-=187.26;✅ CCI obruz az 0: CCI=48.01;✅ SAR: SAR=54.5082, gimat=54.8000;✅ Stochastic cross: K=68.07 D=22.69;❌ rad EMA: bedun rad;❌ test-e moqavemat: bedun test;✅ poolback: poolback tashkhis dadeh shod;✅ Double Top/Bottom: ologhu=DoubleTop;✅ filter-e ranj: faseleh EMA=0.0136 [>0.005];✅ filter-e ranj-e tarkibi: diff=0.0136, ADX=34.37, mode=OR -> OK"
SUI-USDT,LONG,S2,تیر نقره‌ای (Silver Arrow),0.80390000,0.79179610,0.81842468,2026-09-06 05:46:33,OPEN,,,,,10.00,,"✅ ghoodat-e kandel 15m: BS15=0.750 [>= 0.6];✅ ghoodat-e kandel 5m: BS5=0.750 [>= 0.6];✅ rawand EMA 1h: EMA21=0.79, EMA50=0.78;✅ rawand EMA 4h: EMA21=0.77, EMA50=0.76, EMA200=0.73;✅ RSI 30m: RSI=57.98;❌ MACD 30m: MACD_hist=-0.0006;❌ vorud-e hoshmand poolback: ghimat=0.8039 EMA=0.7991 RSI=58.0 BS15=0.750;❌ ADX: ADX=32.75 [>22], DI+=221.36, DI-=436.96;❌ CCI obruz az 0: CCI=109.45 [eshba-e kharid];✅ SAR: SAR=0.8012, gimat=0.8039;✅ Stochastic cross: K=56.22 D=18.74;❌ rad EMA: bedun rad;❌ test-e moqavemat: bedun test;❌ poolback: bedun poolback;✅ Double Top/Bottom: ologhu=DoubleTop;✅ filter-e ranj: faseleh EMA=0.0099 [>0.005];✅ filter-e ranj-e tarkibi: diff=0.0099, ADX=32.75, mode=AND -> OK"
SUI-USDT,LONG,S3,الماس فیلسوف (Diamond Mind),0.80390000,0.79179610,0.81842468,2026-09-06 05:46:37,OPEN,,,,,10.00,,"✅ ghoodat-e kandel 15m: BS15=0.750 [>= 0.6];✅ ghoodat-e kandel 5m: BS5=0.750 [>= 0.6];✅ rawand EMA 1h: EMA21=0.79, EMA50=0.78;✅ rawand EMA 4h: EMA21=0.77, EMA50=0.76, EMA200=0.73;✅ RSI 30m: RSI=57.98;❌ MACD 30m: MACD_hist=-0.0006;❌ vorud-e hoshmand poolback: ghimat=0.8039 EMA=0.7991 RSI=58.0 BS15=0.750;❌ ADX: ADX=32.75 [>22], DI+=221.36, DI-=436.96;❌ CCI obruz az 0: CCI=109.45 [eshba-e kharid];✅ SAR: SAR=0.8012, gimat=0.8039;✅ Stochastic cross: K=56.22 D=18.74;❌ rad EMA: bedun rad;❌ test-e moqavemat: bedun test;❌ poolback: bedun poolback;✅ Double Top/Bottom: ologhu=DoubleTop;✅ filter-e ranj: faseleh EMA=0.0099 [>0.005];✅ filter-e ranj-e tarkibi: diff=0.0099, ADX=32.75, mode=AND -> OK"
NEAR-USDT,LONG,S2,تیر نقره‌ای (Silver Arrow),2.21900000,2.16658100,2.28190280,2026-09-06 05:46:37,OPEN,,,,,10.00,,"❌ ghoodat-e kandel 15m: BS15=0.891 [khayli bala - ehtemal-e payan-e harakat];❌ ghoodat-e kandel 5m: BS5=0.891 [khayli bala - ehtemal-e payan-e harakat];✅ rawand EMA 1h: EMA21=2.19, EMA50=2.13;✅ rawand EMA 4h: EMA21=2.09, EMA50=1.99, EMA200=1.83;✅ RSI 30m: RSI=55.59;✅ MACD 30m: MACD_hist=0.0024;❌ vorud-e hoshmand poolback: ghimat=2.2190 EMA=2.2000 RSI=55.6 BS15=0.891;✅ ADX: ADX=22.30 [>22], DI+=398.87, DI-=253.41;✅ CCI obruz az 0: CCI=52.79;✅ SAR: SAR=2.2012, gimat=2.2190;❌ Stochastic cross: K=72.28 D=24.09;❌ rad EMA: bedun rad;❌ test-e moqavemat: bedun test;❌ poolback: bedun poolback;✅ Double Top/Bottom: ologhu=DoubleBottom;✅ filter-e ranj: faseleh EMA=0.0068 [>0.005];✅ filter-e ranj-e tarkibi: diff=0.0068, ADX=22.30, mode=AND -> OK"
NEAR-USDT,LONG,S3,الماس فیلسوف (Diamond Mind),2.21900000,2.16658100,2.28190280,2026-09-06 05:46:38,OPEN,,,,,10.00,,"❌ ghoodat-e kandel 15m: BS15=0.891 [khayli bala - ehtemal-e payan-e harakat];❌ ghoodat-e kandel 5m: BS5=0.891 [khayli bala - ehtemal-e payan-e harakat];✅ rawand EMA 1h: EMA21=2.19, EMA50=2.13;✅ rawand EMA 4h: EMA21=2.09, EMA50=1.99, EMA200=1.83;✅ RSI 30m: RSI=55.59;✅ MACD 30m: MACD_hist=0.0024;❌ vorud-e hoshmand poolback: ghimat=2.2190 EMA=2.2000 RSI=55.6 BS15=0.891;✅ ADX: ADX=22.30 [>22], DI+=398.87, DI-=253.41;✅ CCI obruz az 0: CCI=52.79;✅ SAR: SAR=2.2012, gimat=2.2190;❌ Stochastic cross: K=72.28 D=24.09;❌ rad EMA: bedun rad;❌ test-e moqavemat: bedun test;❌ poolback: bedun poolback;✅ Double Top/Bottom: ologhu=DoubleBottom;✅ filter-e ranj: faseleh EMA=0.0068 [>0.005];✅ filter-e ranj-e tarkibi: diff=0.0068, ADX=22.30, mode=AND -> OK"
LINK-USDT,LONG,S2,تیر نقره‌ای (Silver Arrow),12.36710000,11.96213290,12.85306052,2026-09-06 05:46:38,OPEN,,,,,10.00,,"✅ ghoodat-e kandel 15m: BS15=0.729 [>= 0.6];✅ ghoodat-e kandel 5m: BS5=0.729 [>= 0.6];✅ rawand EMA 1h: EMA21=12.01, EMA50=11.84;✅ rawand EMA 4h: EMA21=11.76, EMA50=11.57, EMA200=10.31;❌ RSI 30m: RSI=78.04;✅ MACD 30m: MACD_hist=0.0249;❌ vorud-e hoshmand poolback: ghimat=12.3671 EMA=12.0848 RSI=78.0 BS15=0.729;❌ ADX: ADX=28.05 [>22], DI+=194.10, DI-=345.45;❌ CCI obruz az 0: CCI=288.53 [eshba-e kharid];✅ SAR: SAR=12.2032, gimat=12.3671;❌ Stochastic cross: K=81.75 [eshba-e kharid];❌ rad EMA: bedun rad;❌ test-e moqavemat: bedun test;❌ poolback: bedun poolback;✅ Double Top/Bottom: ologhu=DoubleTop;✅ filter-e ranj: faseleh EMA=0.0108 [>0.005];✅ filter-e ranj-e tarkibi: diff=0.0108, ADX=28.05, mode=AND -> OK"
LINK-USDT,LONG,S3,الماس فیلسوف (Diamond Mind),12.36710000,11.96213290,12.85306052,2026-09-06 05:46:39,OPEN,,,,,10.00,,"✅ ghoodat-e kandel 15m: BS15=0.729 [>= 0.6];✅ ghoodat-e kandel 5m: BS5=0.729 [>= 0.6];✅ rawand EMA 1h: EMA21=12.01, EMA50=11.84;✅ rawand EMA 4h: EMA21=11.76, EMA50=11.57, EMA200=10.31;❌ RSI 30m: RSI=78.04;✅ MACD 30m: MACD_hist=0.0249;❌ vorud-e hoshmand poolback: ghimat=12.3671 EMA=12.0848 RSI=78.0 BS15=0.729;❌ ADX: ADX=28.05 [>22], DI+=194.10, DI-=345.45;❌ CCI obruz az 0: CCI=288.53 [eshba-e kharid];✅ SAR: SAR=12.2032, gimat=12.3671;❌ Stochastic cross: K=81.75 [eshba-e kharid];❌ rad EMA: bedun rad;❌ test-e moqavemat: bedun test;❌ poolback: bedun poolback;✅ Double Top/Bottom: ologhu=DoubleTop;✅ filter-e ranj: faseleh EMA=0.0108 [>0.005];✅ filter-e ranj-e tarkibi: diff=0.0108, ADX=28.05, mode=AND -> OK"
AVAX-USDT,LONG,S3,الماس فیلسوف (Diamond Mind),7.68000000,7.56832000,7.81401600,2026-09-06 05:46:42,OPEN,,,,,10.00,,"❌ ghoodat-e kandel 15m: BS15=0.333 [>= 0.6];❌ ghoodat-e kandel 5m: BS5=0.333 [>= 0.6];✅ rawand EMA 1h: EMA21=7.57, EMA50=7.50;✅ rawand EMA 4h: EMA21=7.46, EMA50=7.38, EMA200=7.00;❌ RSI 30m: RSI=69.96;✅ MACD 30m: MACD_hist=0.0042;❌ vorud-e hoshmand poolback: ghimat=7.6800 EMA=7.6082 RSI=70.0 BS15=0.333;✅ ADX: ADX=27.69 [>22], DI+=393.90, DI-=223.05;❌ CCI obruz az 0: CCI=223.75 [eshba-e kharid];✅ SAR: SAR=7.6552, gimat=7.6800;❌ Stochastic cross: K=73.38 D=24.46;❌ rad EMA: bedun rad;❌ test-e moqavemat: bedun test;✅ poolback: poolback tashkhis dadeh shod;✅ Double Top/Bottom: ologhu=DoubleTop;✅ filter-e ranj: faseleh EMA=0.0075 [>0.005];✅ filter-e ranj-e tarkibi: diff=0.0075, ADX=27.69, mode=AND -> OK"
BNB-USDT,LONG,S2,تیر نقره‌ای (Silver Arrow),763.16900000,759.96083100,767.01880280,2026-09-06 06:12:41,OPEN,,,,,10.00,,"❌ ghoodat-e kandel 15m: BS15=0.516 [>= 0.6];✅ ghoodat-e kandel 5m: BS5=0.683 [>= 0.6];✅ rawand EMA 1h: EMA21=759.47, EMA50=742.62;✅ rawand EMA 4h: EMA21=732.33, EMA50=713.16, EMA200=657.29;❌ RSI 30m: RSI=47.38;❌ MACD 30m: MACD_hist=-2.1726;✅ vorud-e hoshmand poolback: ghimat=763.1690 EMA=766.0138 RSI=47.4 BS15=0.516;❌ ADX: ADX=38.96 [>22], DI+=199.78, DI-=454.77;❌ CCI obruz az 0: CCI=-125.84;✅ SAR: SAR=760.7539, gimat=763.1690;❌ Stochastic cross: K=18.66 D=6.22;❌ rad EMA: bedun rad;❌ test-e moqavemat: bedun test;✅ poolback: poolback tashkhis dadeh shod;✅ Double Top/Bottom: ologhu=DoubleTop;✅ filter-e ranj: faseleh EMA=0.0124 [>0.005];✅ filter-e ranj-e tarkibi: diff=0.0124, ADX=38.96, mode=AND -> OK"
BNB-USDT,LONG,S3,الماس فیلسوف (Diamond Mind),763.16900000,759.96083100,767.01880280,2026-09-06 06:12:42,OPEN,,,,,10.00,,"❌ ghoodat-e kandel 15m: BS15=0.516 [>= 0.6];✅ ghoodat-e kandel 5m: BS5=0.683 [>= 0.6];✅ rawand EMA 1h: EMA21=759.47, EMA50=742.62;✅ rawand EMA 4h: EMA21=732.33, EMA50=713.16, EMA200=657.29;❌ RSI 30m: RSI=47.38;❌ MACD 30m: MACD_hist=-2.1726;✅ vorud-e hoshmand poolback: ghimat=763.1690 EMA=766.0138 RSI=47.4 BS15=0.516;❌ ADX: ADX=38.96 [>22], DI+=199.78, DI-=454.77;❌ CCI obruz az 0: CCI=-125.84;✅ SAR: SAR=760.7539, gimat=763.1690;❌ Stochastic cross: K=18.66 D=6.22;❌ rad EMA: bedun rad;❌ test-e moqavemat: bedun test;✅ poolback: poolback tashkhis dadeh shod;✅ Double Top/Bottom: ologhu=DoubleTop;✅ filter-e ranj: faseleh EMA=0.0124 [>0.005];✅ filter-e ranj-e tarkibi: diff=0.0124, ADX=38.96, mode=AND -> OK"
LTC-USDT,LONG,S1,شیر طلایی (Golden Lion),54.82000000,54.27518000,55.47378400,2026-09-06 06:12:42,OPEN,,,,,10.00,,"❌ ghoodat-e kandel 15m: BS15=0.133 [>= 0.6];❌ ghoodat-e kandel 5m: BS5=1.000 [khayli bala - ehtemal-e payan-e harakat];✅ rawand EMA 1h: EMA21=53.90, EMA50=52.75;✅ rawand EMA 4h: EMA21=52.12, EMA50=50.89, EMA200=48.28;✅ RSI 30m: RSI=62.17;❌ MACD 30m: MACD_hist=-0.0346;❌ vorud-e hoshmand poolback: ghimat=54.8200 EMA=54.4352 RSI=62.2 BS15=0.133;✅ ADX: ADX=36.36 [>22], DI+=391.30, DI-=182.61;✅ CCI obruz az 0: CCI=83.33;✅ SAR: SAR=54.4110, gimat=54.8200;✅ Stochastic cross: K=69.28 D=23.09;❌ rad EMA: bedun rad;❌ test-e moqavemat: bedun test;✅ poolback: poolback tashkhis dadeh shod;✅ Double Top/Bottom: ologhu=DoubleTop;✅ filter-e ranj: faseleh EMA=0.0134 [>0.005];✅ filter-e ranj-e tarkibi: diff=0.0134, ADX=36.36, mode=AND -> OK"
LTC-USDT,LONG,S2,تیر نقره‌ای (Silver Arrow),54.82000000,54.27518000,55.47378400,2026-09-06 06:12:43,OPEN,,,,,10.00,,"❌ ghoodat-e kandel 15m: BS15=0.133 [>= 0.6];❌ ghoodat-e kandel 5m: BS5=1.000 [khayli bala - ehtemal-e payan-e harakat];✅ rawand EMA 1h: EMA21=53.90, EMA50=52.75;✅ rawand EMA 4h: EMA21=52.12, EMA50=50.89, EMA200=48.28;✅ RSI 30m: RSI=62.17;❌ MACD 30m: MACD_hist=-0.0346;❌ vorud-e hoshmand poolback: ghimat=54.8200 EMA=54.4352 RSI=62.2 BS15=0.133;✅ ADX: ADX=36.36 [>22], DI+=391.30, DI-=182.61;✅ CCI obruz az 0: CCI=83.33;✅ SAR: SAR=54.4110, gimat=54.8200;✅ Stochastic cross: K=69.28 D=23.09;❌ rad EMA: bedun rad;❌ test-e moqavemat: bedun test;✅ poolback: poolback tashkhis dadeh shod;✅ Double Top/Bottom: ologhu=DoubleTop;✅ filter-e ranj: faseleh EMA=0.0134 [>0.005];✅ filter-e ranj-e tarkibi: diff=0.0134, ADX=36.36, mode=AND -> OK"
LTC-USDT,LONG,S3,الماس فیلسوف (Diamond Mind),54.82000000,54.27518000,55.47378400,2026-09-06 06:12:44,OPEN,,,,,10.00,,"❌ ghoodat-e kandel 15m: BS15=0.133 [>= 0.6];❌ ghoodat-e kandel 5m: BS5=1.000 [khayli bala - ehtemal-e payan-e harakat];✅ rawand EMA 1h: EMA21=53.90, EMA50=52.75;✅ rawand EMA 4h: EMA21=52.12, EMA50=50.89, EMA200=48.28;✅ RSI 30m: RSI=62.17;❌ MACD 30m: MACD_hist=-0.0346;❌ vorud-e hoshmand poolback: ghimat=54.8200 EMA=54.4352 RSI=62.2 BS15=0.133;✅ ADX: ADX=36.36 [>22], DI+=391.30, DI-=182.61;✅ CCI obruz az 0: CCI=83.33;✅ SAR: SAR=54.4110, gimat=54.8200;✅ Stochastic cross: K=69.28 D=23.09;❌ rad EMA: bedun rad;❌ test-e moqavemat: bedun test;✅ poolback: poolback tashkhis dadeh shod;✅ Double Top/Bottom: ologhu=DoubleTop;✅ filter-e ranj: faseleh EMA=0.0134 [>0.005];✅ filter-e ranj-e tarkibi: diff=0.0134, ADX=36.36, mode=AND -> OK"
SUI-USDT,LONG,S2,تیر نقره‌ای (Silver Arrow),0.79650000,0.79180350,0.80213580,2026-09-06 06:12:44,OPEN,,,,,10.00,,"❌ ghoodat-e kandel 15m: BS15=0.208 [>= 0.6];✅ ghoodat-e kandel 5m: BS5=0.667 [>= 0.6];✅ rawand EMA 1h: EMA21=0.79, EMA50=0.78;✅ rawand EMA 4h: EMA21=0.77, EMA50=0.76, EMA200=0.73;❌ RSI 30m: RSI=49.32;❌ MACD 30m: MACD_hist=-0.0012;❌ vorud-e hoshmand poolback: ghimat=0.7965 EMA=0.7983 RSI=49.3 BS15=0.208;❌ ADX: ADX=17.37 [>22], DI+=284.79, DI-=404.56;❌ CCI obruz az 0: CCI=-76.22;✅ SAR: SAR=0.7962, gimat=0.7965;❌ Stochastic cross: K=19.50 D=6.50;✅ rad EMA: rad EMA tashkhis dadeh shod;❌ test-e moqavemat: bedun test;✅ poolback: poolback tashkhis dadeh shod;✅ Double Top/Bottom: ologhu=DoubleTop;✅ filter-e ranj: faseleh EMA=0.0090 [>0.005];✅ filter-e ranj-e tarkibi: diff=0.0090, ADX=17.37, mode=AND -> OK"
SUI-USDT,LONG,S3,الماس فیلسوف (Diamond Mind),0.79650000,0.79180350,0.80213580,2026-09-06 06:12:48,OPEN,,,,,10.00,,"❌ ghoodat-e kandel 15m: BS15=0.208 [>= 0.6];✅ ghoodat-e kandel 5m: BS5=0.667 [>= 0.6];✅ rawand EMA 1h: EMA21=0.79, EMA50=0.78;✅ rawand EMA 4h: EMA21=0.77, EMA50=0.76, EMA200=0.73;❌ RSI 30m: RSI=49.32;❌ MACD 30m: MACD_hist=-0.0012;❌ vorud-e hoshmand poolback: ghimat=0.7965 EMA=0.7983 RSI=49.3 BS15=0.208;❌ ADX: ADX=17.37 [>22], DI+=284.79, DI-=404.56;❌ CCI obruz az 0: CCI=-76.22;✅ SAR: SAR=0.7962, gimat=0.7965;❌ Stochastic cross: K=19.50 D=6.50;✅ rad EMA: rad EMA tashkhis dadeh shod;❌ test-e moqavemat: bedun test;✅ poolback: poolback tashkhis dadeh shod;✅ Double Top/Bottom: ologhu=DoubleTop;✅ filter-e ranj: faseleh EMA=0.0090 [>0.005];✅ filter-e ranj-e tarkibi: diff=0.0090, ADX=17.37, mode=AND -> OK"
NEAR-USDT,LONG,S3,الماس فیلسوف (Diamond Mind),2.22590000,2.17027410,2.29265108,2026-09-06 06:12:48,OPEN,,,,,10.00,,"❌ ghoodat-e kandel 15m: BS15=0.482 [>= 0.6];❌ ghoodat-e kandel 5m: BS5=0.359 [>= 0.6];✅ rawand EMA 1h: EMA21=2.19, EMA50=2.13;✅ rawand EMA 4h: EMA21=2.09, EMA50=1.99, EMA200=1.83;✅ RSI 30m: RSI=57.38;✅ MACD 30m: MACD_hist=0.0035;❌ vorud-e hoshmand poolback: ghimat=2.2259 EMA=2.2019 RSI=57.4 BS15=0.482;❌ ADX: ADX=0.92 [>22], DI+=276.49, DI-=281.61;✅ CCI obruz az 0: CCI=71.58;✅ SAR: SAR=2.2005, gimat=2.2259;❌ Stochastic cross: K=88.94 [eshba-e kharid];❌ rad EMA: bedun rad;❌ test-e moqavemat: bedun test;❌ poolback: bedun poolback;❌ Double Top/Bottom: bedun ologhu;✅ filter-e ranj: faseleh EMA=0.0070 [>0.005];✅ filter-e ranj-e tarkibi: diff=0.0070, ADX=0.92, mode=AND -> OK"
DOT-USDT,LONG,S2,تیر نقره‌ای (Silver Arrow),0.92870000,0.91357130,0.94685444,2026-09-06 06:12:49,OPEN,,,,,10.00,,"❌ ghoodat-e kandel 15m: BS15=0.525 [>= 0.6];❌ ghoodat-e kandel 5m: BS5=0.308 [>= 0.6];✅ rawand EMA 1h: EMA21=0.91, EMA50=0.90;✅ rawand EMA 4h: EMA21=0.89, EMA50=0.88, EMA200=0.84;✅ RSI 30m: RSI=64.33;❌ MACD 30m: MACD_hist=0.0008;❌ vorud-e hoshmand poolback: ghimat=0.9287 EMA=0.9195 RSI=64.3 BS15=0.525;✅ ADX: ADX=23.22 [>22], DI+=339.55, DI-=211.57;❌ CCI obruz az 0: CCI=140.94 [eshba-e kharid];✅ SAR: SAR=0.9255, gimat=0.9287;❌ Stochastic cross: K=77.39 D=25.80;❌ rad EMA: bedun rad;❌ test-e moqavemat: bedun test;✅ poolback: poolback tashkhis dadeh shod;✅ Double Top/Bottom: ologhu=DoubleBottom;✅ filter-e ranj: faseleh EMA=0.0104 [>0.005];✅ filter-e ranj-e tarkibi: diff=0.0104, ADX=23.22, mode=AND -> OK"
DOT-USDT,LONG,S3,الماس فیلسوف (Diamond Mind),0.92870000,0.91357130,0.94685444,2026-09-06 06:12:49,OPEN,,,,,10.00,,"❌ ghoodat-e kandel 15m: BS15=0.525 [>= 0.6];❌ ghoodat-e kandel 5m: BS5=0.308 [>= 0.6];✅ rawand EMA 1h: EMA21=0.91, EMA50=0.90;✅ rawand EMA 4h: EMA21=0.89, EMA50=0.88, EMA200=0.84;✅ RSI 30m: RSI=64.33;❌ MACD 30m: MACD_hist=0.0008;❌ vorud-e hoshmand poolback: ghimat=0.9287 EMA=0.9195 RSI=64.3 BS15=0.525;✅ ADX: ADX=23.22 [>22], DI+=339.55, DI-=211.57;❌ CCI obruz az 0: CCI=140.94 [eshba-e kharid];✅ SAR: SAR=0.9255, gimat=0.9287;❌ Stochastic cross: K=77.39 D=25.80;❌ rad EMA: bedun rad;❌ test-e moqavemat: bedun test;✅ poolback: poolback tashkhis dadeh shod;✅ Double Top/Bottom: ologhu=DoubleBottom;✅ filter-e ranj: faseleh EMA=0.0104 [>0.005];✅ filter-e ranj-e tarkibi: diff=0.0104, ADX=23.22, mode=AND -> OK"
AVAX-USDT,LONG,S3,الماس فیلسوف (Diamond Mind),7.68200000,7.56831800,7.81841840,2026-09-06 06:12:50,OPEN,,,,,10.00,,"❌ ghoodat-e kandel 15m: BS15=0.111 [>= 0.6];✅ ghoodat-e kandel 5m: BS5=0.786 [>= 0.6];✅ rawand EMA 1h: EMA21=7.57, EMA50=7.50;✅ rawand EMA 4h: EMA21=7.46, EMA50=7.38, EMA200=7.00;❌ RSI 30m: RSI=70.08;✅ MACD 30m: MACD_hist=0.0044;❌ vorud-e hoshmand poolback: ghimat=7.6820 EMA=7.6148 RSI=70.1 BS15=0.111;✅ ADX: ADX=32.37 [>22], DI+=423.68, DI-=216.45;❌ CCI obruz az 0: CCI=191.37 [eshba-e kharid];✅ SAR: SAR=7.6633, gimat=7.6820;❌ Stochastic cross: K=74.68 D=24.89;❌ rad EMA: bedun rad;❌ test-e moqavemat: bedun test;✅ poolback: poolback tashkhis dadeh shod;✅ Double Top/Bottom: ologhu=DoubleTop;✅ filter-e ranj: faseleh EMA=0.0077 [>0.005];✅ filter-e ranj-e tarkibi: diff=0.0077, ADX=32.37, mode=AND -> OK"
BTC-USDT,LONG,S2,تیر نقره‌ای (Silver Arrow),79943.40000000,79641.45660000,80305.73208000,2026-09-06 06:46:37,OPEN,,,,,10.00,,"❌ ghoodat-e kandel 15m: BS15=1.000 [khayli bala - ehtemal-e payan-e harakat];❌ ghoodat-e kandel 5m: BS5=1.000 [khayli bala - ehtemal-e payan-e harakat];✅ rawand EMA 1h: EMA21=79836.58, EMA50=79733.99;✅ rawand EMA 4h: EMA21=79549.64, EMA50=78796.65, EMA200=72566.97;✅ RSI 30m: RSI=56.87;✅ MACD 30m: MACD_hist=3.7539;❌ vorud-e hoshmand poolback: ghimat=79943.4000 EMA=79867.4641 RSI=56.9 BS15=1.000;❌ ADX: ADX=7.75 [>22], DI+=358.50, DI-=418.69;✅ CCI obruz az 0: CCI=40.16;✅ SAR: SAR=79885.5800, gimat=79943.4000;✅ Stochastic cross: K=69.22 D=23.07;❌ rad EMA: bedun rad;❌ test-e moqavemat: bedun test;✅ poolback: poolback tashkhis dadeh shod;✅ Double Top/Bottom: ologhu=DoubleTop;❌ filter-e ranj: faseleh EMA=0.0005 [>0.005];❌ filter-e ranj-e tarkibi: diff=0.0005, ADX=7.75, mode=AND -> RAD"
LTC-USDT,LONG,S1,شیر طلایی (Golden Lion),54.78000000,54.27522000,55.38573600,2026-09-06 06:46:38,OPEN,,,,,10.00,,"❌ ghoodat-e kandel 15m: BS15=1.000 [khayli bala - ehtemal-e payan-e harakat];❌ ghoodat-e kandel 5m: BS5=1.000 [khayli bala - ehtemal-e payan-e harakat];✅ rawand EMA 1h: EMA21=53.97, EMA50=52.82;✅ rawand EMA 4h: EMA21=52.12, EMA50=50.88, EMA200=48.28;✅ RSI 30m: RSI=60.41;❌ MACD 30m: MACD_hist=-0.0416;❌ vorud-e hoshmand poolback: ghimat=54.7800 EMA=54.4534 RSI=60.4 BS15=1.000;✅ ADX: ADX=43.24 [>22], DI+=452.44, DI-=179.27;✅ CCI obruz az 0: CCI=41.62;✅ SAR: SAR=54.6092, gimat=54.7800;✅ Stochastic cross: K=66.87 D=22.29;❌ rad EMA: bedun rad;❌ test-e moqavemat: bedun test;✅ poolback: poolback tashkhis dadeh shod;✅ Double Top/Bottom: ologhu=DoubleTop;✅ filter-e ranj: faseleh EMA=0.0131 [>0.005];✅ filter-e ranj-e tarkibi: diff=0.0131, ADX=43.24, mode=AND -> OK"
LTC-USDT,LONG,S2,تیر نقره‌ای (Silver Arrow),54.78000000,54.27522000,55.38573600,2026-09-06 06:46:38,OPEN,,,,,10.00,,"❌ ghoodat-e kandel 15m: BS15=1.000 [khayli bala - ehtemal-e payan-e harakat];❌ ghoodat-e kandel 5m: BS5=1.000 [khayli bala - ehtemal-e payan-e harakat];✅ rawand EMA 1h: EMA21=53.97, EMA50=52.82;✅ rawand EMA 4h: EMA21=52.12, EMA50=50.88, EMA200=48.28;✅ RSI 30m: RSI=60.41;❌ MACD 30m: MACD_hist=-0.0416;❌ vorud-e hoshmand poolback: ghimat=54.7800 EMA=54.4534 RSI=60.4 BS15=1.000;✅ ADX: ADX=43.24 [>22], DI+=452.44, DI-=179.27;✅ CCI obruz az 0: CCI=41.62;✅ SAR: SAR=54.6092, gimat=54.7800;✅ Stochastic cross: K=66.87 D=22.29;❌ rad EMA: bedun rad;❌ test-e moqavemat: bedun test;✅ poolback: poolback tashkhis dadeh shod;✅ Double Top/Bottom: ologhu=DoubleTop;✅ filter-e ranj: faseleh EMA=0.0131 [>0.005];✅ filter-e ranj-e tarkibi: diff=0.0131, ADX=43.24, mode=AND -> OK"
LTC-USDT,LONG,S3,الماس فیلسوف (Diamond Mind),54.78000000,54.27522000,55.38573600,2026-09-06 06:46:39,OPEN,,,,,10.00,,"❌ ghoodat-e kandel 15m: BS15=1.000 [khayli bala - ehtemal-e payan-e harakat];❌ ghoodat-e kandel 5m: BS5=1.000 [khayli bala - ehtemal-e payan-e harakat];✅ rawand EMA 1h: EMA21=53.97, EMA50=52.82;✅ rawand EMA 4h: EMA21=52.12, EMA50=50.88, EMA200=48.28;✅ RSI 30m: RSI=60.41;❌ MACD 30m: MACD_hist=-0.0416;❌ vorud-e hoshmand poolback: ghimat=54.7800 EMA=54.4534 RSI=60.4 BS15=1.000;✅ ADX: ADX=43.24 [>22], DI+=452.44, DI-=179.27;✅ CCI obruz az 0: CCI=41.62;✅ SAR: SAR=54.6092, gimat=54.7800;✅ Stochastic cross: K=66.87 D=22.29;❌ rad EMA: bedun rad;❌ test-e moqavemat: bedun test;✅ poolback: poolback tashkhis dadeh shod;✅ Double Top/Bottom: ologhu=DoubleTop;✅ filter-e ranj: faseleh EMA=0.0131 [>0.005];✅ filter-e ranj-e tarkibi: diff=0.0131, ADX=43.24, mode=AND -> OK"
LTC-USDT,LONG,B1,موج تند (Fast Wave),54.78000000,54.27522000,55.28478000,2026-09-06 06:46:39,OPEN,,,,,10.00,,"❌ ghoodat-e kandel 15m: BS15=1.000 [khayli bala - ehtemal-e payan-e harakat];❌ ghoodat-e kandel 5m: BS5=1.000 [khayli bala - ehtemal-e payan-e harakat];✅ rawand EMA 1h: EMA21=53.97, EMA50=52.82;✅ rawand EMA 4h: EMA21=52.12, EMA50=50.88, EMA200=48.28;✅ RSI 30m: RSI=60.41;❌ MACD 30m: MACD_hist=-0.0416;❌ vorud-e hoshmand poolback: ghimat=54.7800 EMA=54.4534 RSI=60.4 BS15=1.000;✅ ADX: ADX=43.24 [>22], DI+=452.44, DI-=179.27;✅ CCI obruz az 0: CCI=41.62;✅ SAR: SAR=54.6092, gimat=54.7800;✅ Stochastic cross: K=66.87 D=22.29;❌ rad EMA: bedun rad;❌ test-e moqavemat: bedun test;✅ poolback: poolback tashkhis dadeh shod;✅ Double Top/Bottom: ologhu=DoubleTop;✅ filter-e ranj: faseleh EMA=0.0131 [>0.005];✅ filter-e ranj-e tarkibi: diff=0.0131, ADX=43.24, mode=OR -> OK"
LTC-USDT,LONG,B2,سپر فولادی (Steel Shield),54.78000000,54.27522000,55.28478000,2026-09-06 06:46:40,OPEN,,,,,10.00,,"❌ ghoodat-e kandel 15m: BS15=1.000 [khayli bala - ehtemal-e payan-e harakat];❌ ghoodat-e kandel 5m: BS5=1.000 [khayli bala - ehtemal-e payan-e harakat];✅ rawand EMA 1h: EMA21=53.97, EMA50=52.82;✅ rawand EMA 4h: EMA21=52.12, EMA50=50.88, EMA200=48.28;✅ RSI 30m: RSI=60.41;❌ MACD 30m: MACD_hist=-0.0416;❌ vorud-e hoshmand poolback: ghimat=54.7800 EMA=54.4534 RSI=60.4 BS15=1.000;✅ ADX: ADX=43.24 [>22], DI+=452.44, DI-=179.27;✅ CCI obruz az 0: CCI=41.62;✅ SAR: SAR=54.6092, gimat=54.7800;✅ Stochastic cross: K=66.87 D=22.29;❌ rad EMA: bedun rad;❌ test-e moqavemat: bedun test;✅ poolback: poolback tashkhis dadeh shod;✅ Double Top/Bottom: ologhu=DoubleTop;✅ filter-e ranj: faseleh EMA=0.0131 [>0.005];✅ filter-e ranj-e tarkibi: diff=0.0131, ADX=43.24, mode=OR -> OK"
DOGE-USDT,LONG,S2,تیر نقره‌ای (Silver Arrow),0.09093000,0.08922907,0.09297112,2026-09-06 06:46:43,OPEN,,,,,10.00,,"❌ ghoodat-e kandel 15m: BS15=0.000 [>= 0.6];❌ ghoodat-e kandel 5m: BS5=0.000 [>= 0.6];✅ rawand EMA 1h: EMA21=0.09, EMA50=0.09;✅ rawand EMA 4h: EMA21=0.09, EMA50=0.09, EMA200=0.08;✅ RSI 30m: RSI=61.72;❌ MACD 30m: MACD_hist=-0.0001;❌ vorud-e hoshmand poolback: ghimat=0.0909 EMA=0.0901 RSI=61.7 BS15=0.000;❌ ADX: ADX=21.84 [>22], DI+=268.17, DI-=418.03;✅ CCI obruz az 0: CCI=4.53;✅ SAR: SAR=0.0907, gimat=0.0909;❌ Stochastic cross: K=78.92 D=26.31;❌ rad EMA: bedun rad;❌ test-e moqavemat: bedun test;✅ poolback: poolback tashkhis dadeh shod;✅ Double Top/Bottom: ologhu=DoubleTop;✅ filter-e ranj: faseleh EMA=0.0154 [>0.005];✅ filter-e ranj-e tarkibi: diff=0.0154, ADX=21.84, mode=AND -> OK"
DOGE-USDT,LONG,S3,الماس فیلسوف (Diamond Mind),0.09093000,0.08922907,0.09297112,2026-09-06 06:46:44,OPEN,,,,,10.00,,"❌ ghoodat-e kandel 15m: BS15=0.000 [>= 0.6];❌ ghoodat-e kandel 5m: BS5=0.000 [>= 0.6];✅ rawand EMA 1h: EMA21=0.09, EMA50=0.09;✅ rawand EMA 4h: EMA21=0.09, EMA50=0.09, EMA200=0.08;✅ RSI 30m: RSI=61.72;❌ MACD 30m: MACD_hist=-0.0001;❌ vorud-e hoshmand poolback: ghimat=0.0909 EMA=0.0901 RSI=61.7 BS15=0.000;❌ ADX: ADX=21.84 [>22], DI+=268.17, DI-=418.03;✅ CCI obruz az 0: CCI=4.53;✅ SAR: SAR=0.0907, gimat=0.0909;❌ Stochastic cross: K=78.92 D=26.31;❌ rad EMA: bedun rad;❌ test-e moqavemat: bedun test;✅ poolback: poolback tashkhis dadeh shod;✅ Double Top/Bottom: ologhu=DoubleTop;✅ filter-e ranj: faseleh EMA=0.0154 [>0.005];✅ filter-e ranj-e tarkibi: diff=0.0154, ADX=21.84, mode=AND -> OK"
SUI-USDT,LONG,S1,شیر طلایی (Golden Lion),0.79790000,0.79180210,0.80521748,2026-09-06 06:46:44,OPEN,,,,,10.00,,"✅ ghoodat-e kandel 15m: BS15=0.600 [>= 0.6];✅ ghoodat-e kandel 5m: BS5=0.600 [>= 0.6];✅ rawand EMA 1h: EMA21=0.79, EMA50=0.78;✅ rawand EMA 4h: EMA21=0.77, EMA50=0.76, EMA200=0.73;✅ RSI 30m: RSI=50.91;❌ MACD 30m: MACD_hist=-0.0011;❌ vorud-e hoshmand poolback: ghimat=0.7979 EMA=0.7984 RSI=50.9 BS15=0.600;❌ ADX: ADX=22.58 [>22], DI+=257.97, DI-=408.45;❌ CCI obruz az 0: CCI=-83.84;✅ SAR: SAR=0.7955, gimat=0.7979;✅ Stochastic cross: K=26.50 D=8.83;✅ rad EMA: rad EMA tashkhis dadeh shod;❌ test-e moqavemat: bedun test;✅ poolback: poolback tashkhis dadeh shod;✅ Double Top/Bottom: ologhu=DoubleTop;✅ filter-e ranj: faseleh EMA=0.0087 [>0.005];✅ filter-e ranj-e tarkibi: diff=0.0087, ADX=22.58, mode=AND -> OK"
SUI-USDT,LONG,S2,تیر نقره‌ای (Silver Arrow),0.79790000,0.79180210,0.80521748,2026-09-06 06:46:45,OPEN,,,,,10.00,,"✅ ghoodat-e kandel 15m: BS15=0.600 [>= 0.6];✅ ghoodat-e kandel 5m: BS5=0.600 [>= 0.6];✅ rawand EMA 1h: EMA21=0.79, EMA50=0.78;✅ rawand EMA 4h: EMA21=0.77, EMA50=0.76, EMA200=0.73;✅ RSI 30m: RSI=50.91;❌ MACD 30m: MACD_hist=-0.0011;❌ vorud-e hoshmand poolback: ghimat=0.7979 EMA=0.7984 RSI=50.9 BS15=0.600;❌ ADX: ADX=22.58 [>22], DI+=257.97, DI-=408.45;❌ CCI obruz az 0: CCI=-83.84;✅ SAR: SAR=0.7955, gimat=0.7979;✅ Stochastic cross: K=26.50 D=8.83;✅ rad EMA: rad EMA tashkhis dadeh shod;❌ test-e moqavemat: bedun test;✅ poolback: poolback tashkhis dadeh shod;✅ Double Top/Bottom: ologhu=DoubleTop;✅ filter-e ranj: faseleh EMA=0.0087 [>0.005];✅ filter-e ranj-e tarkibi: diff=0.0087, ADX=22.58, mode=AND -> OK"
SUI-USDT,LONG,S3,الماس فیلسوف (Diamond Mind),0.79790000,0.79180210,0.80521748,2026-09-06 06:46:45,OPEN,,,,,10.00,,"✅ ghoodat-e kandel 15m: BS15=0.600 [>= 0.6];✅ ghoodat-e kandel 5m: BS5=0.600 [>= 0.6];✅ rawand EMA 1h: EMA21=0.79, EMA50=0.78;✅ rawand EMA 4h: EMA21=0.77, EMA50=0.76, EMA200=0.73;✅ RSI 30m: RSI=50.91;❌ MACD 30m: MACD_hist=-0.0011;❌ vorud-e hoshmand poolback: ghimat=0.7979 EMA=0.7984 RSI=50.9 BS15=0.600;❌ ADX: ADX=22.58 [>22], DI+=257.97, DI-=408.45;❌ CCI obruz az 0: CCI=-83.84;✅ SAR: SAR=0.7955, gimat=0.7979;✅ Stochastic cross: K=26.50 D=8.83;✅ rad EMA: rad EMA tashkhis dadeh shod;❌ test-e moqavemat: bedun test;✅ poolback: poolback tashkhis dadeh shod;✅ Double Top/Bottom: ologhu=DoubleTop;✅ filter-e ranj: faseleh EMA=0.0087 [>0.005];✅ filter-e ranj-e tarkibi: diff=0.0087, ADX=22.58, mode=AND -> OK"
NEAR-USDT,LONG,S2,تیر نقره‌ای (Silver Arrow),2.21060000,2.17028940,2.25897272,2026-09-06 06:46:49,OPEN,,,,,10.00,,"❌ ghoodat-e kandel 15m: BS15=0.200 [>= 0.6];❌ ghoodat-e kandel 5m: BS5=0.200 [>= 0.6];✅ rawand EMA 1h: EMA21=2.20, EMA50=2.14;✅ rawand EMA 4h: EMA21=2.09, EMA50=1.99, EMA200=1.83;✅ RSI 30m: RSI=52.47;✅ MACD 30m: MACD_hist=0.0033;❌ vorud-e hoshmand poolback: ghimat=2.2106 EMA=2.2029 RSI=52.5 BS15=0.200;❌ ADX: ADX=5.98 [>22], DI+=314.66, DI-=279.13;✅ CCI obruz az 0: CCI=44.52;✅ SAR: SAR=2.2086, gimat=2.2106;✅ Stochastic cross: K=64.14 D=21.38;❌ rad EMA: bedun rad;❌ test-e moqavemat: bedun test;✅ poolback: poolback tashkhis dadeh shod;❌ Double Top/Bottom: bedun ologhu;✅ filter-e ranj: faseleh EMA=0.0070 [>0.005];✅ filter-e ranj-e tarkibi: diff=0.0070, ADX=5.98, mode=AND -> OK"
NEAR-USDT,LONG,S3,الماس فیلسوف (Diamond Mind),2.21060000,2.17028940,2.25897272,2026-09-06 06:46:49,OPEN,,,,,10.00,,"❌ ghoodat-e kandel 15m: BS15=0.200 [>= 0.6];❌ ghoodat-e kandel 5m: BS5=0.200 [>= 0.6];✅ rawand EMA 1h: EMA21=2.20, EMA50=2.14;✅ rawand EMA 4h: EMA21=2.09, EMA50=1.99, EMA200=1.83;✅ RSI 30m: RSI=52.47;✅ MACD 30m: MACD_hist=0.0033;❌ vorud-e hoshmand poolback: ghimat=2.2106 EMA=2.2029 RSI=52.5 BS15=0.200;❌ ADX: ADX=5.98 [>22], DI+=314.66, DI-=279.13;✅ CCI obruz az 0: CCI=44.52;✅ SAR: SAR=2.2086, gimat=2.2106;✅ Stochastic cross: K=64.14 D=21.38;❌ rad EMA: bedun rad;❌ test-e moqavemat: bedun test;✅ poolback: poolback tashkhis dadeh shod;❌ Double Top/Bottom: bedun ologhu;✅ filter-e ranj: faseleh EMA=0.0070 [>0.005];✅ filter-e ranj-e tarkibi: diff=0.0070, ADX=5.98, mode=AND -> OK"
DOT-USDT,LONG,S1,شیر طلایی (Golden Lion),0.92460000,0.91357540,0.93782952,2026-09-06 06:46:50,OPEN,,,,,10.00,,"✅ ghoodat-e kandel 15m: BS15=0.600 [>= 0.6];✅ ghoodat-e kandel 5m: BS5=0.600 [>= 0.6];✅ rawand EMA 1h: EMA21=0.91, EMA50=0.90;✅ rawand EMA 4h: EMA21=0.89, EMA50=0.88, EMA200=0.84;✅ RSI 30m: RSI=58.32;❌ MACD 30m: MACD_hist=0.0004;❌ vorud-e hoshmand poolback: ghimat=0.9246 EMA=0.9199 RSI=58.3 BS15=0.600;✅ ADX: ADX=30.17 [>22], DI+=387.89, DI-=208.07;✅ CCI obruz az 0: CCI=73.27;❌ SAR: SAR=0.9269, gimat=0.9246;✅ Stochastic cross: K=61.69 D=20.56;❌ rad EMA: bedun rad;❌ test-e moqavemat: bedun test;✅ poolback: poolback tashkhis dadeh shod;✅ Double Top/Bottom: ologhu=DoubleBottom;✅ filter-e ranj: faseleh EMA=0.0103 [>0.005];✅ filter-e ranj-e tarkibi: diff=0.0103, ADX=30.17, mode=AND -> OK"
DOT-USDT,LONG,S2,تیر نقره‌ای (Silver Arrow),0.92460000,0.91357540,0.93782952,2026-09-06 06:46:50,OPEN,,,,,10.00,,"✅ ghoodat-e kandel 15m: BS15=0.600 [>= 0.6];✅ ghoodat-e kandel 5m: BS5=0.600 [>= 0.6];✅ rawand EMA 1h: EMA21=0.91, EMA50=0.90;✅ rawand EMA 4h: EMA21=0.89, EMA50=0.88, EMA200=0.84;✅ RSI 30m: RSI=58.32;❌ MACD 30m: MACD_hist=0.0004;❌ vorud-e hoshmand poolback: ghimat=0.9246 EMA=0.9199 RSI=58.3 BS15=0.600;✅ ADX: ADX=30.17 [>22], DI+=387.89, DI-=208.07;✅ CCI obruz az 0: CCI=73.27;❌ SAR: SAR=0.9269, gimat=0.9246;✅ Stochastic cross: K=61.69 D=20.56;❌ rad EMA: bedun rad;❌ test-e moqavemat: bedun test;✅ poolback: poolback tashkhis dadeh shod;✅ Double Top/Bottom: ologhu=DoubleBottom;✅ filter-e ranj: faseleh EMA=0.0103 [>0.005];✅ filter-e ranj-e tarkibi: diff=0.0103, ADX=30.17, mode=AND -> OK"
DOT-USDT,LONG,S3,الماس فیلسوف (Diamond Mind),0.92460000,0.91357540,0.93782952,2026-09-06 06:46:51,OPEN,,,,,10.00,,"✅ ghoodat-e kandel 15m: BS15=0.600 [>= 0.6];✅ ghoodat-e kandel 5m: BS5=0.600 [>= 0.6];✅ rawand EMA 1h: EMA21=0.91, EMA50=0.90;✅ rawand EMA 4h: EMA21=0.89, EMA50=0.88, EMA200=0.84;✅ RSI 30m: RSI=58.32;❌ MACD 30m: MACD_hist=0.0004;❌ vorud-e hoshmand poolback: ghimat=0.9246 EMA=0.9199 RSI=58.3 BS15=0.600;✅ ADX: ADX=30.17 [>22], DI+=387.89, DI-=208.07;✅ CCI obruz az 0: CCI=73.27;❌ SAR: SAR=0.9269, gimat=0.9246;✅ Stochastic cross: K=61.69 D=20.56;❌ rad EMA: bedun rad;❌ test-e moqavemat: bedun test;✅ poolback: poolback tashkhis dadeh shod;✅ Double Top/Bottom: ologhu=DoubleBottom;✅ filter-e ranj: faseleh EMA=0.0103 [>0.005];✅ filter-e ranj-e tarkibi: diff=0.0103, ADX=30.17, mode=AND -> OK"
LINK-USDT,LONG,S2,تیر نقره‌ای (Silver Arrow),12.23850000,11.96226150,12.56998620,2026-09-06 06:46:54,OPEN,,,,,10.00,,"❌ ghoodat-e kandel 15m: BS15=0.857 [khayli bala - ehtemal-e payan-e harakat];❌ ghoodat-e kandel 5m: BS5=0.857 [khayli bala - ehtemal-e payan-e harakat];✅ rawand EMA 1h: EMA21=12.02, EMA50=11.85;✅ rawand EMA 4h: EMA21=11.75, EMA50=11.56, EMA200=10.31;✅ RSI 30m: RSI=64.25;✅ MACD 30m: MACD_hist=0.0122;❌ vorud-e hoshmand poolback: ghimat=12.2385 EMA=12.1046 RSI=64.2 BS15=0.857;❌ ADX: ADX=16.33 [>22], DI+=250.37, DI-=348.14;❌ CCI obruz az 0: CCI=105.97 [eshba-e kharid];✅ SAR: SAR=12.2282, gimat=12.2385;✅ Stochastic cross: K=56.15 D=18.72;❌ rad EMA: bedun rad;❌ test-e moqavemat: bedun test;✅ poolback: poolback tashkhis dadeh shod;✅ Double Top/Bottom: ologhu=DoubleBottom;✅ filter-e ranj: faseleh EMA=0.0110 [>0.005];✅ filter-e ranj-e tarkibi: diff=0.0110, ADX=16.33, mode=AND -> OK"
LINK-USDT,LONG,S3,الماس فیلسوف (Diamond Mind),12.23850000,11.96226150,12.56998620,2026-09-06 06:46:55,OPEN,,,,,10.00,,"❌ ghoodat-e kandel 15m: BS15=0.857 [khayli bala - ehtemal-e payan-e harakat];❌ ghoodat-e kandel 5m: BS5=0.857 [khayli bala - ehtemal-e payan-e harakat];✅ rawand EMA 1h: EMA21=12.02, EMA50=11.85;✅ rawand EMA 4h: EMA21=11.75, EMA50=11.56, EMA200=10.31;✅ RSI 30m: RSI=64.25;✅ MACD 30m: MACD_hist=0.0122;❌ vorud-e hoshmand poolback: ghimat=12.2385 EMA=12.1046 RSI=64.2 BS15=0.857;❌ ADX: ADX=16.33 [>22], DI+=250.37, DI-=348.14;❌ CCI obruz az 0: CCI=105.97 [eshba-e kharid];✅ SAR: SAR=12.2282, gimat=12.2385;✅ Stochastic cross: K=56.15 D=18.72;❌ rad EMA: bedun rad;❌ test-e moqavemat: bedun test;✅ poolback: poolback tashkhis dadeh shod;✅ Double Top/Bottom: ologhu=DoubleBottom;✅ filter-e ranj: faseleh EMA=0.0110 [>0.005];✅ filter-e ranj-e tarkibi: diff=0.0110, ADX=16.33, mode=AND -> OK"
AVAX-USDT,LONG,S3,الماس فیلسوف (Diamond Mind),7.68500000,7.56831500,7.82502200,2026-09-06 06:46:55,OPEN,,,,,10.00,,"❌ ghoodat-e kandel 15m: BS15=0.000 [>= 0.6];❌ ghoodat-e kandel 5m: BS5=0.000 [>= 0.6];✅ rawand EMA 1h: EMA21=7.58, EMA50=7.50;✅ rawand EMA 4h: EMA21=7.46, EMA50=7.38, EMA200=7.00;❌ RSI 30m: RSI=70.54;✅ MACD 30m: MACD_hist=0.0042;❌ vorud-e hoshmand poolback: ghimat=7.6850 EMA=7.6209 RSI=70.5 BS15=0.000;✅ ADX: ADX=41.61 [>22], DI+=494.12, DI-=203.72;❌ CCI obruz az 0: CCI=132.68 [eshba-e kharid];✅ SAR: SAR=7.6746, gimat=7.6850;❌ Stochastic cross: K=76.62 D=25.54;❌ rad EMA: bedun rad;❌ test-e moqavemat: bedun test;✅ poolback: poolback tashkhis dadeh shod;✅ Double Top/Bottom: ologhu=DoubleTop;✅ filter-e ranj: faseleh EMA=0.0079 [>0.005];✅ filter-e ranj-e tarkibi: diff=0.0079, ADX=41.61, mode=AND -> OK"
OP-USDT,LONG,B1,موج تند (Fast Wave),0.10980000,0.10739020,0.11220980,2026-09-06 06:46:56,OPEN,,,,,10.00,,"❌ ghoodat-e kandel 15m: BS15=1.000 [khayli bala - ehtemal-e payan-e harakat];❌ ghoodat-e kandel 5m: BS5=1.000 [khayli bala - ehtemal-e payan-e harakat];✅ rawand EMA 1h: EMA21=0.11, EMA50=0.10;✅ rawand EMA 4h: EMA21=0.10, EMA50=0.10, EMA200=0.09;✅ RSI 30m: RSI=59.35;❌ MACD 30m: MACD_hist=-0.0000;❌ vorud-e hoshmand poolback: ghimat=0.1098 EMA=0.1079 RSI=59.4 BS15=1.000;✅ ADX: ADX=33.33 [>22], DI+=610.91, DI-=305.45;✅ CCI obruz az 0: CCI=32.72;✅ SAR: SAR=0.1087, gimat=0.1098;✅ Stochastic cross: K=59.05 D=19.68;❌ rad EMA: bedun rad;❌ test-e moqavemat: bedun test;✅ poolback: poolback tashkhis dadeh shod;✅ Double Top/Bottom: ologhu=DoubleTop;✅ filter-e ranj: faseleh EMA=0.0300 [>0.005];✅ filter-e ranj-e tarkibi: diff=0.0300, ADX=33.33, mode=OR -> OK"
BNB-USDT,LONG,S2,تیر نقره‌ای (Silver Arrow),765.14100000,759.95885900,771.35956920,2026-09-06 07:12:46,OPEN,,,,,10.00,,"✅ ghoodat-e kandel 15m: BS15=0.695 [>= 0.6];❌ ghoodat-e kandel 5m: BS5=0.294 [>= 0.6];✅ rawand EMA 1h: EMA21=760.05, EMA50=743.53;✅ rawand EMA 4h: EMA21=732.51, EMA50=713.23, EMA200=657.31;✅ RSI 30m: RSI=51.26;❌ MACD 30m: MACD_hist=-1.7120;❌ vorud-e hoshmand poolback: ghimat=765.1410 EMA=765.8016 RSI=51.3 BS15=0.695;❌ ADX: ADX=1.33 [>22], DI+=354.95, DI-=364.52;❌ CCI obruz az 0: CCI=-78.50;✅ SAR: SAR=763.6286, gimat=765.1410;✅ Stochastic cross: K=38.55 D=12.85;❌ rad EMA: bedun rad;❌ test-e moqavemat: bedun test;✅ poolback: poolback tashkhis dadeh shod;✅ Double Top/Bottom: ologhu=DoubleTop;✅ filter-e ranj: faseleh EMA=0.0113 [>0.005];✅ filter-e ranj-e tarkibi: diff=0.0113, ADX=1.33, mode=AND -> OK"
BNB-USDT,LONG,S3,الماس فیلسوف (Diamond Mind),765.14100000,759.95885900,771.35956920,2026-09-06 07:12:46,OPEN,,,,,10.00,,"✅ ghoodat-e kandel 15m: BS15=0.695 [>= 0.6];❌ ghoodat-e kandel 5m: BS5=0.294 [>= 0.6];✅ rawand EMA 1h: EMA21=760.05, EMA50=743.53;✅ rawand EMA 4h: EMA21=732.51, EMA50=713.23, EMA200=657.31;✅ RSI 30m: RSI=51.26;❌ MACD 30m: MACD_hist=-1.7120;❌ vorud-e hoshmand poolback: ghimat=765.1410 EMA=765.8016 RSI=51.3 BS15=0.695;❌ ADX: ADX=1.33 [>22], DI+=354.95, DI-=364.52;❌ CCI obruz az 0: CCI=-78.50;✅ SAR: SAR=763.6286, gimat=765.1410;✅ Stochastic cross: K=38.55 D=12.85;❌ rad EMA: bedun rad;❌ test-e moqavemat: bedun test;✅ poolback: poolback tashkhis dadeh shod;✅ Double Top/Bottom: ologhu=DoubleTop;✅ filter-e ranj: faseleh EMA=0.0113 [>0.005];✅ filter-e ranj-e tarkibi: diff=0.0113, ADX=1.33, mode=AND -> OK"
XAUT-USDT,SHORT,S2,تیر نقره‌ای (Silver Arrow),4425.37000000,4440.09611000,4407.69866800,2026-09-06 07:12:47,OPEN,,,,,10.00,,"❌ ghoodat-e kandel 15m: BS15=1.000 [khayli bala - ehtemal-e payan-e harakat];❌ ghoodat-e kandel 5m: BS5=0.000 [>= 0.6];✅ rawand EMA 1h: EMA21=4426.54, EMA50=4428.10;❌ rawand EMA 4h: EMA21=4428.39, EMA50=4442.58, EMA200=4365.09;✅ RSI 30m: RSI=47.61;✅ MACD 30m: MACD_hist=-0.1860;❌ vorud-e hoshmand poolback: ghimat=4425.3700 EMA=4425.6293 RSI=47.6 BS15=1.000;✅ ADX: ADX=36.65 [>22], DI+=291.52, DI-=628.88;✅ CCI obruz az 0: CCI=-46.44;❌ SAR: SAR=4422.6360, gimat=4425.3700;❌ Stochastic cross: K=57.17 D=19.06;✅ rad EMA: rad EMA tashkhis dadeh shod;❌ test-e moqavemat: bedun test;✅ poolback: poolback tashkhis dadeh shod;✅ Double Top/Bottom: ologhu=DoubleTop;❌ filter-e ranj: faseleh EMA=0.0003 [>0.005];✅ filter-e ranj-e tarkibi: diff=0.0003, ADX=36.65, mode=AND -> OK"
XAUT-USDT,SHORT,B1,موج تند (Fast Wave),4425.37000000,4440.09611000,4410.64389000,2026-09-06 07:12:47,OPEN,,,,,10.00,,"❌ ghoodat-e kandel 15m: BS15=1.000 [khayli bala - ehtemal-e payan-e harakat];❌ ghoodat-e kandel 5m: BS5=0.000 [>= 0.48];✅ rawand EMA 1h: EMA21=4426.54, EMA50=4428.10;❌ rawand EMA 4h: EMA21=4428.39, EMA50=4442.58, EMA200=4365.09;✅ RSI 30m: RSI=47.61;✅ MACD 30m: MACD_hist=-0.1860;❌ vorud-e hoshmand poolback: ghimat=4425.3700 EMA=4425.6293 RSI=47.6 BS15=1.000;✅ ADX: ADX=36.65 [>22], DI+=291.52, DI-=628.88;✅ CCI obruz az 0: CCI=-46.44;❌ SAR: SAR=4422.6360, gimat=4425.3700;❌ Stochastic cross: K=57.17 D=19.06;✅ rad EMA: rad EMA tashkhis dadeh shod;❌ test-e moqavemat: bedun test;✅ poolback: poolback tashkhis dadeh shod;✅ Double Top/Bottom: ologhu=DoubleTop;❌ filter-e ranj: faseleh EMA=0.0003 [>0.005];❌ filter-e ranj-e tarkibi: diff=0.0003, ADX=36.65, mode=OR -> RAD"
XAUT-USDT,SHORT,B2,سپر فولادی (Steel Shield),4425.37000000,4440.09611000,4410.64389000,2026-09-06 07:12:48,OPEN,,,,,10.00,,"❌ ghoodat-e kandel 15m: BS15=1.000 [khayli bala - ehtemal-e payan-e harakat];❌ ghoodat-e kandel 5m: BS5=0.000 [>= 0.48];✅ rawand EMA 1h: EMA21=4426.54, EMA50=4428.10;❌ rawand EMA 4h: EMA21=4428.39, EMA50=4442.58, EMA200=4365.09;✅ RSI 30m: RSI=47.61;✅ MACD 30m: MACD_hist=-0.1860;❌ vorud-e hoshmand poolback: ghimat=4425.3700 EMA=4425.6293 RSI=47.6 BS15=1.000;✅ ADX: ADX=36.65 [>22], DI+=291.52, DI-=628.88;✅ CCI obruz az 0: CCI=-46.44;❌ SAR: SAR=4422.6360, gimat=4425.3700;❌ Stochastic cross: K=57.17 D=19.06;✅ rad EMA: rad EMA tashkhis dadeh shod;❌ test-e moqavemat: bedun test;✅ poolback: poolback tashkhis dadeh shod;✅ Double Top/Bottom: ologhu=DoubleTop;❌ filter-e ranj: faseleh EMA=0.0003 [>0.005];❌ filter-e ranj-e tarkibi: diff=0.0003, ADX=36.65, mode=OR -> RAD"
LTC-USDT,LONG,S3,الماس فیلسوف (Diamond Mind),54.99000000,54.27501000,55.84798800,2026-09-06 07:12:48,OPEN,,,,,10.00,,"❌ ghoodat-e kandel 15m: BS15=0.485 [>= 0.6];❌ ghoodat-e kandel 5m: BS5=0.937 [khayli bala - ehtemal-e payan-e harakat];✅ rawand EMA 1h: EMA21=53.99, EMA50=52.83;✅ rawand EMA 4h: EMA21=52.13, EMA50=50.89, EMA200=48.28;✅ RSI 30m: RSI=63.76;❌ MACD 30m: MACD_hist=-0.0259;❌ vorud-e hoshmand poolback: ghimat=54.9900 EMA=54.5046 RSI=63.8 BS15=0.485;✅ ADX: ADX=44.74 [>22], DI+=458.33, DI-=175.00;❌ CCI obruz az 0: CCI=113.17 [eshba-e kharid];✅ SAR: SAR=54.5816, gimat=54.9900;❌ Stochastic cross: K=78.34 D=26.11;❌ rad EMA: bedun rad;❌ test-e moqavemat: bedun test;❌ poolback: bedun poolback;✅ Double Top/Bottom: ologhu=DoubleTop;✅ filter-e ranj: faseleh EMA=0.0131 [>0.005];✅ filter-e ranj-e tarkibi: diff=0.0131, ADX=44.74, mode=AND -> OK"
SUI-USDT,LONG,S2,تیر نقره‌ای (Silver Arrow),0.80480000,0.79179520,0.82040576,2026-09-06 07:12:52,OPEN,,,,,10.00,,"❌ ghoodat-e kandel 15m: BS15=0.988 [khayli bala - ehtemal-e payan-e harakat];❌ ghoodat-e kandel 5m: BS5=0.962 [khayli bala - ehtemal-e payan-e harakat];✅ rawand EMA 1h: EMA21=0.79, EMA50=0.78;✅ rawand EMA 4h: EMA21=0.77, EMA50=0.76, EMA200=0.73;✅ RSI 30m: RSI=58.12;❌ MACD 30m: MACD_hist=-0.0006;❌ vorud-e hoshmand poolback: ghimat=0.8048 EMA=0.7989 RSI=58.1 BS15=0.988;❌ ADX: ADX=25.00 [>22], DI+=252.16, DI-=420.26;✅ CCI obruz az 0: CCI=20.32;✅ SAR: SAR=0.7962, gimat=0.8048;✅ Stochastic cross: K=61.00 D=20.33;❌ rad EMA: bedun rad;❌ test-e moqavemat: bedun test;❌ poolback: bedun poolback;✅ Double Top/Bottom: ologhu=DoubleTop;✅ filter-e ranj: faseleh EMA=0.0086 [>0.005];✅ filter-e ranj-e tarkibi: diff=0.0086, ADX=25.00, mode=AND -> OK"
SUI-USDT,LONG,S3,الماس فیلسوف (Diamond Mind),0.80480000,0.79179520,0.82040576,2026-09-06 07:12:52,OPEN,,,,,10.00,,"❌ ghoodat-e kandel 15m: BS15=0.988 [khayli bala - ehtemal-e payan-e harakat];❌ ghoodat-e kandel 5m: BS5=0.962 [khayli bala - ehtemal-e payan-e harakat];✅ rawand EMA 1h: EMA21=0.79, EMA50=0.78;✅ rawand EMA 4h: EMA21=0.77, EMA50=0.76, EMA200=0.73;✅ RSI 30m: RSI=58.12;❌ MACD 30m: MACD_hist=-0.0006;❌ vorud-e hoshmand poolback: ghimat=0.8048 EMA=0.7989 RSI=58.1 BS15=0.988;❌ ADX: ADX=25.00 [>22], DI+=252.16, DI-=420.26;✅ CCI obruz az 0: CCI=20.32;✅ SAR: SAR=0.7962, gimat=0.8048;✅ Stochastic cross: K=61.00 D=20.33;❌ rad EMA: bedun rad;❌ test-e moqavemat: bedun test;❌ poolback: bedun poolback;✅ Double Top/Bottom: ologhu=DoubleTop;✅ filter-e ranj: faseleh EMA=0.0086 [>0.005];✅ filter-e ranj-e tarkibi: diff=0.0086, ADX=25.00, mode=AND -> OK"
NEAR-USDT,LONG,S2,تیر نقره‌ای (Silver Arrow),2.21870000,2.17028130,2.27680244,2026-09-06 07:12:53,OPEN,,,,,10.00,,"❌ ghoodat-e kandel 15m: BS15=0.507 [>= 0.6];❌ ghoodat-e kandel 5m: BS5=0.487 [>= 0.6];✅ rawand EMA 1h: EMA21=2.20, EMA50=2.14;✅ rawand EMA 4h: EMA21=2.09, EMA50=1.99, EMA200=1.83;✅ RSI 30m: RSI=54.61;✅ MACD 30m: MACD_hist=0.0035;❌ vorud-e hoshmand poolback: ghimat=2.2187 EMA=2.2043 RSI=54.6 BS15=0.507;❌ ADX: ADX=7.45 [>22], DI+=343.28, DI-=295.67;✅ CCI obruz az 0: CCI=66.46;✅ SAR: SAR=2.2033, gimat=2.2187;❌ Stochastic cross: K=75.10 D=25.03;❌ rad EMA: bedun rad;❌ test-e moqavemat: bedun test;✅ poolback: poolback tashkhis dadeh shod;❌ Double Top/Bottom: bedun ologhu;✅ filter-e ranj: faseleh EMA=0.0071 [>0.005];✅ filter-e ranj-e tarkibi: diff=0.0071, ADX=7.45, mode=AND -> OK"
NEAR-USDT,LONG,S3,الماس فیلسوف (Diamond Mind),2.21870000,2.17028130,2.27680244,2026-09-06 07:12:53,OPEN,,,,,10.00,,"❌ ghoodat-e kandel 15m: BS15=0.507 [>= 0.6];❌ ghoodat-e kandel 5m: BS5=0.487 [>= 0.6];✅ rawand EMA 1h: EMA21=2.20, EMA50=2.14;✅ rawand EMA 4h: EMA21=2.09, EMA50=1.99, EMA200=1.83;✅ RSI 30m: RSI=54.61;✅ MACD 30m: MACD_hist=0.0035;❌ vorud-e hoshmand poolback: ghimat=2.2187 EMA=2.2043 RSI=54.6 BS15=0.507;❌ ADX: ADX=7.45 [>22], DI+=343.28, DI-=295.67;✅ CCI obruz az 0: CCI=66.46;✅ SAR: SAR=2.2033, gimat=2.2187;❌ Stochastic cross: K=75.10 D=25.03;❌ rad EMA: bedun rad;❌ test-e moqavemat: bedun test;✅ poolback: poolback tashkhis dadeh shod;❌ Double Top/Bottom: bedun ologhu;✅ filter-e ranj: faseleh EMA=0.0071 [>0.005];✅ filter-e ranj-e tarkibi: diff=0.0071, ADX=7.45, mode=AND -> OK"
DOT-USDT,LONG,S1,شیر طلایی (Golden Lion),0.92720000,0.91357280,0.94355264,2026-09-06 07:12:53,OPEN,,,,,10.00,,"✅ ghoodat-e kandel 15m: BS15=0.797 [>= 0.6];❌ ghoodat-e kandel 5m: BS5=0.893 [khayli bala - ehtemal-e payan-e harakat];✅ rawand EMA 1h: EMA21=0.91, EMA50=0.90;✅ rawand EMA 4h: EMA21=0.89, EMA50=0.88, EMA200=0.84;✅ RSI 30m: RSI=60.20;❌ MACD 30m: MACD_hist=0.0002;❌ vorud-e hoshmand poolback: ghimat=0.9272 EMA=0.9204 RSI=60.2 BS15=0.797;✅ ADX: ADX=39.78 [>22], DI+=462.57, DI-=199.30;✅ CCI obruz az 0: CCI=71.70;✅ SAR: SAR=0.9207, gimat=0.9272;❌ Stochastic cross: K=71.65 D=23.88;❌ rad EMA: bedun rad;❌ test-e moqavemat: bedun test;✅ poolback: poolback tashkhis dadeh shod;✅ Double Top/Bottom: ologhu=DoubleBottom;✅ filter-e ranj: faseleh EMA=0.0102 [>0.005];✅ filter-e ranj-e tarkibi: diff=0.0102, ADX=39.78, mode=AND -> OK"
DOT-USDT,LONG,S2,تیر نقره‌ای (Silver Arrow),0.92720000,0.91357280,0.94355264,2026-09-06 07:12:57,OPEN,,,,,10.00,,"✅ ghoodat-e kandel 15m: BS15=0.797 [>= 0.6];❌ ghoodat-e kandel 5m: BS5=0.893 [khayli bala - ehtemal-e payan-e harakat];✅ rawand EMA 1h: EMA21=0.91, EMA50=0.90;✅ rawand EMA 4h: EMA21=0.89, EMA50=0.88, EMA200=0.84;✅ RSI 30m: RSI=60.20;❌ MACD 30m: MACD_hist=0.0002;❌ vorud-e hoshmand poolback: ghimat=0.9272 EMA=0.9204 RSI=60.2 BS15=0.797;✅ ADX: ADX=39.78 [>22], DI+=462.57, DI-=199.30;✅ CCI obruz az 0: CCI=71.70;✅ SAR: SAR=0.9207, gimat=0.9272;❌ Stochastic cross: K=71.65 D=23.88;❌ rad EMA: bedun rad;❌ test-e moqavemat: bedun test;✅ poolback: poolback tashkhis dadeh shod;✅ Double Top/Bottom: ologhu=DoubleBottom;✅ filter-e ranj: faseleh EMA=0.0102 [>0.005];✅ filter-e ranj-e tarkibi: diff=0.0102, ADX=39.78, mode=AND -> OK"
DOT-USDT,LONG,S3,الماس فیلسوف (Diamond Mind),0.92720000,0.91357280,0.94355264,2026-09-06 07:12:57,OPEN,,,,,10.00,,"✅ ghoodat-e kandel 15m: BS15=0.797 [>= 0.6];❌ ghoodat-e kandel 5m: BS5=0.893 [khayli bala - ehtemal-e payan-e harakat];✅ rawand EMA 1h: EMA21=0.91, EMA50=0.90;✅ rawand EMA 4h: EMA21=0.89, EMA50=0.88, EMA200=0.84;✅ RSI 30m: RSI=60.20;❌ MACD 30m: MACD_hist=0.0002;❌ vorud-e hoshmand poolback: ghimat=0.9272 EMA=0.9204 RSI=60.2 BS15=0.797;✅ ADX: ADX=39.78 [>22], DI+=462.57, DI-=199.30;✅ CCI obruz az 0: CCI=71.70;✅ SAR: SAR=0.9207, gimat=0.9272;❌ Stochastic cross: K=71.65 D=23.88;❌ rad EMA: bedun rad;❌ test-e moqavemat: bedun test;✅ poolback: poolback tashkhis dadeh shod;✅ Double Top/Bottom: ologhu=DoubleBottom;✅ filter-e ranj: faseleh EMA=0.0102 [>0.005];✅ filter-e ranj-e tarkibi: diff=0.0102, ADX=39.78, mode=AND -> OK"
DOT-USDT,LONG,B1,موج تند (Fast Wave),0.92720000,0.91357280,0.94082720,2026-09-06 07:12:58,OPEN,,,,,10.00,,"✅ ghoodat-e kandel 15m: BS15=0.797 [>= 0.48];❌ ghoodat-e kandel 5m: BS5=0.893 [khayli bala - ehtemal-e payan-e harakat];✅ rawand EMA 1h: EMA21=0.91, EMA50=0.90;✅ rawand EMA 4h: EMA21=0.89, EMA50=0.88, EMA200=0.84;✅ RSI 30m: RSI=60.20;❌ MACD 30m: MACD_hist=0.0002;❌ vorud-e hoshmand poolback: ghimat=0.9272 EMA=0.9204 RSI=60.2 BS15=0.797;✅ ADX: ADX=39.78 [>22], DI+=462.57, DI-=199.30;✅ CCI obruz az 0: CCI=71.70;✅ SAR: SAR=0.9207, gimat=0.9272;❌ Stochastic cross: K=71.65 D=23.88;❌ rad EMA: bedun rad;❌ test-e moqavemat: bedun test;✅ poolback: poolback tashkhis dadeh shod;✅ Double Top/Bottom: ologhu=DoubleBottom;✅ filter-e ranj: faseleh EMA=0.0102 [>0.005];✅ filter-e ranj-e tarkibi: diff=0.0102, ADX=39.78, mode=OR -> OK"
DOT-USDT,LONG,B2,سپر فولادی (Steel Shield),0.92720000,0.91357280,0.94082720,2026-09-06 07:12:58,OPEN,,,,,10.00,,"✅ ghoodat-e kandel 15m: BS15=0.797 [>= 0.48];❌ ghoodat-e kandel 5m: BS5=0.893 [khayli bala - ehtemal-e payan-e harakat];✅ rawand EMA 1h: EMA21=0.91, EMA50=0.90;✅ rawand EMA 4h: EMA21=0.89, EMA50=0.88, EMA200=0.84;✅ RSI 30m: RSI=60.20;❌ MACD 30m: MACD_hist=0.0002;❌ vorud-e hoshmand poolback: ghimat=0.9272 EMA=0.9204 RSI=60.2 BS15=0.797;✅ ADX: ADX=39.78 [>22], DI+=462.57, DI-=199.30;✅ CCI obruz az 0: CCI=71.70;✅ SAR: SAR=0.9207, gimat=0.9272;❌ Stochastic cross: K=71.65 D=23.88;❌ rad EMA: bedun rad;❌ test-e moqavemat: bedun test;✅ poolback: poolback tashkhis dadeh shod;✅ Double Top/Bottom: ologhu=DoubleBottom;✅ filter-e ranj: faseleh EMA=0.0102 [>0.005];✅ filter-e ranj-e tarkibi: diff=0.0102, ADX=39.78, mode=OR -> OK"
LINK-USDT,LONG,S1,شیر طلایی (Golden Lion),12.25490000,11.96224510,12.60608588,2026-09-06 07:12:59,OPEN,,,,,10.00,,"✅ ghoodat-e kandel 15m: BS15=0.765 [>= 0.6];❌ ghoodat-e kandel 5m: BS5=0.879 [khayli bala - ehtemal-e payan-e harakat];✅ rawand EMA 1h: EMA21=12.02, EMA50=11.86;✅ rawand EMA 4h: EMA21=11.75, EMA50=11.56, EMA200=10.31;✅ RSI 30m: RSI=64.07;✅ MACD 30m: MACD_hist=0.0084;❌ vorud-e hoshmand poolback: ghimat=12.2549 EMA=12.1155 RSI=64.1 BS15=0.765;❌ ADX: ADX=9.93 [>22], DI+=286.53, DI-=349.70;✅ CCI obruz az 0: CCI=94.37;✅ SAR: SAR=12.1951, gimat=12.2549;✅ Stochastic cross: K=57.90 D=19.30;❌ rad EMA: bedun rad;❌ test-e moqavemat: bedun test;✅ poolback: poolback tashkhis dadeh shod;✅ Double Top/Bottom: ologhu=DoubleBottom;✅ filter-e ranj: faseleh EMA=0.0110 [>0.005];✅ filter-e ranj-e tarkibi: diff=0.0110, ADX=9.93, mode=AND -> OK"
LINK-USDT,LONG,S2,تیر نقره‌ای (Silver Arrow),12.25490000,11.96224510,12.60608588,2026-09-06 07:13:02,OPEN,,,,,10.00,,"✅ ghoodat-e kandel 15m: BS15=0.765 [>= 0.6];❌ ghoodat-e kandel 5m: BS5=0.879 [khayli bala - ehtemal-e payan-e harakat];✅ rawand EMA 1h: EMA21=12.02, EMA50=11.86;✅ rawand EMA 4h: EMA21=11.75, EMA50=11.56, EMA200=10.31;✅ RSI 30m: RSI=64.07;✅ MACD 30m: MACD_hist=0.0084;❌ vorud-e hoshmand poolback: ghimat=12.2549 EMA=12.1155 RSI=64.1 BS15=0.765;❌ ADX: ADX=9.93 [>22], DI+=286.53, DI-=349.70;✅ CCI obruz az 0: CCI=94.37;✅ SAR: SAR=12.1951, gimat=12.2549;✅ Stochastic cross: K=57.90 D=19.30;❌ rad EMA: bedun rad;❌ test-e moqavemat: bedun test;✅ poolback: poolback tashkhis dadeh shod;✅ Double Top/Bottom: ologhu=DoubleBottom;✅ filter-e ranj: faseleh EMA=0.0110 [>0.005];✅ filter-e ranj-e tarkibi: diff=0.0110, ADX=9.93, mode=AND -> OK"
LINK-USDT,LONG,S3,الماس فیلسوف (Diamond Mind),12.25490000,11.96224510,12.60608588,2026-09-06 07:13:03,OPEN,,,,,10.00,,"✅ ghoodat-e kandel 15m: BS15=0.765 [>= 0.6];❌ ghoodat-e kandel 5m: BS5=0.879 [khayli bala - ehtemal-e payan-e harakat];✅ rawand EMA 1h: EMA21=12.02, EMA50=11.86;✅ rawand EMA 4h: EMA21=11.75, EMA50=11.56, EMA200=10.31;✅ RSI 30m: RSI=64.07;✅ MACD 30m: MACD_hist=0.0084;❌ vorud-e hoshmand poolback: ghimat=12.2549 EMA=12.1155 RSI=64.1 BS15=0.765;❌ ADX: ADX=9.93 [>22], DI+=286.53, DI-=349.70;✅ CCI obruz az 0: CCI=94.37;✅ SAR: SAR=12.1951, gimat=12.2549;✅ Stochastic cross: K=57.90 D=19.30;❌ rad EMA: bedun rad;❌ test-e moqavemat: bedun test;✅ poolback: poolback tashkhis dadeh shod;✅ Double Top/Bottom: ologhu=DoubleBottom;✅ filter-e ranj: faseleh EMA=0.0110 [>0.005];✅ filter-e ranj-e tarkibi: diff=0.0110, ADX=9.93, mode=AND -> OK"
AVAX-USDT,LONG,S3,الماس فیلسوف (Diamond Mind),7.73300000,7.56826700,7.93067960,2026-09-06 07:13:03,OPEN,,,,,10.00,,"❌ ghoodat-e kandel 15m: BS15=0.824 [khayli bala - ehtemal-e payan-e harakat];❌ ghoodat-e kandel 5m: BS5=0.100 [>= 0.6];✅ rawand EMA 1h: EMA21=7.59, EMA50=7.51;✅ rawand EMA 4h: EMA21=7.46, EMA50=7.38, EMA200=7.00;❌ RSI 30m: RSI=76.41;✅ MACD 30m: MACD_hist=0.0068;❌ vorud-e hoshmand poolback: ghimat=7.7330 EMA=7.6314 RSI=76.4 BS15=0.824;✅ ADX: ADX=45.56 [>22], DI+=520.24, DI-=194.56;❌ CCI obruz az 0: CCI=180.71 [eshba-e kharid];✅ SAR: SAR=7.6587, gimat=7.7330;❌ Stochastic cross: K=95.95 [eshba-e kharid];❌ rad EMA: bedun rad;❌ test-e moqavemat: bedun test;❌ poolback: bedun poolback;✅ Double Top/Bottom: ologhu=DoubleBottom;✅ filter-e ranj: faseleh EMA=0.0083 [>0.005];✅ filter-e ranj-e tarkibi: diff=0.0083, ADX=45.56, mode=AND -> OK"
AVAX-USDT,LONG,B2,سپر فولادی (Steel Shield),7.73300000,7.56826700,7.89773300,2026-09-06 07:13:03,OPEN,,,,,10.00,,"❌ ghoodat-e kandel 15m: BS15=0.824 [khayli bala - ehtemal-e payan-e harakat];❌ ghoodat-e kandel 5m: BS5=0.100 [>= 0.48];✅ rawand EMA 1h: EMA21=7.59, EMA50=7.51;✅ rawand EMA 4h: EMA21=7.46, EMA50=7.38, EMA200=7.00;❌ RSI 30m: RSI=76.41;✅ MACD 30m: MACD_hist=0.0068;❌ vorud-e hoshmand poolback: ghimat=7.7330 EMA=7.6314 RSI=76.4 BS15=0.824;✅ ADX: ADX=45.56 [>22], DI+=520.24, DI-=194.56;❌ CCI obruz az 0: CCI=180.71 [eshba-e kharid];✅ SAR: SAR=7.6587, gimat=7.7330;❌ Stochastic cross: K=95.95 [eshba-e kharid];❌ rad EMA: bedun rad;❌ test-e moqavemat: bedun test;❌ poolback: bedun poolback;✅ Double Top/Bottom: ologhu=DoubleBottom;✅ filter-e ranj: faseleh EMA=0.0083 [>0.005];✅ filter-e ranj-e tarkibi: diff=0.0083, ADX=45.56, mode=OR -> OK"
ATOM-USDT,LONG,B1,موج تند (Fast Wave),1.58820000,1.55251180,1.62388820,2026-09-06 07:13:04,OPEN,,,,,10.00,,"❌ ghoodat-e kandel 15m: BS15=0.961 [khayli bala - ehtemal-e payan-e harakat];❌ ghoodat-e kandel 5m: BS5=0.000 [>= 0.48];✅ rawand EMA 1h: EMA21=1.56, EMA50=1.54;✅ rawand EMA 4h: EMA21=1.52, EMA50=1.51, EMA200=1.45;✅ RSI 30m: RSI=66.27;✅ MACD 30m: MACD_hist=0.0025;❌ vorud-e hoshmand poolback: ghimat=1.5882 EMA=1.5670 RSI=66.3 BS15=0.961;✅ ADX: ADX=48.15 [>22], DI+=676.43, DI-=236.75;❌ CCI obruz az 0: CCI=141.71 [eshba-e kharid];✅ SAR: SAR=1.5778, gimat=1.5882;❌ Stochastic cross: K=89.03 [eshba-e kharid];❌ rad EMA: bedun rad;❌ test-e moqavemat: bedun test;✅ poolback: poolback tashkhis dadeh shod;✅ Double Top/Bottom: ologhu=DoubleTop;✅ filter-e ranj: faseleh EMA=0.0096 [>0.005];✅ filter-e ranj-e tarkibi: diff=0.0096, ADX=48.15, mode=OR -> OK"
FIL-USDT,LONG,S2,تیر نقره‌ای (Silver Arrow),0.81510000,0.78518490,0.85099812,2026-09-06 07:13:04,OPEN,,,,,10.00,,"❌ ghoodat-e kandel 15m: BS15=0.364 [>= 0.6];❌ ghoodat-e kandel 5m: BS5=0.182 [>= 0.6];✅ rawand EMA 1h: EMA21=0.79, EMA50=0.78;✅ rawand EMA 4h: EMA21=0.77, EMA50=0.75, EMA200=0.72;✅ RSI 30m: RSI=64.54;✅ MACD 30m: MACD_hist=0.0024;❌ vorud-e hoshmand poolback: ghimat=0.8151 EMA=0.8006 RSI=64.5 BS15=0.364;❌ ADX: ADX=6.81 [>22], DI+=330.50, DI-=378.78;✅ CCI obruz az 0: CCI=89.88;✅ SAR: SAR=0.8144, gimat=0.8151;✅ Stochastic cross: K=54.70 D=18.23;❌ rad EMA: bedun rad;❌ test-e moqavemat: bedun test;✅ poolback: poolback tashkhis dadeh shod;✅ Double Top/Bottom: ologhu=DoubleBottom;✅ filter-e ranj: faseleh EMA=0.0158 [>0.005];✅ filter-e ranj-e tarkibi: diff=0.0158, ADX=6.81, mode=AND -> OK"
SEI-USDT,LONG,S2,تیر نقره‌ای (Silver Arrow),0.04875000,0.04768125,0.05003250,2026-09-06 07:13:05,OPEN,,,,,10.00,,"❌ ghoodat-e kandel 15m: BS15=0.972 [khayli bala - ehtemal-e payan-e harakat];❌ ghoodat-e kandel 5m: BS5=0.833 [khayli bala - ehtemal-e payan-e harakat];✅ rawand EMA 1h: EMA21=0.05, EMA50=0.05;✅ rawand EMA 4h: EMA21=0.05, EMA50=0.05, EMA200=0.04;✅ RSI 30m: RSI=61.76;❌ MACD 30m: MACD_hist=0.0001;❌ vorud-e hoshmand poolback: ghimat=0.0488 EMA=0.0482 RSI=61.8 BS15=0.972;❌ ADX: ADX=9.28 [>22], DI+=398.92, DI-=331.18;✅ CCI obruz az 0: CCI=97.41;✅ SAR: SAR=0.0483, gimat=0.0488;❌ Stochastic cross: K=84.76 [eshba-e kharid];❌ rad EMA: bedun rad;❌ test-e moqavemat: bedun test;✅ poolback: poolback tashkhis dadeh shod;✅ Double Top/Bottom: ologhu=DoubleTop;✅ filter-e ranj: faseleh EMA=0.0052 [>0.005];✅ filter-e ranj-e tarkibi: diff=0.0052, ADX=9.28, mode=AND -> OK"
TIA-USDT,LONG,S3,الماس فیلسوف (Diamond Mind),0.38160000,0.37731840,0.38673792,2026-09-06 07:13:05,OPEN,,,,,10.00,,"✅ ghoodat-e kandel 15m: BS15=0.667 [>= 0.6];❌ ghoodat-e kandel 5m: BS5=1.000 [khayli bala - ehtemal-e payan-e harakat];✅ rawand EMA 1h: EMA21=0.37, EMA50=0.37;✅ rawand EMA 4h: EMA21=0.36, EMA50=0.36, EMA200=0.34;✅ RSI 30m: RSI=61.49;❌ MACD 30m: MACD_hist=-0.0005;❌ vorud-e hoshmand poolback: ghimat=0.3816 EMA=0.3787 RSI=61.5 BS15=0.667;✅ ADX: ADX=23.20 [>22], DI+=487.78, DI-=304.07;✅ CCI obruz az 0: CCI=30.56;✅ SAR: SAR=0.3802, gimat=0.3816;✅ Stochastic cross: K=61.84 D=20.61;❌ rad EMA: bedun rad;❌ test-e moqavemat: bedun test;✅ poolback: poolback tashkhis dadeh shod;✅ Double Top/Bottom: ologhu=DoubleTop;✅ filter-e ranj: faseleh EMA=0.0175 [>0.005];✅ filter-e ranj-e tarkibi: diff=0.0175, ADX=23.20, mode=AND -> OK"
OP-USDT,LONG,B1,موج تند (Fast Wave),0.11000000,0.10739000,0.11261000,2026-09-06 07:13:05,OPEN,,,,,10.00,,"❌ ghoodat-e kandel 15m: BS15=1.000 [khayli bala - ehtemal-e payan-e harakat];❌ ghoodat-e kandel 5m: BS5=1.000 [khayli bala - ehtemal-e payan-e harakat];✅ rawand EMA 1h: EMA21=0.11, EMA50=0.10;✅ rawand EMA 4h: EMA21=0.10, EMA50=0.10, EMA200=0.09;✅ RSI 30m: RSI=59.99;❌ MACD 30m: MACD_hist=-0.0002;❌ vorud-e hoshmand poolback: ghimat=0.1100 EMA=0.1080 RSI=60.0 BS15=1.000;✅ ADX: ADX=33.33 [>22], DI+=589.47, DI-=294.74;✅ CCI obruz az 0: CCI=33.66;✅ SAR: SAR=0.1085, gimat=0.1100;✅ Stochastic cross: K=60.95 D=20.32;❌ rad EMA: bedun rad;❌ test-e moqavemat: bedun test;✅ poolback: poolback tashkhis dadeh shod;✅ Double Top/Bottom: ologhu=DoubleTop;✅ filter-e ranj: faseleh EMA=0.0295 [>0.005];✅ filter-e ranj-e tarkibi: diff=0.0295, ADX=33.33, mode=OR -> OK"
BTC-USDT,LONG,S2,تیر نقره‌ای (Silver Arrow),79974.90000000,79641.42510000,80375.06988000,2026-09-06 07:46:48,OPEN,,,,,10.00,,"❌ ghoodat-e kandel 15m: BS15=0.957 [khayli bala - ehtemal-e payan-e harakat];❌ ghoodat-e kandel 5m: BS5=0.957 [khayli bala - ehtemal-e payan-e harakat];✅ rawand EMA 1h: EMA21=79857.01, EMA50=79747.02;✅ rawand EMA 4h: EMA21=79596.15, EMA50=78846.44, EMA200=72610.73;✅ RSI 30m: RSI=57.22;✅ MACD 30m: MACD_hist=8.4108;❌ vorud-e hoshmand poolback: ghimat=79974.9000 EMA=79888.3827 RSI=57.2 BS15=0.957;✅ ADX: ADX=27.36 [>22], DI+=474.05, DI-=270.36;❌ CCI obruz az 0: CCI=103.35 [eshba-e kharid];✅ SAR: SAR=79905.0480, gimat=79974.9000;✅ Stochastic cross: K=66.29 D=22.10;❌ rad EMA: bedun rad;❌ test-e moqavemat: bedun test;✅ poolback: poolback tashkhis dadeh shod;✅ Double Top/Bottom: ologhu=DoubleTop;❌ filter-e ranj: faseleh EMA=0.0006 [>0.005];✅ filter-e ranj-e tarkibi: diff=0.0006, ADX=27.36, mode=AND -> OK"
BTC-USDT,LONG,S3,الماس فیلسوف (Diamond Mind),79974.90000000,79641.42510000,80375.06988000,2026-09-06 07:46:48,OPEN,,,,,10.00,,"❌ ghoodat-e kandel 15m: BS15=0.957 [khayli bala - ehtemal-e payan-e harakat];❌ ghoodat-e kandel 5m: BS5=0.957 [khayli bala - ehtemal-e payan-e harakat];✅ rawand EMA 1h: EMA21=79857.01, EMA50=79747.02;✅ rawand EMA 4h: EMA21=79596.15, EMA50=78846.44, EMA200=72610.73;✅ RSI 30m: RSI=57.22;✅ MACD 30m: MACD_hist=8.4108;❌ vorud-e hoshmand poolback: ghimat=79974.9000 EMA=79888.3827 RSI=57.2 BS15=0.957;✅ ADX: ADX=27.36 [>22], DI+=474.05, DI-=270.36;❌ CCI obruz az 0: CCI=103.35 [eshba-e kharid];✅ SAR: SAR=79905.0480, gimat=79974.9000;✅ Stochastic cross: K=66.29 D=22.10;❌ rad EMA: bedun rad;❌ test-e moqavemat: bedun test;✅ poolback: poolback tashkhis dadeh shod;✅ Double Top/Bottom: ologhu=DoubleTop;❌ filter-e ranj: faseleh EMA=0.0006 [>0.005];✅ filter-e ranj-e tarkibi: diff=0.0006, ADX=27.36, mode=AND -> OK"
BTC-USDT,LONG,B1,موج تند (Fast Wave),79974.90000000,79641.42510000,80308.37490000,2026-09-06 07:46:49,OPEN,,,,,10.00,,"❌ ghoodat-e kandel 15m: BS15=0.957 [khayli bala - ehtemal-e payan-e harakat];❌ ghoodat-e kandel 5m: BS5=0.957 [khayli bala - ehtemal-e payan-e harakat];✅ rawand EMA 1h: EMA21=79857.01, EMA50=79747.02;✅ rawand EMA 4h: EMA21=79596.15, EMA50=78846.44, EMA200=72610.73;✅ RSI 30m: RSI=57.22;✅ MACD 30m: MACD_hist=8.4108;❌ vorud-e hoshmand poolback: ghimat=79974.9000 EMA=79888.3827 RSI=57.2 BS15=0.957;✅ ADX: ADX=27.36 [>22], DI+=474.05, DI-=270.36;❌ CCI obruz az 0: CCI=103.35 [eshba-e kharid];✅ SAR: SAR=79905.0480, gimat=79974.9000;✅ Stochastic cross: K=66.29 D=22.10;❌ rad EMA: bedun rad;❌ test-e moqavemat: bedun test;✅ poolback: poolback tashkhis dadeh shod;✅ Double Top/Bottom: ologhu=DoubleTop;❌ filter-e ranj: faseleh EMA=0.0006 [>0.005];❌ filter-e ranj-e tarkibi: diff=0.0006, ADX=27.36, mode=OR -> RAD"
ETH-USDT,LONG,S2,تیر نقره‌ای (Silver Arrow),2506.67000000,2475.25333000,2544.37000400,2026-09-06 07:46:50,OPEN,,,,,10.00,,"✅ ghoodat-e kandel 15m: BS15=0.714 [>= 0.6];✅ ghoodat-e kandel 5m: BS5=0.714 [>= 0.6];✅ rawand EMA 1h: EMA21=2482.71, EMA50=2471.72;✅ rawand EMA 4h: EMA21=2470.16, EMA50=2452.46, EMA200=2224.66;❌ RSI 30m: RSI=71.24;✅ MACD 30m: MACD_hist=1.4912;❌ vorud-e hoshmand poolback: ghimat=2506.6700 EMA=2490.1173 RSI=71.2 BS15=0.714;✅ ADX: ADX=28.21 [>22], DI+=335.38, DI-=187.78;❌ CCI obruz az 0: CCI=126.22 [eshba-e kharid];✅ SAR: SAR=2501.9756, gimat=2506.6700;❌ Stochastic cross: K=79.36 D=26.45;❌ rad EMA: bedun rad;❌ test-e moqavemat: bedun test;✅ poolback: poolback tashkhis dadeh shod;✅ Double Top/Bottom: ologhu=DoubleTop;❌ filter-e ranj: faseleh EMA=0.0047 [>0.005];✅ filter-e ranj-e tarkibi: diff=0.0047, ADX=28.21, mode=AND -> OK"
ETH-USDT,LONG,S3,الماس فیلسوف (Diamond Mind),2506.67000000,2475.25333000,2544.37000400,2026-09-06 07:46:50,OPEN,,,,,10.00,,"✅ ghoodat-e kandel 15m: BS15=0.714 [>= 0.6];✅ ghoodat-e kandel 5m: BS5=0.714 [>= 0.6];✅ rawand EMA 1h: EMA21=2482.71, EMA50=2471.72;✅ rawand EMA 4h: EMA21=2470.16, EMA50=2452.46, EMA200=2224.66;❌ RSI 30m: RSI=71.24;✅ MACD 30m: MACD_hist=1.4912;❌ vorud-e hoshmand poolback: ghimat=2506.6700 EMA=2490.1173 RSI=71.2 BS15=0.714;✅ ADX: ADX=28.21 [>22], DI+=335.38, DI-=187.78;❌ CCI obruz az 0: CCI=126.22 [eshba-e kharid];✅ SAR: SAR=2501.9756, gimat=2506.6700;❌ Stochastic cross: K=79.36 D=26.45;❌ rad EMA: bedun rad;❌ test-e moqavemat: bedun test;✅ poolback: poolback tashkhis dadeh shod;✅ Double Top/Bottom: ologhu=DoubleTop;❌ filter-e ranj: faseleh EMA=0.0047 [>0.005];✅ filter-e ranj-e tarkibi: diff=0.0047, ADX=28.21, mode=AND -> OK"
ETH-USDT,LONG,B1,موج تند (Fast Wave),2506.67000000,2475.25333000,2538.08667000,2026-09-06 07:46:51,OPEN,,,,,10.00,,"✅ ghoodat-e kandel 15m: BS15=0.714 [>= 0.48];✅ ghoodat-e kandel 5m: BS5=0.714 [>= 0.48];✅ rawand EMA 1h: EMA21=2482.71, EMA50=2471.72;✅ rawand EMA 4h: EMA21=2470.16, EMA50=2452.46, EMA200=2224.66;❌ RSI 30m: RSI=71.24;✅ MACD 30m: MACD_hist=1.4912;❌ vorud-e hoshmand poolback: ghimat=2506.6700 EMA=2490.1173 RSI=71.2 BS15=0.714;✅ ADX: ADX=28.21 [>22], DI+=335.38, DI-=187.78;❌ CCI obruz az 0: CCI=126.22 [eshba-e kharid];✅ SAR: SAR=2501.9756, gimat=2506.6700;❌ Stochastic cross: K=79.36 D=26.45;❌ rad EMA: bedun rad;❌ test-e moqavemat: bedun test;✅ poolback: poolback tashkhis dadeh shod;✅ Double Top/Bottom: ologhu=DoubleTop;❌ filter-e ranj: faseleh EMA=0.0047 [>0.005];✅ filter-e ranj-e tarkibi: diff=0.0047, ADX=28.21, mode=OR -> OK"
BNB-USDT,LONG,S2,تیر نقره‌ای (Silver Arrow),763.94700000,759.96005300,768.73133640,2026-09-06 07:46:54,OPEN,,,,,10.00,,"❌ ghoodat-e kandel 15m: BS15=0.011 [>= 0.6];❌ ghoodat-e kandel 5m: BS5=0.011 [>= 0.6];✅ rawand EMA 1h: EMA21=760.39, EMA50=744.32;✅ rawand EMA 4h: EMA21=735.36, EMA50=715.22, EMA200=658.23;❌ RSI 30m: RSI=48.83;❌ MACD 30m: MACD_hist=-1.5678;❌ vorud-e hoshmand poolback: ghimat=763.9470 EMA=765.6184 RSI=48.8 BS15=0.011;❌ ADX: ADX=13.77 [>22], DI+=355.29, DI-=269.28;❌ CCI obruz az 0: CCI=-82.47;✅ SAR: SAR=763.6939, gimat=763.9470;✅ Stochastic cross: K=28.13 D=9.38;✅ rad EMA: rad EMA tashkhis dadeh shod;❌ test-e moqavemat: bedun test;✅ poolback: poolback tashkhis dadeh shod;✅ Double Top/Bottom: ologhu=DoubleTop;✅ filter-e ranj: faseleh EMA=0.0107 [>0.005];✅ filter-e ranj-e tarkibi: diff=0.0107, ADX=13.77, mode=AND -> OK"
BNB-USDT,LONG,S3,الماس فیلسوف (Diamond Mind),763.94700000,759.96005300,768.73133640,2026-09-06 07:46:55,OPEN,,,,,10.00,,"❌ ghoodat-e kandel 15m: BS15=0.011 [>= 0.6];❌ ghoodat-e kandel 5m: BS5=0.011 [>= 0.6];✅ rawand EMA 1h: EMA21=760.39, EMA50=744.32;✅ rawand EMA 4h: EMA21=735.36, EMA50=715.22, EMA200=658.23;❌ RSI 30m: RSI=48.83;❌ MACD 30m: MACD_hist=-1.5678;❌ vorud-e hoshmand poolback: ghimat=763.9470 EMA=765.6184 RSI=48.8 BS15=0.011;❌ ADX: ADX=13.77 [>22], DI+=355.29, DI-=269.28;❌ CCI obruz az 0: CCI=-82.47;✅ SAR: SAR=763.6939, gimat=763.9470;✅ Stochastic cross: K=28.13 D=9.38;✅ rad EMA: rad EMA tashkhis dadeh shod;❌ test-e moqavemat: bedun test;✅ poolback: poolback tashkhis dadeh shod;✅ Double Top/Bottom: ologhu=DoubleTop;✅ filter-e ranj: faseleh EMA=0.0107 [>0.005];✅ filter-e ranj-e tarkibi: diff=0.0107, ADX=13.77, mode=AND -> OK"
LTC-USDT,LONG,S2,تیر نقره‌ای (Silver Arrow),54.48000000,54.27552000,54.72537600,2026-09-06 07:46:55,OPEN,,,,,10.00,,"❌ ghoodat-e kandel 15m: BS15=0.000 [>= 0.6];❌ ghoodat-e kandel 5m: BS5=0.000 [>= 0.6];✅ rawand EMA 1h: EMA21=54.01, EMA50=52.89;✅ rawand EMA 4h: EMA21=52.33, EMA50=51.02, EMA200=48.32;✅ RSI 30m: RSI=52.82;❌ MACD 30m: MACD_hist=-0.0613;❌ vorud-e hoshmand poolback: ghimat=54.4800 EMA=54.4801 RSI=52.8 BS15=0.000;✅ ADX: ADX=57.14 [>22], DI+=447.67, DI-=122.09;✅ CCI obruz az 0: CCI=0.44;❌ SAR: SAR=54.7046, gimat=54.4800;✅ Stochastic cross: K=27.35 D=9.12;❌ rad EMA: bedun rad;❌ test-e moqavemat: bedun test;✅ poolback: poolback tashkhis dadeh shod;✅ Double Top/Bottom: ologhu=DoubleTop;✅ filter-e ranj: faseleh EMA=0.0124 [>0.005];✅ filter-e ranj-e tarkibi: diff=0.0124, ADX=57.14, mode=AND -> OK"
LTC-USDT,LONG,S3,الماس فیلسوف (Diamond Mind),54.48000000,54.27552000,54.72537600,2026-09-06 07:46:56,OPEN,,,,,10.00,,"❌ ghoodat-e kandel 15m: BS15=0.000 [>= 0.6];❌ ghoodat-e kandel 5m: BS5=0.000 [>= 0.6];✅ rawand EMA 1h: EMA21=54.01, EMA50=52.89;✅ rawand EMA 4h: EMA21=52.33, EMA50=51.02, EMA200=48.32;✅ RSI 30m: RSI=52.82;❌ MACD 30m: MACD_hist=-0.0613;❌ vorud-e hoshmand poolback: ghimat=54.4800 EMA=54.4801 RSI=52.8 BS15=0.000;✅ ADX: ADX=57.14 [>22], DI+=447.67, DI-=122.09;✅ CCI obruz az 0: CCI=0.44;❌ SAR: SAR=54.7046, gimat=54.4800;✅ Stochastic cross: K=27.35 D=9.12;❌ rad EMA: bedun rad;❌ test-e moqavemat: bedun test;✅ poolback: poolback tashkhis dadeh shod;✅ Double Top/Bottom: ologhu=DoubleTop;✅ filter-e ranj: faseleh EMA=0.0124 [>0.005];✅ filter-e ranj-e tarkibi: diff=0.0124, ADX=57.14, mode=AND -> OK"
DOGE-USDT,LONG,S1,شیر طلایی (Golden Lion),0.09093000,0.08922907,0.09297112,2026-09-06 07:46:56,OPEN,,,,,10.00,,"✅ ghoodat-e kandel 15m: BS15=0.667 [>= 0.6];✅ ghoodat-e kandel 5m: BS5=0.667 [>= 0.6];✅ rawand EMA 1h: EMA21=0.09, EMA50=0.09;✅ rawand EMA 4h: EMA21=0.09, EMA50=0.09, EMA200=0.08;✅ RSI 30m: RSI=59.58;❌ MACD 30m: MACD_hist=-0.0001;❌ vorud-e hoshmand poolback: ghimat=0.0909 EMA=0.0903 RSI=59.6 BS15=0.667;❌ ADX: ADX=0.66 [>22], DI+=309.73, DI-=313.86;✅ CCI obruz az 0: CCI=58.27;✅ SAR: SAR=0.0909, gimat=0.0909;✅ Stochastic cross: K=67.08 D=22.36;❌ rad EMA: bedun rad;❌ test-e moqavemat: bedun test;✅ poolback: poolback tashkhis dadeh shod;❌ Double Top/Bottom: bedun ologhu;✅ filter-e ranj: faseleh EMA=0.0152 [>0.005];✅ filter-e ranj-e tarkibi: diff=0.0152, ADX=0.66, mode=AND -> OK"
DOGE-USDT,LONG,S2,تیر نقره‌ای (Silver Arrow),0.09093000,0.08922907,0.09297112,2026-09-06 07:47:00,OPEN,,,,,10.00,,"✅ ghoodat-e kandel 15m: BS15=0.667 [>= 0.6];✅ ghoodat-e kandel 5m: BS5=0.667 [>= 0.6];✅ rawand EMA 1h: EMA21=0.09, EMA50=0.09;✅ rawand EMA 4h: EMA21=0.09, EMA50=0.09, EMA200=0.08;✅ RSI 30m: RSI=59.58;❌ MACD 30m: MACD_hist=-0.0001;❌ vorud-e hoshmand poolback: ghimat=0.0909 EMA=0.0903 RSI=59.6 BS15=0.667;❌ ADX: ADX=0.66 [>22], DI+=309.73, DI-=313.86;✅ CCI obruz az 0: CCI=58.27;✅ SAR: SAR=0.0909, gimat=0.0909;✅ Stochastic cross: K=67.08 D=22.36;❌ rad EMA: bedun rad;❌ test-e moqavemat: bedun test;✅ poolback: poolback tashkhis dadeh shod;❌ Double Top/Bottom: bedun ologhu;✅ filter-e ranj: faseleh EMA=0.0152 [>0.005];✅ filter-e ranj-e tarkibi: diff=0.0152, ADX=0.66, mode=AND -> OK"
DOGE-USDT,LONG,S3,الماس فیلسوف (Diamond Mind),0.09093000,0.08922907,0.09297112,2026-09-06 07:47:00,OPEN,,,,,10.00,,"✅ ghoodat-e kandel 15m: BS15=0.667 [>= 0.6];✅ ghoodat-e kandel 5m: BS5=0.667 [>= 0.6];✅ rawand EMA 1h: EMA21=0.09, EMA50=0.09;✅ rawand EMA 4h: EMA21=0.09, EMA50=0.09, EMA200=0.08;✅ RSI 30m: RSI=59.58;❌ MACD 30m: MACD_hist=-0.0001;❌ vorud-e hoshmand poolback: ghimat=0.0909 EMA=0.0903 RSI=59.6 BS15=0.667;❌ ADX: ADX=0.66 [>22], DI+=309.73, DI-=313.86;✅ CCI obruz az 0: CCI=58.27;✅ SAR: SAR=0.0909, gimat=0.0909;✅ Stochastic cross: K=67.08 D=22.36;❌ rad EMA: bedun rad;❌ test-e moqavemat: bedun test;✅ poolback: poolback tashkhis dadeh shod;❌ Double Top/Bottom: bedun ologhu;✅ filter-e ranj: faseleh EMA=0.0152 [>0.005];✅ filter-e ranj-e tarkibi: diff=0.0152, ADX=0.66, mode=AND -> OK"
SUI-USDT,LONG,S1,شیر طلایی (Golden Lion),0.79760000,0.79180240,0.80455712,2026-09-06 07:47:01,OPEN,,,,,10.00,,"✅ ghoodat-e kandel 15m: BS15=0.706 [>= 0.6];✅ ghoodat-e kandel 5m: BS5=0.706 [>= 0.6];✅ rawand EMA 1h: EMA21=0.79, EMA50=0.78;✅ rawand EMA 4h: EMA21=0.78, EMA50=0.76, EMA200=0.73;✅ RSI 30m: RSI=50.18;❌ MACD 30m: MACD_hist=-0.0009;❌ vorud-e hoshmand poolback: ghimat=0.7976 EMA=0.7985 RSI=50.2 BS15=0.706;❌ ADX: ADX=2.54 [>22], DI+=273.73, DI-=287.98;❌ CCI obruz az 0: CCI=-40.19;✅ SAR: SAR=0.7965, gimat=0.7976;✅ Stochastic cross: K=25.00 D=8.33;❌ rad EMA: bedun rad;❌ test-e moqavemat: bedun test;✅ poolback: poolback tashkhis dadeh shod;✅ Double Top/Bottom: ologhu=DoubleTop;✅ filter-e ranj: faseleh EMA=0.0081 [>0.005];✅ filter-e ranj-e tarkibi: diff=0.0081, ADX=2.54, mode=AND -> OK"
SUI-USDT,LONG,S2,تیر نقره‌ای (Silver Arrow),0.79760000,0.79180240,0.80455712,2026-09-06 07:47:01,OPEN,,,,,10.00,,"✅ ghoodat-e kandel 15m: BS15=0.706 [>= 0.6];✅ ghoodat-e kandel 5m: BS5=0.706 [>= 0.6];✅ rawand EMA 1h: EMA21=0.79, EMA50=0.78;✅ rawand EMA 4h: EMA21=0.78, EMA50=0.76, EMA200=0.73;✅ RSI 30m: RSI=50.18;❌ MACD 30m: MACD_hist=-0.0009;❌ vorud-e hoshmand poolback: ghimat=0.7976 EMA=0.7985 RSI=50.2 BS15=0.706;❌ ADX: ADX=2.54 [>22], DI+=273.73, DI-=287.98;❌ CCI obruz az 0: CCI=-40.19;✅ SAR: SAR=0.7965, gimat=0.7976;✅ Stochastic cross: K=25.00 D=8.33;❌ rad EMA: bedun rad;❌ test-e moqavemat: bedun test;✅ poolback: poolback tashkhis dadeh shod;✅ Double Top/Bottom: ologhu=DoubleTop;✅ filter-e ranj: faseleh EMA=0.0081 [>0.005];✅ filter-e ranj-e tarkibi: diff=0.0081, ADX=2.54, mode=AND -> OK"
SUI-USDT,LONG,S3,الماس فیلسوف (Diamond Mind),0.79760000,0.79180240,0.80455712,2026-09-06 07:47:02,OPEN,,,,,10.00,,"✅ ghoodat-e kandel 15m: BS15=0.706 [>= 0.6];✅ ghoodat-e kandel 5m: BS5=0.706 [>= 0.6];✅ rawand EMA 1h: EMA21=0.79, EMA50=0.78;✅ rawand EMA 4h: EMA21=0.78, EMA50=0.76, EMA200=0.73;✅ RSI 30m: RSI=50.18;❌ MACD 30m: MACD_hist=-0.0009;❌ vorud-e hoshmand poolback: ghimat=0.7976 EMA=0.7985 RSI=50.2 BS15=0.706;❌ ADX: ADX=2.54 [>22], DI+=273.73, DI-=287.98;❌ CCI obruz az 0: CCI=-40.19;✅ SAR: SAR=0.7965, gimat=0.7976;✅ Stochastic cross: K=25.00 D=8.33;❌ rad EMA: bedun rad;❌ test-e moqavemat: bedun test;✅ poolback: poolback tashkhis dadeh shod;✅ Double Top/Bottom: ologhu=DoubleTop;✅ filter-e ranj: faseleh EMA=0.0081 [>0.005];✅ filter-e ranj-e tarkibi: diff=0.0081, ADX=2.54, mode=AND -> OK"
NEAR-USDT,LONG,S2,تیر نقره‌ای (Silver Arrow),2.20770000,2.17029230,2.25258924,2026-09-06 07:47:06,OPEN,,,,,10.00,,"❌ ghoodat-e kandel 15m: BS15=0.103 [>= 0.6];❌ ghoodat-e kandel 5m: BS5=0.103 [>= 0.6];✅ rawand EMA 1h: EMA21=2.20, EMA50=2.14;✅ rawand EMA 4h: EMA21=2.10, EMA50=2.00, EMA200=1.83;✅ RSI 30m: RSI=51.27;✅ MACD 30m: MACD_hist=0.0027;❌ vorud-e hoshmand poolback: ghimat=2.2077 EMA=2.2046 RSI=51.3 BS15=0.103;❌ ADX: ADX=10.10 [>22], DI+=362.99, DI-=296.40;✅ CCI obruz az 0: CCI=45.10;❌ SAR: SAR=2.2109, gimat=2.2077;✅ Stochastic cross: K=56.95 D=18.98;❌ rad EMA: bedun rad;❌ test-e moqavemat: bedun test;✅ poolback: poolback tashkhis dadeh shod;❌ Double Top/Bottom: bedun ologhu;✅ filter-e ranj: faseleh EMA=0.0069 [>0.005];✅ filter-e ranj-e tarkibi: diff=0.0069, ADX=10.10, mode=AND -> OK"
NEAR-USDT,LONG,S3,الماس فیلسوف (Diamond Mind),2.20770000,2.17029230,2.25258924,2026-09-06 07:47:06,OPEN,,,,,10.00,,"❌ ghoodat-e kandel 15m: BS15=0.103 [>= 0.6];❌ ghoodat-e kandel 5m: BS5=0.103 [>= 0.6];✅ rawand EMA 1h: EMA21=2.20, EMA50=2.14;✅ rawand EMA 4h: EMA21=2.10, EMA50=2.00, EMA200=1.83;✅ RSI 30m: RSI=51.27;✅ MACD 30m: MACD_hist=0.0027;❌ vorud-e hoshmand poolback: ghimat=2.2077 EMA=2.2046 RSI=51.3 BS15=0.103;❌ ADX: ADX=10.10 [>22], DI+=362.99, DI-=296.40;✅ CCI obruz az 0: CCI=45.10;❌ SAR: SAR=2.2109, gimat=2.2077;✅ Stochastic cross: K=56.95 D=18.98;❌ rad EMA: bedun rad;❌ test-e moqavemat: bedun test;✅ poolback: poolback tashkhis dadeh shod;❌ Double Top/Bottom: bedun ologhu;✅ filter-e ranj: faseleh EMA=0.0069 [>0.005];✅ filter-e ranj-e tarkibi: diff=0.0069, ADX=10.10, mode=AND -> OK"
DOT-USDT,LONG,S1,شیر طلایی (Golden Lion),0.92710000,0.91357290,0.94333252,2026-09-06 07:47:07,OPEN,,,,,10.00,,"❌ ghoodat-e kandel 15m: BS15=0.423 [>= 0.6];❌ ghoodat-e kandel 5m: BS5=0.423 [>= 0.6];✅ rawand EMA 1h: EMA21=0.92, EMA50=0.90;✅ rawand EMA 4h: EMA21=0.90, EMA50=0.88, EMA200=0.84;✅ RSI 30m: RSI=58.61;❌ MACD 30m: MACD_hist=0.0002;❌ vorud-e hoshmand poolback: ghimat=0.9271 EMA=0.9213 RSI=58.6 BS15=0.423;✅ ADX: ADX=56.67 [>22], DI+=462.57, DI-=127.94;✅ CCI obruz az 0: CCI=96.65;✅ SAR: SAR=0.9218, gimat=0.9271;✅ Stochastic cross: K=62.69 D=20.90;❌ rad EMA: bedun rad;❌ test-e moqavemat: bedun test;✅ poolback: poolback tashkhis dadeh shod;✅ Double Top/Bottom: ologhu=DoubleTop;✅ filter-e ranj: faseleh EMA=0.0103 [>0.005];✅ filter-e ranj-e tarkibi: diff=0.0103, ADX=56.67, mode=AND -> OK"
DOT-USDT,LONG,S2,تیر نقره‌ای (Silver Arrow),0.92710000,0.91357290,0.94333252,2026-09-06 07:47:07,OPEN,,,,,10.00,,"❌ ghoodat-e kandel 15m: BS15=0.423 [>= 0.6];❌ ghoodat-e kandel 5m: BS5=0.423 [>= 0.6];✅ rawand EMA 1h: EMA21=0.92, EMA50=0.90;✅ rawand EMA 4h: EMA21=0.90, EMA50=0.88, EMA200=0.84;✅ RSI 30m: RSI=58.61;❌ MACD 30m: MACD_hist=0.0002;❌ vorud-e hoshmand poolback: ghimat=0.9271 EMA=0.9213 RSI=58.6 BS15=0.423;✅ ADX: ADX=56.67 [>22], DI+=462.57, DI-=127.94;✅ CCI obruz az 0: CCI=96.65;✅ SAR: SAR=0.9218, gimat=0.9271;✅ Stochastic cross: K=62.69 D=20.90;❌ rad EMA: bedun rad;❌ test-e moqavemat: bedun test;✅ poolback: poolback tashkhis dadeh shod;✅ Double Top/Bottom: ologhu=DoubleTop;✅ filter-e ranj: faseleh EMA=0.0103 [>0.005];✅ filter-e ranj-e tarkibi: diff=0.0103, ADX=56.67, mode=AND -> OK"
DOT-USDT,LONG,S3,الماس فیلسوف (Diamond Mind),0.92710000,0.91357290,0.94333252,2026-09-06 07:47:08,OPEN,,,,,10.00,,"❌ ghoodat-e kandel 15m: BS15=0.423 [>= 0.6];❌ ghoodat-e kandel 5m: BS5=0.423 [>= 0.6];✅ rawand EMA 1h: EMA21=0.92, EMA50=0.90;✅ rawand EMA 4h: EMA21=0.90, EMA50=0.88, EMA200=0.84;✅ RSI 30m: RSI=58.61;❌ MACD 30m: MACD_hist=0.0002;❌ vorud-e hoshmand poolback: ghimat=0.9271 EMA=0.9213 RSI=58.6 BS15=0.423;✅ ADX: ADX=56.67 [>22], DI+=462.57, DI-=127.94;✅ CCI obruz az 0: CCI=96.65;✅ SAR: SAR=0.9218, gimat=0.9271;✅ Stochastic cross: K=62.69 D=20.90;❌ rad EMA: bedun rad;❌ test-e moqavemat: bedun test;✅ poolback: poolback tashkhis dadeh shod;✅ Double Top/Bottom: ologhu=DoubleTop;✅ filter-e ranj: faseleh EMA=0.0103 [>0.005];✅ filter-e ranj-e tarkibi: diff=0.0103, ADX=56.67, mode=AND -> OK"
LINK-USDT,LONG,S1,شیر طلایی (Golden Lion),12.17320000,12.00062680,12.38028784,2026-09-06 07:47:08,OPEN,,,,,10.00,,"✅ ghoodat-e kandel 15m: BS15=0.653 [>= 0.6];✅ ghoodat-e kandel 5m: BS5=0.653 [>= 0.6];✅ rawand EMA 1h: EMA21=12.03, EMA50=11.87;✅ rawand EMA 4h: EMA21=11.79, EMA50=11.58, EMA200=10.32;✅ RSI 30m: RSI=57.33;❌ MACD 30m: MACD_hist=-0.0001;❌ vorud-e hoshmand poolback: ghimat=12.1732 EMA=12.1185 RSI=57.3 BS15=0.653;✅ ADX: ADX=22.25 [>22], DI+=348.34, DI-=221.53;✅ CCI obruz az 0: CCI=52.93;❌ SAR: SAR=12.1979, gimat=12.1732;✅ Stochastic cross: K=41.03 D=13.68;❌ rad EMA: bedun rad;❌ test-e moqavemat: bedun test;✅ poolback: poolback tashkhis dadeh shod;❌ Double Top/Bottom: bedun ologhu;✅ filter-e ranj: faseleh EMA=0.0108 [>0.005];✅ filter-e ranj-e tarkibi: diff=0.0108, ADX=22.25, mode=AND -> OK"
LINK-USDT,LONG,S2,تیر نقره‌ای (Silver Arrow),12.17320000,12.00062680,12.38028784,2026-09-06 07:47:09,OPEN,,,,,10.00,,"✅ ghoodat-e kandel 15m: BS15=0.653 [>= 0.6];✅ ghoodat-e kandel 5m: BS5=0.653 [>= 0.6];✅ rawand EMA 1h: EMA21=12.03, EMA50=11.87;✅ rawand EMA 4h: EMA21=11.79, EMA50=11.58, EMA200=10.32;✅ RSI 30m: RSI=57.33;❌ MACD 30m: MACD_hist=-0.0001;❌ vorud-e hoshmand poolback: ghimat=12.1732 EMA=12.1185 RSI=57.3 BS15=0.653;✅ ADX: ADX=22.25 [>22], DI+=348.34, DI-=221.53;✅ CCI obruz az 0: CCI=52.93;❌ SAR: SAR=12.1979, gimat=12.1732;✅ Stochastic cross: K=41.03 D=13.68;❌ rad EMA: bedun rad;❌ test-e moqavemat: bedun test;✅ poolback: poolback tashkhis dadeh shod;❌ Double Top/Bottom: bedun ologhu;✅ filter-e ranj: faseleh EMA=0.0108 [>0.005];✅ filter-e ranj-e tarkibi: diff=0.0108, ADX=22.25, mode=AND -> OK"
LINK-USDT,LONG,S3,الماس فیلسوف (Diamond Mind),12.17320000,12.00062680,12.38028784,2026-09-06 07:47:09,OPEN,,,,,10.00,,"✅ ghoodat-e kandel 15m: BS15=0.653 [>= 0.6];✅ ghoodat-e kandel 5m: BS5=0.653 [>= 0.6];✅ rawand EMA 1h: EMA21=12.03, EMA50=11.87;✅ rawand EMA 4h: EMA21=11.79, EMA50=11.58, EMA200=10.32;✅ RSI 30m: RSI=57.33;❌ MACD 30m: MACD_hist=-0.0001;❌ vorud-e hoshmand poolback: ghimat=12.1732 EMA=12.1185 RSI=57.3 BS15=0.653;✅ ADX: ADX=22.25 [>22], DI+=348.34, DI-=221.53;✅ CCI obruz az 0: CCI=52.93;❌ SAR: SAR=12.1979, gimat=12.1732;✅ Stochastic cross: K=41.03 D=13.68;❌ rad EMA: bedun rad;❌ test-e moqavemat: bedun test;✅ poolback: poolback tashkhis dadeh shod;❌ Double Top/Bottom: bedun ologhu;✅ filter-e ranj: faseleh EMA=0.0108 [>0.005];✅ filter-e ranj-e tarkibi: diff=0.0108, ADX=22.25, mode=AND -> OK"
AVAX-USDT,LONG,S1,شیر طلایی (Golden Lion),7.66500000,7.56833500,7.78099800,2026-09-06 07:47:09,OPEN,,,,,10.00,,"✅ ghoodat-e kandel 15m: BS15=0.692 [>= 0.6];✅ ghoodat-e kandel 5m: BS5=0.692 [>= 0.6];✅ rawand EMA 1h: EMA21=7.59, EMA50=7.51;✅ rawand EMA 4h: EMA21=7.48, EMA50=7.39, EMA200=7.00;✅ RSI 30m: RSI=60.14;✅ MACD 30m: MACD_hist=0.0025;❌ vorud-e hoshmand poolback: ghimat=7.6650 EMA=7.6328 RSI=60.1 BS15=0.692;✅ ADX: ADX=51.85 [>22], DI+=523.40, DI-=165.96;✅ CCI obruz az 0: CCI=92.46;❌ SAR: SAR=7.6885, gimat=7.6650;✅ Stochastic cross: K=54.27 D=18.09;❌ rad EMA: bedun rad;❌ test-e moqavemat: bedun test;✅ poolback: poolback tashkhis dadeh shod;✅ Double Top/Bottom: ologhu=DoubleTop;✅ filter-e ranj: faseleh EMA=0.0081 [>0.005];✅ filter-e ranj-e tarkibi: diff=0.0081, ADX=51.85, mode=AND -> OK"
AVAX-USDT,LONG,S3,الماس فیلسوف (Diamond Mind),7.66500000,7.56833500,7.78099800,2026-09-06 07:47:10,OPEN,,,,,10.00,,"✅ ghoodat-e kandel 15m: BS15=0.692 [>= 0.6];✅ ghoodat-e kandel 5m: BS5=0.692 [>= 0.6];✅ rawand EMA 1h: EMA21=7.59, EMA50=7.51;✅ rawand EMA 4h: EMA21=7.48, EMA50=7.39, EMA200=7.00;✅ RSI 30m: RSI=60.14;✅ MACD 30m: MACD_hist=0.0025;❌ vorud-e hoshmand poolback: ghimat=7.6650 EMA=7.6328 RSI=60.1 BS15=0.692;✅ ADX: ADX=51.85 [>22], DI+=523.40, DI-=165.96;✅ CCI obruz az 0: CCI=92.46;❌ SAR: SAR=7.6885, gimat=7.6650;✅ Stochastic cross: K=54.27 D=18.09;❌ rad EMA: bedun rad;❌ test-e moqavemat: bedun test;✅ poolback: poolback tashkhis dadeh shod;✅ Double Top/Bottom: ologhu=DoubleTop;✅ filter-e ranj: faseleh EMA=0.0081 [>0.005];✅ filter-e ranj-e tarkibi: diff=0.0081, ADX=51.85, mode=AND -> OK"
FIL-USDT,LONG,S2,تیر نقره‌ای (Silver Arrow),0.81050000,0.78558950,0.84039260,2026-09-06 07:47:10,OPEN,,,,,10.00,,"❌ ghoodat-e kandel 15m: BS15=0.361 [>= 0.6];❌ ghoodat-e kandel 5m: BS5=0.361 [>= 0.6];✅ rawand EMA 1h: EMA21=0.79, EMA50=0.78;✅ rawand EMA 4h: EMA21=0.78, EMA50=0.76, EMA200=0.72;✅ RSI 30m: RSI=59.62;❌ MACD 30m: MACD_hist=0.0015;❌ vorud-e hoshmand poolback: ghimat=0.8105 EMA=0.8017 RSI=59.6 BS15=0.361;✅ ADX: ADX=48.33 [>22], DI+=412.58, DI-=143.71;✅ CCI obruz az 0: CCI=64.99;❌ SAR: SAR=0.8116, gimat=0.8105;✅ Stochastic cross: K=46.05 D=15.35;❌ rad EMA: bedun rad;❌ test-e moqavemat: bedun test;✅ poolback: poolback tashkhis dadeh shod;❌ Double Top/Bottom: bedun ologhu;✅ filter-e ranj: faseleh EMA=0.0160 [>0.005];✅ filter-e ranj-e tarkibi: diff=0.0160, ADX=48.33, mode=AND -> OK"
TIA-USDT,LONG,S3,الماس فیلسوف (Diamond Mind),0.38160000,0.37731840,0.38673792,2026-09-06 07:47:11,OPEN,,,,,10.00,,"✅ ghoodat-e kandel 15m: BS15=0.750 [>= 0.6];❌ ghoodat-e kandel 5m: BS5=1.000 [khayli bala - ehtemal-e payan-e harakat];✅ rawand EMA 1h: EMA21=0.37, EMA50=0.37;✅ rawand EMA 4h: EMA21=0.36, EMA50=0.36, EMA200=0.34;✅ RSI 30m: RSI=60.54;❌ MACD 30m: MACD_hist=-0.0006;❌ vorud-e hoshmand poolback: ghimat=0.3816 EMA=0.3790 RSI=60.5 BS15=0.750;✅ ADX: ADX=71.11 [>22], DI+=539.00, DI-=91.00;✅ CCI obruz az 0: CCI=40.84;✅ SAR: SAR=0.3811, gimat=0.3816;✅ Stochastic cross: K=48.21 D=16.07;❌ rad EMA: bedun rad;❌ test-e moqavemat: bedun test;✅ poolback: poolback tashkhis dadeh shod;✅ Double Top/Bottom: ologhu=DoubleTop;✅ filter-e ranj: faseleh EMA=0.0173 [>0.005];✅ filter-e ranj-e tarkibi: diff=0.0173, ADX=71.11, mode=AND -> OK"
OP-USDT,LONG,B1,موج تند (Fast Wave),0.10870000,0.10739130,0.11000870,2026-09-06 07:47:11,OPEN,,,,,10.00,,"❌ ghoodat-e kandel 15m: BS15=1.000 [khayli bala - ehtemal-e payan-e harakat];❌ ghoodat-e kandel 5m: BS5=1.000 [khayli bala - ehtemal-e payan-e harakat];✅ rawand EMA 1h: EMA21=0.11, EMA50=0.10;✅ rawand EMA 4h: EMA21=0.10, EMA50=0.10, EMA200=0.09;✅ RSI 30m: RSI=54.45;❌ MACD 30m: MACD_hist=-0.0003;❌ vorud-e hoshmand poolback: ghimat=0.1087 EMA=0.1082 RSI=54.4 BS15=1.000;✅ ADX: ADX=37.14 [>22], DI+=610.91, DI-=280.00;✅ CCI obruz az 0: CCI=27.97;❌ SAR: SAR=0.1091, gimat=0.1087;❌ Stochastic cross: K=18.18 D=6.06;❌ rad EMA: bedun rad;❌ test-e moqavemat: bedun test;✅ poolback: poolback tashkhis dadeh shod;✅ Double Top/Bottom: ologhu=DoubleTop;✅ filter-e ranj: faseleh EMA=0.0293 [>0.005];✅ filter-e ranj-e tarkibi: diff=0.0293, ADX=37.14, mode=OR -> OK"
BTC-USDT,LONG,S1,شیر طلایی (Golden Lion),79922.30000000,79744.87770000,80135.20676000,2026-09-06 08:12:45,OPEN,,,,,10.00,,"❌ ghoodat-e kandel 15m: BS15=0.009 [>= 0.6];❌ ghoodat-e kandel 5m: BS5=0.991 [khayli bala - ehtemal-e payan-e harakat];✅ rawand EMA 1h: EMA21=79852.23, EMA50=79744.95;✅ rawand EMA 4h: EMA21=79591.37, EMA50=78844.38, EMA200=72610.21;✅ RSI 30m: RSI=53.56;✅ MACD 30m: MACD_hist=2.2225;❌ vorud-e hoshmand poolback: ghimat=79922.3000 EMA=79887.1107 RSI=53.6 BS15=0.009;✅ ADX: ADX=54.36 [>22], DI+=676.90, DI-=200.13;✅ CCI obruz az 0: CCI=41.04;✅ SAR: SAR=79890.6100, gimat=79922.3000;✅ Stochastic cross: K=52.54 D=17.51;❌ rad EMA: bedun rad;❌ test-e moqavemat: bedun test;✅ poolback: poolback tashkhis dadeh shod;✅ Double Top/Bottom: ologhu=DoubleTop;❌ filter-e ranj: faseleh EMA=0.0005 [>0.005];✅ filter-e ranj-e tarkibi: diff=0.0005, ADX=54.36, mode=AND -> OK"
BTC-USDT,LONG,S2,تیر نقره‌ای (Silver Arrow),79922.30000000,79744.87770000,80135.20676000,2026-09-06 08:12:45,OPEN,,,,,10.00,,"❌ ghoodat-e kandel 15m: BS15=0.009 [>= 0.6];❌ ghoodat-e kandel 5m: BS5=0.991 [khayli bala - ehtemal-e payan-e harakat];✅ rawand EMA 1h: EMA21=79852.23, EMA50=79744.95;✅ rawand EMA 4h: EMA21=79591.37, EMA50=78844.38, EMA200=72610.21;✅ RSI 30m: RSI=53.56;✅ MACD 30m: MACD_hist=2.2225;❌ vorud-e hoshmand poolback: ghimat=79922.3000 EMA=79887.1107 RSI=53.6 BS15=0.009;✅ ADX: ADX=54.36 [>22], DI+=676.90, DI-=200.13;✅ CCI obruz az 0: CCI=41.04;✅ SAR: SAR=79890.6100, gimat=79922.3000;✅ Stochastic cross: K=52.54 D=17.51;❌ rad EMA: bedun rad;❌ test-e moqavemat: bedun test;✅ poolback: poolback tashkhis dadeh shod;✅ Double Top/Bottom: ologhu=DoubleTop;❌ filter-e ranj: faseleh EMA=0.0005 [>0.005];✅ filter-e ranj-e tarkibi: diff=0.0005, ADX=54.36, mode=AND -> OK"
BTC-USDT,LONG,S3,الماس فیلسوف (Diamond Mind),79922.30000000,79744.87770000,80135.20676000,2026-09-06 08:12:46,OPEN,,,,,10.00,,"❌ ghoodat-e kandel 15m: BS15=0.009 [>= 0.6];❌ ghoodat-e kandel 5m: BS5=0.991 [khayli bala - ehtemal-e payan-e harakat];✅ rawand EMA 1h: EMA21=79852.23, EMA50=79744.95;✅ rawand EMA 4h: EMA21=79591.37, EMA50=78844.38, EMA200=72610.21;✅ RSI 30m: RSI=53.56;✅ MACD 30m: MACD_hist=2.2225;❌ vorud-e hoshmand poolback: ghimat=79922.3000 EMA=79887.1107 RSI=53.6 BS15=0.009;✅ ADX: ADX=54.36 [>22], DI+=676.90, DI-=200.13;✅ CCI obruz az 0: CCI=41.04;✅ SAR: SAR=79890.6100, gimat=79922.3000;✅ Stochastic cross: K=52.54 D=17.51;❌ rad EMA: bedun rad;❌ test-e moqavemat: bedun test;✅ poolback: poolback tashkhis dadeh shod;✅ Double Top/Bottom: ologhu=DoubleTop;❌ filter-e ranj: faseleh EMA=0.0005 [>0.005];✅ filter-e ranj-e tarkibi: diff=0.0005, ADX=54.36, mode=AND -> OK"
ETH-USDT,LONG,S2,تیر نقره‌ای (Silver Arrow),2503.24000000,2476.91676000,2534.82788800,2026-09-06 08:12:46,OPEN,,,,,10.00,,"❌ ghoodat-e kandel 15m: BS15=0.115 [>= 0.6];❌ ghoodat-e kandel 5m: BS5=0.528 [>= 0.6];✅ rawand EMA 1h: EMA21=2482.40, EMA50=2471.59;✅ rawand EMA 4h: EMA21=2469.85, EMA50=2452.32, EMA200=2224.63;❌ RSI 30m: RSI=66.62;✅ MACD 30m: MACD_hist=0.8376;❌ vorud-e hoshmand poolback: ghimat=2503.2400 EMA=2491.0053 RSI=66.6 BS15=0.115;✅ ADX: ADX=48.04 [>22], DI+=464.74, DI-=163.10;✅ CCI obruz az 0: CCI=84.16;✅ SAR: SAR=2498.4926, gimat=2503.2400;✅ Stochastic cross: K=69.94 D=23.31;❌ rad EMA: bedun rad;❌ test-e moqavemat: bedun test;✅ poolback: poolback tashkhis dadeh shod;✅ Double Top/Bottom: ologhu=DoubleTop;❌ filter-e ranj: faseleh EMA=0.0047 [>0.005];✅ filter-e ranj-e tarkibi: diff=0.0047, ADX=48.04, mode=AND -> OK"
ETH-USDT,LONG,S3,الماس فیلسوف (Diamond Mind),2503.24000000,2476.91676000,2534.82788800,2026-09-06 08:12:47,OPEN,,,,,10.00,,"❌ ghoodat-e kandel 15m: BS15=0.115 [>= 0.6];❌ ghoodat-e kandel 5m: BS5=0.528 [>= 0.6];✅ rawand EMA 1h: EMA21=2482.40, EMA50=2471.59;✅ rawand EMA 4h: EMA21=2469.85, EMA50=2452.32, EMA200=2224.63;❌ RSI 30m: RSI=66.62;✅ MACD 30m: MACD_hist=0.8376;❌ vorud-e hoshmand poolback: ghimat=2503.2400 EMA=2491.0053 RSI=66.6 BS15=0.115;✅ ADX: ADX=48.04 [>22], DI+=464.74, DI-=163.10;✅ CCI obruz az 0: CCI=84.16;✅ SAR: SAR=2498.4926, gimat=2503.2400;✅ Stochastic cross: K=69.94 D=23.31;❌ rad EMA: bedun rad;❌ test-e moqavemat: bedun test;✅ poolback: poolback tashkhis dadeh shod;✅ Double Top/Bottom: ologhu=DoubleTop;❌ filter-e ranj: faseleh EMA=0.0047 [>0.005];✅ filter-e ranj-e tarkibi: diff=0.0047, ADX=48.04, mode=AND -> OK"
SOL-USDT,LONG,S2,تیر نقره‌ای (Silver Arrow),106.03000000,103.06397000,109.58923600,2026-09-06 08:12:47,OPEN,,,,,10.00,,"❌ ghoodat-e kandel 15m: BS15=0.293 [>= 0.6];✅ ghoodat-e kandel 5m: BS5=0.650 [>= 0.6];✅ rawand EMA 1h: EMA21=103.73, EMA50=103.06;✅ rawand EMA 4h: EMA21=103.10, EMA50=102.03, EMA200=90.50;❌ RSI 30m: RSI=77.90;✅ MACD 30m: MACD_hist=0.2478;❌ vorud-e hoshmand poolback: ghimat=106.0300 EMA=104.2498 RSI=77.9 BS15=0.293;✅ ADX: ADX=26.14 [>22], DI+=406.11, DI-=237.79;❌ CCI obruz az 0: CCI=178.92 [eshba-e kharid];✅ SAR: SAR=105.5920, gimat=106.0300;❌ Stochastic cross: K=74.26 D=24.75;❌ rad EMA: bedun rad;❌ test-e moqavemat: bedun test;❌ poolback: bedun poolback;✅ Double Top/Bottom: ologhu=DoubleTop;✅ filter-e ranj: faseleh EMA=0.0068 [>0.005];✅ filter-e ranj-e tarkibi: diff=0.0068, ADX=26.14, mode=AND -> OK"
SOL-USDT,LONG,S3,الماس فیلسوف (Diamond Mind),106.03000000,103.06397000,109.58923600,2026-09-06 08:12:50,OPEN,,,,,10.00,,"❌ ghoodat-e kandel 15m: BS15=0.293 [>= 0.6];✅ ghoodat-e kandel 5m: BS5=0.650 [>= 0.6];✅ rawand EMA 1h: EMA21=103.73, EMA50=103.06;✅ rawand EMA 4h: EMA21=103.10, EMA50=102.03, EMA200=90.50;❌ RSI 30m: RSI=77.90;✅ MACD 30m: MACD_hist=0.2478;❌ vorud-e hoshmand poolback: ghimat=106.0300 EMA=104.2498 RSI=77.9 BS15=0.293;✅ ADX: ADX=26.14 [>22], DI+=406.11, DI-=237.79;❌ CCI obruz az 0: CCI=178.92 [eshba-e kharid];✅ SAR: SAR=105.5920, gimat=106.0300;❌ Stochastic cross: K=74.26 D=24.75;❌ rad EMA: bedun rad;❌ test-e moqavemat: bedun test;❌ poolback: bedun poolback;✅ Double Top/Bottom: ologhu=DoubleTop;✅ filter-e ranj: faseleh EMA=0.0068 [>0.005];✅ filter-e ranj-e tarkibi: diff=0.0068, ADX=26.14, mode=AND -> OK"
LTC-USDT,LONG,S2,تیر نقره‌ای (Silver Arrow),54.27000000,54.16573000,54.39512400,2026-09-06 08:12:51,OPEN,,,,,10.00,,"✅ ghoodat-e kandel 15m: BS15=0.762 [>= 0.6];❌ ghoodat-e kandel 5m: BS5=0.429 [>= 0.6];✅ rawand EMA 1h: EMA21=53.99, EMA50=52.88;✅ rawand EMA 4h: EMA21=52.31, EMA50=51.01, EMA200=48.32;❌ RSI 30m: RSI=48.40;❌ MACD 30m: MACD_hist=-0.0874;✅ vorud-e hoshmand poolback: ghimat=54.2700 EMA=54.4568 RSI=48.4 BS15=0.762;✅ ADX: ADX=64.29 [>22], DI+=508.42, DI-=110.53;❌ CCI obruz az 0: CCI=-63.40;❌ SAR: SAR=54.3572, gimat=54.2700;❌ Stochastic cross: K=4.50 D=1.50;✅ rad EMA: rad EMA tashkhis dadeh shod;❌ test-e moqavemat: bedun test;✅ poolback: poolback tashkhis dadeh shod;✅ Double Top/Bottom: ologhu=DoubleTop;✅ filter-e ranj: faseleh EMA=0.0117 [>0.005];✅ filter-e ranj-e tarkibi: diff=0.0117, ADX=64.29, mode=AND -> OK"
LTC-USDT,LONG,S3,الماس فیلسوف (Diamond Mind),54.27000000,54.16573000,54.39512400,2026-09-06 08:12:51,OPEN,,,,,10.00,,"✅ ghoodat-e kandel 15m: BS15=0.762 [>= 0.6];❌ ghoodat-e kandel 5m: BS5=0.429 [>= 0.6];✅ rawand EMA 1h: EMA21=53.99, EMA50=52.88;✅ rawand EMA 4h: EMA21=52.31, EMA50=51.01, EMA200=48.32;❌ RSI 30m: RSI=48.40;❌ MACD 30m: MACD_hist=-0.0874;✅ vorud-e hoshmand poolback: ghimat=54.2700 EMA=54.4568 RSI=48.4 BS15=0.762;✅ ADX: ADX=64.29 [>22], DI+=508.42, DI-=110.53;❌ CCI obruz az 0: CCI=-63.40;❌ SAR: SAR=54.3572, gimat=54.2700;❌ Stochastic cross: K=4.50 D=1.50;✅ rad EMA: rad EMA tashkhis dadeh shod;❌ test-e moqavemat: bedun test;✅ poolback: poolback tashkhis dadeh shod;✅ Double Top/Bottom: ologhu=DoubleTop;✅ filter-e ranj: faseleh EMA=0.0117 [>0.005];✅ filter-e ranj-e tarkibi: diff=0.0117, ADX=64.29, mode=AND -> OK"
LTC-USDT,LONG,B1,موج تند (Fast Wave),54.27000000,54.16573000,54.37427000,2026-09-06 08:12:52,OPEN,,,,,10.00,,"✅ ghoodat-e kandel 15m: BS15=0.762 [>= 0.48];❌ ghoodat-e kandel 5m: BS5=0.429 [>= 0.48];✅ rawand EMA 1h: EMA21=53.99, EMA50=52.88;✅ rawand EMA 4h: EMA21=52.31, EMA50=51.01, EMA200=48.32;✅ RSI 30m: RSI=48.40;❌ MACD 30m: MACD_hist=-0.0874;✅ vorud-e hoshmand poolback: ghimat=54.2700 EMA=54.4568 RSI=48.4 BS15=0.762;✅ ADX: ADX=64.29 [>22], DI+=508.42, DI-=110.53;❌ CCI obruz az 0: CCI=-63.40;❌ SAR: SAR=54.3572, gimat=54.2700;❌ Stochastic cross: K=4.50 D=1.50;✅ rad EMA: rad EMA tashkhis dadeh shod;❌ test-e moqavemat: bedun test;✅ poolback: poolback tashkhis dadeh shod;✅ Double Top/Bottom: ologhu=DoubleTop;✅ filter-e ranj: faseleh EMA=0.0117 [>0.005];✅ filter-e ranj-e tarkibi: diff=0.0117, ADX=64.29, mode=OR -> OK"
DOGE-USDT,LONG,S2,تیر نقره‌ای (Silver Arrow),0.09065000,0.08956935,0.09194678,2026-09-06 08:12:52,OPEN,,,,,10.00,,"❌ ghoodat-e kandel 15m: BS15=0.156 [>= 0.6];❌ ghoodat-e kandel 5m: BS5=0.917 [khayli bala - ehtemal-e payan-e harakat];✅ rawand EMA 1h: EMA21=0.09, EMA50=0.09;✅ rawand EMA 4h: EMA21=0.09, EMA50=0.09, EMA200=0.08;✅ RSI 30m: RSI=56.51;❌ MACD 30m: MACD_hist=-0.0001;❌ vorud-e hoshmand poolback: ghimat=0.0906 EMA=0.0903 RSI=56.5 BS15=0.156;❌ ADX: ADX=11.63 [>22], DI+=377.53, DI-=298.88;✅ CCI obruz az 0: CCI=-13.28;✅ SAR: SAR=0.0904, gimat=0.0906;✅ Stochastic cross: K=55.42 D=18.47;❌ rad EMA: bedun rad;❌ test-e moqavemat: bedun test;✅ poolback: poolback tashkhis dadeh shod;✅ Double Top/Bottom: ologhu=DoubleBottom;✅ filter-e ranj: faseleh EMA=0.0147 [>0.005];✅ filter-e ranj-e tarkibi: diff=0.0147, ADX=11.63, mode=AND -> OK"
DOGE-USDT,LONG,S3,الماس فیلسوف (Diamond Mind),0.09065000,0.08956935,0.09194678,2026-09-06 08:12:56,OPEN,,,,,10.00,,"❌ ghoodat-e kandel 15m: BS15=0.156 [>= 0.6];❌ ghoodat-e kandel 5m: BS5=0.917 [khayli bala - ehtemal-e payan-e harakat];✅ rawand EMA 1h: EMA21=0.09, EMA50=0.09;✅ rawand EMA 4h: EMA21=0.09, EMA50=0.09, EMA200=0.08;✅ RSI 30m: RSI=56.51;❌ MACD 30m: MACD_hist=-0.0001;❌ vorud-e hoshmand poolback: ghimat=0.0906 EMA=0.0903 RSI=56.5 BS15=0.156;❌ ADX: ADX=11.63 [>22], DI+=377.53, DI-=298.88;✅ CCI obruz az 0: CCI=-13.28;✅ SAR: SAR=0.0904, gimat=0.0906;✅ Stochastic cross: K=55.42 D=18.47;❌ rad EMA: bedun rad;❌ test-e moqavemat: bedun test;✅ poolback: poolback tashkhis dadeh shod;✅ Double Top/Bottom: ologhu=DoubleBottom;✅ filter-e ranj: faseleh EMA=0.0147 [>0.005];✅ filter-e ranj-e tarkibi: diff=0.0147, ADX=11.63, mode=AND -> OK"
SUI-USDT,LONG,S2,تیر نقره‌ای (Silver Arrow),0.79750000,0.79330250,0.80253700,2026-09-06 08:12:57,OPEN,,,,,10.00,,"✅ ghoodat-e kandel 15m: BS15=0.710 [>= 0.6];❌ ghoodat-e kandel 5m: BS5=0.600 [>= 0.6];✅ rawand EMA 1h: EMA21=0.79, EMA50=0.78;✅ rawand EMA 4h: EMA21=0.78, EMA50=0.76, EMA200=0.73;✅ RSI 30m: RSI=50.21;❌ MACD 30m: MACD_hist=-0.0010;❌ vorud-e hoshmand poolback: ghimat=0.7975 EMA=0.7983 RSI=50.2 BS15=0.710;❌ ADX: ADX=12.55 [>22], DI+=353.40, DI-=274.56;❌ CCI obruz az 0: CCI=-80.21;✅ SAR: SAR=0.7944, gimat=0.7975;✅ Stochastic cross: K=24.50 D=8.17;❌ rad EMA: bedun rad;❌ test-e moqavemat: bedun test;✅ poolback: poolback tashkhis dadeh shod;✅ Double Top/Bottom: ologhu=DoubleTop;✅ filter-e ranj: faseleh EMA=0.0076 [>0.005];✅ filter-e ranj-e tarkibi: diff=0.0076, ADX=12.55, mode=AND -> OK"
SUI-USDT,LONG,S3,الماس فیلسوف (Diamond Mind),0.79750000,0.79330250,0.80253700,2026-09-06 08:12:58,OPEN,,,,,10.00,,"✅ ghoodat-e kandel 15m: BS15=0.710 [>= 0.6];❌ ghoodat-e kandel 5m: BS5=0.600 [>= 0.6];✅ rawand EMA 1h: EMA21=0.79, EMA50=0.78;✅ rawand EMA 4h: EMA21=0.78, EMA50=0.76, EMA200=0.73;✅ RSI 30m: RSI=50.21;❌ MACD 30m: MACD_hist=-0.0010;❌ vorud-e hoshmand poolback: ghimat=0.7975 EMA=0.7983 RSI=50.2 BS15=0.710;❌ ADX: ADX=12.55 [>22], DI+=353.40, DI-=274.56;❌ CCI obruz az 0: CCI=-80.21;✅ SAR: SAR=0.7944, gimat=0.7975;✅ Stochastic cross: K=24.50 D=8.17;❌ rad EMA: bedun rad;❌ test-e moqavemat: bedun test;✅ poolback: poolback tashkhis dadeh shod;✅ Double Top/Bottom: ologhu=DoubleTop;✅ filter-e ranj: faseleh EMA=0.0076 [>0.005];✅ filter-e ranj-e tarkibi: diff=0.0076, ADX=12.55, mode=AND -> OK"
DOT-USDT,LONG,S1,شیر طلایی (Golden Lion),0.92860000,0.91387140,0.94627432,2026-09-06 08:12:58,OPEN,,,,,10.00,,"❌ ghoodat-e kandel 15m: BS15=0.262 [>= 0.6];✅ ghoodat-e kandel 5m: BS5=0.704 [>= 0.6];✅ rawand EMA 1h: EMA21=0.92, EMA50=0.90;✅ rawand EMA 4h: EMA21=0.90, EMA50=0.88, EMA200=0.84;✅ RSI 30m: RSI=60.06;❌ MACD 30m: MACD_hist=0.0001;❌ vorud-e hoshmand poolback: ghimat=0.9286 EMA=0.9220 RSI=60.1 BS15=0.262;✅ ADX: ADX=57.55 [>22], DI+=472.38, DI-=127.27;✅ CCI obruz az 0: CCI=82.31;✅ SAR: SAR=0.9229, gimat=0.9286;❌ Stochastic cross: K=70.15 D=23.38;❌ rad EMA: bedun rad;❌ test-e moqavemat: bedun test;✅ poolback: poolback tashkhis dadeh shod;✅ Double Top/Bottom: ologhu=DoubleTop;✅ filter-e ranj: faseleh EMA=0.0103 [>0.005];✅ filter-e ranj-e tarkibi: diff=0.0103, ADX=57.55, mode=AND -> OK"
DOT-USDT,LONG,S2,تیر نقره‌ای (Silver Arrow),0.92860000,0.91387140,0.94627432,2026-09-06 08:12:59,OPEN,,,,,10.00,,"❌ ghoodat-e kandel 15m: BS15=0.262 [>= 0.6];✅ ghoodat-e kandel 5m: BS5=0.704 [>= 0.6];✅ rawand EMA 1h: EMA21=0.92, EMA50=0.90;✅ rawand EMA 4h: EMA21=0.90, EMA50=0.88, EMA200=0.84;✅ RSI 30m: RSI=60.06;❌ MACD 30m: MACD_hist=0.0001;❌ vorud-e hoshmand poolback: ghimat=0.9286 EMA=0.9220 RSI=60.1 BS15=0.262;✅ ADX: ADX=57.55 [>22], DI+=472.38, DI-=127.27;✅ CCI obruz az 0: CCI=82.31;✅ SAR: SAR=0.9229, gimat=0.9286;❌ Stochastic cross: K=70.15 D=23.38;❌ rad EMA: bedun rad;❌ test-e moqavemat: bedun test;✅ poolback: poolback tashkhis dadeh shod;✅ Double Top/Bottom: ologhu=DoubleTop;✅ filter-e ranj: faseleh EMA=0.0103 [>0.005];✅ filter-e ranj-e tarkibi: diff=0.0103, ADX=57.55, mode=AND -> OK"
DOT-USDT,LONG,S3,الماس فیلسوف (Diamond Mind),0.92860000,0.91387140,0.94627432,2026-09-06 08:13:02,OPEN,,,,,10.00,,"❌ ghoodat-e kandel 15m: BS15=0.262 [>= 0.6];✅ ghoodat-e kandel 5m: BS5=0.704 [>= 0.6];✅ rawand EMA 1h: EMA21=0.92, EMA50=0.90;✅ rawand EMA 4h: EMA21=0.90, EMA50=0.88, EMA200=0.84;✅ RSI 30m: RSI=60.06;❌ MACD 30m: MACD_hist=0.0001;❌ vorud-e hoshmand poolback: ghimat=0.9286 EMA=0.9220 RSI=60.1 BS15=0.262;✅ ADX: ADX=57.55 [>22], DI+=472.38, DI-=127.27;✅ CCI obruz az 0: CCI=82.31;✅ SAR: SAR=0.9229, gimat=0.9286;❌ Stochastic cross: K=70.15 D=23.38;❌ rad EMA: bedun rad;❌ test-e moqavemat: bedun test;✅ poolback: poolback tashkhis dadeh shod;✅ Double Top/Bottom: ologhu=DoubleTop;✅ filter-e ranj: faseleh EMA=0.0103 [>0.005];✅ filter-e ranj-e tarkibi: diff=0.0103, ADX=57.55, mode=AND -> OK"
ADA-USDT,LONG,S1,شیر طلایی (Golden Lion),0.22130000,0.21817870,0.22504556,2026-09-06 08:13:03,OPEN,,,,,10.00,,"❌ ghoodat-e kandel 15m: BS15=0.600 [>= 0.6];✅ ghoodat-e kandel 5m: BS5=0.625 [>= 0.6];✅ rawand EMA 1h: EMA21=0.22, EMA50=0.22;✅ rawand EMA 4h: EMA21=0.21, EMA50=0.21, EMA200=0.20;✅ RSI 30m: RSI=57.63;❌ MACD 30m: MACD_hist=-0.0001;❌ vorud-e hoshmand poolback: ghimat=0.2213 EMA=0.2201 RSI=57.6 BS15=0.600;✅ ADX: ADX=34.43 [>22], DI+=448.44, DI-=218.75;✅ CCI obruz az 0: CCI=48.42;✅ SAR: SAR=0.2202, gimat=0.2213;✅ Stochastic cross: K=56.36 D=18.79;❌ rad EMA: bedun rad;❌ test-e moqavemat: bedun test;✅ poolback: poolback tashkhis dadeh shod;✅ Double Top/Bottom: ologhu=DoubleBottom;✅ filter-e ranj: faseleh EMA=0.0089 [>0.005];✅ filter-e ranj-e tarkibi: diff=0.0089, ADX=34.43, mode=AND -> OK"
LINK-USDT,LONG,S1,شیر طلایی (Golden Lion),12.16770000,12.03043230,12.33242124,2026-09-06 08:13:03,OPEN,,,,,10.00,,"✅ ghoodat-e kandel 15m: BS15=0.664 [>= 0.6];❌ ghoodat-e kandel 5m: BS5=0.919 [khayli bala - ehtemal-e payan-e harakat];✅ rawand EMA 1h: EMA21=12.03, EMA50=11.87;✅ rawand EMA 4h: EMA21=11.79, EMA50=11.58, EMA200=10.32;✅ RSI 30m: RSI=56.49;❌ MACD 30m: MACD_hist=-0.0065;❌ vorud-e hoshmand poolback: ghimat=12.1677 EMA=12.1205 RSI=56.5 BS15=0.664;✅ ADX: ADX=41.49 [>22], DI+=483.61, DI-=200.00;✅ CCI obruz az 0: CCI=25.02;✅ SAR: SAR=12.1256, gimat=12.1677;✅ Stochastic cross: K=39.89 D=13.30;❌ rad EMA: bedun rad;❌ test-e moqavemat: bedun test;✅ poolback: poolback tashkhis dadeh shod;❌ Double Top/Bottom: bedun ologhu;✅ filter-e ranj: faseleh EMA=0.0105 [>0.005];✅ filter-e ranj-e tarkibi: diff=0.0105, ADX=41.49, mode=AND -> OK"
LINK-USDT,LONG,S2,تیر نقره‌ای (Silver Arrow),12.16770000,12.03043230,12.33242124,2026-09-06 08:13:04,OPEN,,,,,10.00,,"✅ ghoodat-e kandel 15m: BS15=0.664 [>= 0.6];❌ ghoodat-e kandel 5m: BS5=0.919 [khayli bala - ehtemal-e payan-e harakat];✅ rawand EMA 1h: EMA21=12.03, EMA50=11.87;✅ rawand EMA 4h: EMA21=11.79, EMA50=11.58, EMA200=10.32;✅ RSI 30m: RSI=56.49;❌ MACD 30m: MACD_hist=-0.0065;❌ vorud-e hoshmand poolback: ghimat=12.1677 EMA=12.1205 RSI=56.5 BS15=0.664;✅ ADX: ADX=41.49 [>22], DI+=483.61, DI-=200.00;✅ CCI obruz az 0: CCI=25.02;✅ SAR: SAR=12.1256, gimat=12.1677;✅ Stochastic cross: K=39.89 D=13.30;❌ rad EMA: bedun rad;❌ test-e moqavemat: bedun test;✅ poolback: poolback tashkhis dadeh shod;❌ Double Top/Bottom: bedun ologhu;✅ filter-e ranj: faseleh EMA=0.0105 [>0.005];✅ filter-e ranj-e tarkibi: diff=0.0105, ADX=41.49, mode=AND -> OK"
LINK-USDT,LONG,S3,الماس فیلسوف (Diamond Mind),12.16770000,12.03043230,12.33242124,2026-09-06 08:13:04,OPEN,,,,,10.00,,"✅ ghoodat-e kandel 15m: BS15=0.664 [>= 0.6];❌ ghoodat-e kandel 5m: BS5=0.919 [khayli bala - ehtemal-e payan-e harakat];✅ rawand EMA 1h: EMA21=12.03, EMA50=11.87;✅ rawand EMA 4h: EMA21=11.79, EMA50=11.58, EMA200=10.32;✅ RSI 30m: RSI=56.49;❌ MACD 30m: MACD_hist=-0.0065;❌ vorud-e hoshmand poolback: ghimat=12.1677 EMA=12.1205 RSI=56.5 BS15=0.664;✅ ADX: ADX=41.49 [>22], DI+=483.61, DI-=200.00;✅ CCI obruz az 0: CCI=25.02;✅ SAR: SAR=12.1256, gimat=12.1677;✅ Stochastic cross: K=39.89 D=13.30;❌ rad EMA: bedun rad;❌ test-e moqavemat: bedun test;✅ poolback: poolback tashkhis dadeh shod;❌ Double Top/Bottom: bedun ologhu;✅ filter-e ranj: faseleh EMA=0.0105 [>0.005];✅ filter-e ranj-e tarkibi: diff=0.0105, ADX=41.49, mode=AND -> OK"
AVAX-USDT,LONG,S1,شیر طلایی (Golden Lion),7.65400000,7.57634600,7.74718480,2026-09-06 08:13:05,OPEN,,,,,10.00,,"❌ ghoodat-e kandel 15m: BS15=0.304 [>= 0.6];✅ ghoodat-e kandel 5m: BS5=0.722 [>= 0.6];✅ rawand EMA 1h: EMA21=7.59, EMA50=7.51;✅ rawand EMA 4h: EMA21=7.48, EMA50=7.39, EMA200=7.00;✅ RSI 30m: RSI=57.28;❌ MACD 30m: MACD_hist=-0.0012;❌ vorud-e hoshmand poolback: ghimat=7.6540 EMA=7.6331 RSI=57.3 BS15=0.304;✅ ADX: ADX=54.91 [>22], DI+=551.76, DI-=160.59;✅ CCI obruz az 0: CCI=29.80;✅ SAR: SAR=7.6389, gimat=7.6540;✅ Stochastic cross: K=47.56 D=15.85;❌ rad EMA: bedun rad;❌ test-e moqavemat: bedun test;✅ poolback: poolback tashkhis dadeh shod;✅ Double Top/Bottom: ologhu=DoubleTop;✅ filter-e ranj: faseleh EMA=0.0079 [>0.005];✅ filter-e ranj-e tarkibi: diff=0.0079, ADX=54.91, mode=AND -> OK"
AVAX-USDT,LONG,S3,الماس فیلسوف (Diamond Mind),7.65400000,7.57634600,7.74718480,2026-09-06 08:13:05,OPEN,,,,,10.00,,"❌ ghoodat-e kandel 15m: BS15=0.304 [>= 0.6];✅ ghoodat-e kandel 5m: BS5=0.722 [>= 0.6];✅ rawand EMA 1h: EMA21=7.59, EMA50=7.51;✅ rawand EMA 4h: EMA21=7.48, EMA50=7.39, EMA200=7.00;✅ RSI 30m: RSI=57.28;❌ MACD 30m: MACD_hist=-0.0012;❌ vorud-e hoshmand poolback: ghimat=7.6540 EMA=7.6331 RSI=57.3 BS15=0.304;✅ ADX: ADX=54.91 [>22], DI+=551.76, DI-=160.59;✅ CCI obruz az 0: CCI=29.80;✅ SAR: SAR=7.6389, gimat=7.6540;✅ Stochastic cross: K=47.56 D=15.85;❌ rad EMA: bedun rad;❌ test-e moqavemat: bedun test;✅ poolback: poolback tashkhis dadeh shod;✅ Double Top/Bottom: ologhu=DoubleTop;✅ filter-e ranj: faseleh EMA=0.0079 [>0.005];✅ filter-e ranj-e tarkibi: diff=0.0079, ADX=54.91, mode=AND -> OK"
ATOM-USDT,LONG,S1,شیر طلایی (Golden Lion),1.56660000,1.55353340,1.58227992,2026-09-06 08:13:05,OPEN,,,,,10.00,,"❌ ghoodat-e kandel 15m: BS15=0.455 [>= 0.6];❌ ghoodat-e kandel 5m: BS5=1.000 [khayli bala - ehtemal-e payan-e harakat];✅ rawand EMA 1h: EMA21=1.56, EMA50=1.54;✅ rawand EMA 4h: EMA21=1.53, EMA50=1.51, EMA200=1.45;✅ RSI 30m: RSI=51.60;❌ MACD 30m: MACD_hist=-0.0003;❌ vorud-e hoshmand poolback: ghimat=1.5666 EMA=1.5670 RSI=51.6 BS15=0.455;✅ ADX: ADX=63.57 [>22], DI+=730.57, DI-=162.69;✅ CCI obruz az 0: CCI=6.70;✅ SAR: SAR=1.5655, gimat=1.5666;✅ Stochastic cross: K=32.64 D=10.88;✅ rad EMA: rad EMA tashkhis dadeh shod;❌ test-e moqavemat: bedun test;✅ poolback: poolback tashkhis dadeh shod;✅ Double Top/Bottom: ologhu=DoubleTop;✅ filter-e ranj: faseleh EMA=0.0089 [>0.005];✅ filter-e ranj-e tarkibi: diff=0.0089, ADX=63.57, mode=AND -> OK"
FIL-USDT,LONG,S2,تیر نقره‌ای (Silver Arrow),0.81300000,0.78558700,0.84589560,2026-09-06 08:13:06,OPEN,,,,,10.00,,"❌ ghoodat-e kandel 15m: BS15=0.818 [khayli bala - ehtemal-e payan-e harakat];❌ ghoodat-e kandel 5m: BS5=1.000 [khayli bala - ehtemal-e payan-e harakat];✅ rawand EMA 1h: EMA21=0.79, EMA50=0.78;✅ rawand EMA 4h: EMA21=0.78, EMA50=0.76, EMA200=0.72;✅ RSI 30m: RSI=60.93;❌ MACD 30m: MACD_hist=0.0009;❌ vorud-e hoshmand poolback: ghimat=0.8130 EMA=0.8026 RSI=60.9 BS15=0.818;✅ ADX: ADX=58.67 [>22], DI+=532.27, DI-=138.66;✅ CCI obruz az 0: CCI=54.69;✅ SAR: SAR=0.8084, gimat=0.8130;✅ Stochastic cross: K=50.75 D=16.92;❌ rad EMA: bedun rad;❌ test-e moqavemat: bedun test;✅ poolback: poolback tashkhis dadeh shod;✅ Double Top/Bottom: ologhu=DoubleBottom;✅ filter-e ranj: faseleh EMA=0.0161 [>0.005];✅ filter-e ranj-e tarkibi: diff=0.0161, ADX=58.67, mode=AND -> OK"
FIL-USDT,LONG,B1,موج تند (Fast Wave),0.81300000,0.78558700,0.84041300,2026-09-06 08:13:06,OPEN,,,,,10.00,,"❌ ghoodat-e kandel 15m: BS15=0.818 [khayli bala - ehtemal-e payan-e harakat];❌ ghoodat-e kandel 5m: BS5=1.000 [khayli bala - ehtemal-e payan-e harakat];✅ rawand EMA 1h: EMA21=0.79, EMA50=0.78;✅ rawand EMA 4h: EMA21=0.78, EMA50=0.76, EMA200=0.72;✅ RSI 30m: RSI=60.93;❌ MACD 30m: MACD_hist=0.0009;❌ vorud-e hoshmand poolback: ghimat=0.8130 EMA=0.8026 RSI=60.9 BS15=0.818;✅ ADX: ADX=58.67 [>22], DI+=532.27, DI-=138.66;✅ CCI obruz az 0: CCI=54.69;✅ SAR: SAR=0.8084, gimat=0.8130;✅ Stochastic cross: K=50.75 D=16.92;❌ rad EMA: bedun rad;❌ test-e moqavemat: bedun test;✅ poolback: poolback tashkhis dadeh shod;✅ Double Top/Bottom: ologhu=DoubleBottom;✅ filter-e ranj: faseleh EMA=0.0161 [>0.005];✅ filter-e ranj-e tarkibi: diff=0.0161, ADX=58.67, mode=OR -> OK"
FIL-USDT,LONG,B2,سپر فولادی (Steel Shield),0.81300000,0.78558700,0.84041300,2026-09-06 08:13:07,OPEN,,,,,10.00,,"❌ ghoodat-e kandel 15m: BS15=0.818 [khayli bala - ehtemal-e payan-e harakat];❌ ghoodat-e kandel 5m: BS5=1.000 [khayli bala - ehtemal-e payan-e harakat];✅ rawand EMA 1h: EMA21=0.79, EMA50=0.78;✅ rawand EMA 4h: EMA21=0.78, EMA50=0.76, EMA200=0.72;✅ RSI 30m: RSI=60.93;❌ MACD 30m: MACD_hist=0.0009;❌ vorud-e hoshmand poolback: ghimat=0.8130 EMA=0.8026 RSI=60.9 BS15=0.818;✅ ADX: ADX=58.67 [>22], DI+=532.27, DI-=138.66;✅ CCI obruz az 0: CCI=54.69;✅ SAR: SAR=0.8084, gimat=0.8130;✅ Stochastic cross: K=50.75 D=16.92;❌ rad EMA: bedun rad;❌ test-e moqavemat: bedun test;✅ poolback: poolback tashkhis dadeh shod;✅ Double Top/Bottom: ologhu=DoubleBottom;✅ filter-e ranj: faseleh EMA=0.0161 [>0.005];✅ filter-e ranj-e tarkibi: diff=0.0161, ADX=58.67, mode=OR -> OK"
INJ-USDT,LONG,S2,تیر نقره‌ای (Silver Arrow),5.10900000,4.93889100,5.31313080,2026-09-06 08:13:07,OPEN,,,,,10.00,,"❌ ghoodat-e kandel 15m: BS15=0.846 [khayli bala - ehtemal-e payan-e harakat];❌ ghoodat-e kandel 5m: BS5=0.000 [>= 0.6];✅ rawand EMA 1h: EMA21=4.97, EMA50=4.91;❌ rawand EMA 4h: EMA21=4.93, EMA50=4.97, EMA200=4.89;❌ RSI 30m: RSI=72.01;✅ MACD 30m: MACD_hist=0.0107;❌ vorud-e hoshmand poolback: ghimat=5.1090 EMA=5.0173 RSI=72.0 BS15=0.846;✅ ADX: ADX=67.55 [>22], DI+=513.72, DI-=99.50;✅ CCI obruz az 0: CCI=94.65;✅ SAR: SAR=5.0833, gimat=5.1090;❌ Stochastic cross: K=81.82 [eshba-e kharid];❌ rad EMA: bedun rad;❌ test-e moqavemat: bedun test;✅ poolback: poolback tashkhis dadeh shod;✅ Double Top/Bottom: ologhu=DoubleTop;✅ filter-e ranj: faseleh EMA=0.0132 [>0.005];✅ filter-e ranj-e tarkibi: diff=0.0132, ADX=67.55, mode=AND -> OK"
INJ-USDT,LONG,S3,الماس فیلسوف (Diamond Mind),5.10900000,4.93889100,5.31313080,2026-09-06 08:13:07,OPEN,,,,,10.00,,"❌ ghoodat-e kandel 15m: BS15=0.846 [khayli bala - ehtemal-e payan-e harakat];❌ ghoodat-e kandel 5m: BS5=0.000 [>= 0.6];✅ rawand EMA 1h: EMA21=4.97, EMA50=4.91;❌ rawand EMA 4h: EMA21=4.93, EMA50=4.97, EMA200=4.89;❌ RSI 30m: RSI=72.01;✅ MACD 30m: MACD_hist=0.0107;❌ vorud-e hoshmand poolback: ghimat=5.1090 EMA=5.0173 RSI=72.0 BS15=0.846;✅ ADX: ADX=67.55 [>22], DI+=513.72, DI-=99.50;✅ CCI obruz az 0: CCI=94.65;✅ SAR: SAR=5.0833, gimat=5.1090;❌ Stochastic cross: K=81.82 [eshba-e kharid];❌ rad EMA: bedun rad;❌ test-e moqavemat: bedun test;✅ poolback: poolback tashkhis dadeh shod;✅ Double Top/Bottom: ologhu=DoubleTop;✅ filter-e ranj: faseleh EMA=0.0132 [>0.005];✅ filter-e ranj-e tarkibi: diff=0.0132, ADX=67.55, mode=AND -> OK"
SEI-USDT,LONG,S2,تیر نقره‌ای (Silver Arrow),0.04821000,0.04768179,0.04884385,2026-09-06 08:13:08,OPEN,,,,,10.00,,"❌ ghoodat-e kandel 15m: BS15=0.300 [>= 0.6];❌ ghoodat-e kandel 5m: BS5=0.222 [>= 0.6];✅ rawand EMA 1h: EMA21=0.05, EMA50=0.05;✅ rawand EMA 4h: EMA21=0.05, EMA50=0.05, EMA200=0.04;✅ RSI 30m: RSI=51.54;❌ MACD 30m: MACD_hist=-0.0000;❌ vorud-e hoshmand poolback: ghimat=0.0482 EMA=0.0482 RSI=51.5 BS15=0.300;✅ ADX: ADX=34.51 [>22], DI+=514.01, DI-=250.24;✅ CCI obruz az 0: CCI=14.51;✅ SAR: SAR=0.0481, gimat=0.0482;✅ Stochastic cross: K=41.91 D=13.97;❌ rad EMA: bedun rad;❌ test-e moqavemat: bedun test;✅ poolback: poolback tashkhis dadeh shod;✅ Double Top/Bottom: ologhu=DoubleTop;❌ filter-e ranj: faseleh EMA=0.0047 [>0.005];✅ filter-e ranj-e tarkibi: diff=0.0047, ADX=34.51, mode=AND -> OK"
TIA-USDT,LONG,S3,الماس فیلسوف (Diamond Mind),0.37940000,0.37732060,0.38189528,2026-09-06 08:13:08,OPEN,,,,,10.00,,"❌ ghoodat-e kandel 15m: BS15=0.222 [>= 0.6];❌ ghoodat-e kandel 5m: BS5=0.000 [>= 0.6];✅ rawand EMA 1h: EMA21=0.37, EMA50=0.37;✅ rawand EMA 4h: EMA21=0.36, EMA50=0.36, EMA200=0.34;✅ RSI 30m: RSI=54.88;❌ MACD 30m: MACD_hist=-0.0009;❌ vorud-e hoshmand poolback: ghimat=0.3794 EMA=0.3789 RSI=54.9 BS15=0.222;✅ ADX: ADX=80.00 [>22], DI+=697.02, DI-=77.45;❌ CCI obruz az 0: CCI=-22.65;✅ SAR: SAR=0.3779, gimat=0.3794;❌ Stochastic cross: K=17.53 D=5.84;❌ rad EMA: bedun rad;❌ test-e moqavemat: bedun test;✅ poolback: poolback tashkhis dadeh shod;✅ Double Top/Bottom: ologhu=DoubleTop;✅ filter-e ranj: faseleh EMA=0.0166 [>0.005];✅ filter-e ranj-e tarkibi: diff=0.0166, ADX=80.00, mode=AND -> OK"
OP-USDT,LONG,B1,موج تند (Fast Wave),0.11010000,0.10748990,0.11271010,2026-09-06 08:13:09,OPEN,,,,,10.00,,"❌ ghoodat-e kandel 15m: BS15=0.824 [khayli bala - ehtemal-e payan-e harakat];❌ ghoodat-e kandel 5m: BS5=0.875 [khayli bala - ehtemal-e payan-e harakat];✅ rawand EMA 1h: EMA21=0.11, EMA50=0.10;✅ rawand EMA 4h: EMA21=0.10, EMA50=0.10, EMA200=0.09;✅ RSI 30m: RSI=58.24;❌ MACD 30m: MACD_hist=-0.0003;❌ vorud-e hoshmand poolback: ghimat=0.1101 EMA=0.1083 RSI=58.2 BS15=0.824;✅ ADX: ADX=40.54 [>22], DI+=650.00, DI-=275.00;✅ CCI obruz az 0: CCI=18.76;✅ SAR: SAR=0.1083, gimat=0.1101;✅ Stochastic cross: K=39.39 D=13.13;❌ rad EMA: bedun rad;❌ test-e moqavemat: bedun test;✅ poolback: poolback tashkhis dadeh shod;✅ Double Top/Bottom: ologhu=DoubleTop;✅ filter-e ranj: faseleh EMA=0.0287 [>0.005];✅ filter-e ranj-e tarkibi: diff=0.0287, ADX=40.54, mode=OR -> OK"
BTC-USDT,LONG,S2,تیر نقره‌ای (Silver Arrow),79803.50000000,79723.69650000,79899.26420000,2026-09-06 08:44:58,OPEN,,,,,10.00,,"✅ ghoodat-e kandel 15m: BS15=0.763 [>= 0.6];❌ ghoodat-e kandel 5m: BS5=1.000 [khayli bala - ehtemal-e payan-e harakat];✅ rawand EMA 1h: EMA21=79843.59, EMA50=79745.33;✅ rawand EMA 4h: EMA21=79580.57, EMA50=78839.72, EMA200=72609.03;❌ RSI 30m: RSI=46.07;❌ MACD 30m: MACD_hist=-9.4439;❌ vorud-e hoshmand poolback: ghimat=79803.5000 EMA=79875.3032 RSI=46.1 BS15=0.763;✅ ADX: ADX=59.78 [>22], DI+=683.28, DI-=171.98;❌ CCI obruz az 0: CCI=-38.35;❌ SAR: SAR=79858.2820, gimat=79803.5000;✅ Stochastic cross: K=21.47 D=7.16;✅ rad EMA: rad EMA tashkhis dadeh shod;❌ test-e moqavemat: bedun test;✅ poolback: poolback tashkhis dadeh shod;✅ Double Top/Bottom: ologhu=DoubleTop;❌ filter-e ranj: faseleh EMA=0.0004 [>0.005];✅ filter-e ranj-e tarkibi: diff=0.0004, ADX=59.78, mode=AND -> OK"
BTC-USDT,LONG,B1,موج تند (Fast Wave),79803.50000000,79723.69650000,79883.30350000,2026-09-06 08:44:58,OPEN,,,,,10.00,,"✅ ghoodat-e kandel 15m: BS15=0.763 [>= 0.48];❌ ghoodat-e kandel 5m: BS5=1.000 [khayli bala - ehtemal-e payan-e harakat];✅ rawand EMA 1h: EMA21=79843.59, EMA50=79745.33;✅ rawand EMA 4h: EMA21=79580.57, EMA50=78839.72, EMA200=72609.03;✅ RSI 30m: RSI=46.07;❌ MACD 30m: MACD_hist=-9.4439;❌ vorud-e hoshmand poolback: ghimat=79803.5000 EMA=79875.3032 RSI=46.1 BS15=0.763;✅ ADX: ADX=59.78 [>22], DI+=683.28, DI-=171.98;❌ CCI obruz az 0: CCI=-38.35;❌ SAR: SAR=79858.2820, gimat=79803.5000;✅ Stochastic cross: K=21.47 D=7.16;✅ rad EMA: rad EMA tashkhis dadeh shod;❌ test-e moqavemat: bedun test;✅ poolback: poolback tashkhis dadeh shod;✅ Double Top/Bottom: ologhu=DoubleTop;❌ filter-e ranj: faseleh EMA=0.0004 [>0.005];❌ filter-e ranj-e tarkibi: diff=0.0004, ADX=59.78, mode=OR -> RAD"
ETH-USDT,LONG,S1,شیر طلایی (Golden Lion),2502.50000000,2483.01750000,2525.87900000,2026-09-06 08:44:59,OPEN,,,,,10.00,,"❌ ghoodat-e kandel 15m: BS15=0.512 [>= 0.6];❌ ghoodat-e kandel 5m: BS5=0.979 [khayli bala - ehtemal-e payan-e harakat];✅ rawand EMA 1h: EMA21=2484.31, EMA50=2472.84;✅ rawand EMA 4h: EMA21=2469.78, EMA50=2452.30, EMA200=2224.62;✅ RSI 30m: RSI=64.92;✅ MACD 30m: MACD_hist=0.4404;❌ vorud-e hoshmand poolback: ghimat=2502.5000 EMA=2492.1337 RSI=64.9 BS15=0.512;✅ ADX: ADX=43.51 [>22], DI+=409.43, DI-=161.15;✅ CCI obruz az 0: CCI=79.24;✅ SAR: SAR=2501.6580, gimat=2502.5000;✅ Stochastic cross: K=67.91 D=22.64;❌ rad EMA: bedun rad;❌ test-e moqavemat: bedun test;✅ poolback: poolback tashkhis dadeh shod;✅ Double Top/Bottom: ologhu=DoubleTop;❌ filter-e ranj: faseleh EMA=0.0048 [>0.005];✅ filter-e ranj-e tarkibi: diff=0.0048, ADX=43.51, mode=AND -> OK"
ETH-USDT,LONG,S2,تیر نقره‌ای (Silver Arrow),2502.50000000,2483.01750000,2525.87900000,2026-09-06 08:44:59,OPEN,,,,,10.00,,"❌ ghoodat-e kandel 15m: BS15=0.512 [>= 0.6];❌ ghoodat-e kandel 5m: BS5=0.979 [khayli bala - ehtemal-e payan-e harakat];✅ rawand EMA 1h: EMA21=2484.31, EMA50=2472.84;✅ rawand EMA 4h: EMA21=2469.78, EMA50=2452.30, EMA200=2224.62;✅ RSI 30m: RSI=64.92;✅ MACD 30m: MACD_hist=0.4404;❌ vorud-e hoshmand poolback: ghimat=2502.5000 EMA=2492.1337 RSI=64.9 BS15=0.512;✅ ADX: ADX=43.51 [>22], DI+=409.43, DI-=161.15;✅ CCI obruz az 0: CCI=79.24;✅ SAR: SAR=2501.6580, gimat=2502.5000;✅ Stochastic cross: K=67.91 D=22.64;❌ rad EMA: bedun rad;❌ test-e moqavemat: bedun test;✅ poolback: poolback tashkhis dadeh shod;✅ Double Top/Bottom: ologhu=DoubleTop;❌ filter-e ranj: faseleh EMA=0.0048 [>0.005];✅ filter-e ranj-e tarkibi: diff=0.0048, ADX=43.51, mode=AND -> OK"
ETH-USDT,LONG,S3,الماس فیلسوف (Diamond Mind),2502.50000000,2483.01750000,2525.87900000,2026-09-06 08:45:00,OPEN,,,,,10.00,,"❌ ghoodat-e kandel 15m: BS15=0.512 [>= 0.6];❌ ghoodat-e kandel 5m: BS5=0.979 [khayli bala - ehtemal-e payan-e harakat];✅ rawand EMA 1h: EMA21=2484.31, EMA50=2472.84;✅ rawand EMA 4h: EMA21=2469.78, EMA50=2452.30, EMA200=2224.62;✅ RSI 30m: RSI=64.92;✅ MACD 30m: MACD_hist=0.4404;❌ vorud-e hoshmand poolback: ghimat=2502.5000 EMA=2492.1337 RSI=64.9 BS15=0.512;✅ ADX: ADX=43.51 [>22], DI+=409.43, DI-=161.15;✅ CCI obruz az 0: CCI=79.24;✅ SAR: SAR=2501.6580, gimat=2502.5000;✅ Stochastic cross: K=67.91 D=22.64;❌ rad EMA: bedun rad;❌ test-e moqavemat: bedun test;✅ poolback: poolback tashkhis dadeh shod;✅ Double Top/Bottom: ologhu=DoubleTop;❌ filter-e ranj: faseleh EMA=0.0048 [>0.005];✅ filter-e ranj-e tarkibi: diff=0.0048, ADX=43.51, mode=AND -> OK"
BNB-USDT,LONG,S2,تیر نقره‌ای (Silver Arrow),762.09200000,759.96190800,764.64811040,2026-09-06 08:45:00,OPEN,,,,,10.00,,"❌ ghoodat-e kandel 15m: BS15=0.549 [>= 0.6];❌ ghoodat-e kandel 5m: BS5=0.919 [khayli bala - ehtemal-e payan-e harakat];✅ rawand EMA 1h: EMA21=760.45, EMA50=744.98;✅ rawand EMA 4h: EMA21=735.19, EMA50=715.14, EMA200=658.21;❌ RSI 30m: RSI=45.53;❌ MACD 30m: MACD_hist=-1.4471;✅ vorud-e hoshmand poolback: ghimat=762.0920 EMA=764.9342 RSI=45.5 BS15=0.549;✅ ADX: ADX=26.90 [>22], DI+=392.57, DI-=226.16;❌ CCI obruz az 0: CCI=-99.82;✅ SAR: SAR=761.9058, gimat=762.0920;❌ Stochastic cross: K=12.20 D=4.07;❌ rad EMA: bedun rad;❌ test-e moqavemat: bedun test;✅ poolback: poolback tashkhis dadeh shod;✅ Double Top/Bottom: ologhu=DoubleTop;✅ filter-e ranj: faseleh EMA=0.0094 [>0.005];✅ filter-e ranj-e tarkibi: diff=0.0094, ADX=26.90, mode=AND -> OK"
BNB-USDT,LONG,S3,الماس فیلسوف (Diamond Mind),762.09200000,759.96190800,764.64811040,2026-09-06 08:45:04,OPEN,,,,,10.00,,"❌ ghoodat-e kandel 15m: BS15=0.549 [>= 0.6];❌ ghoodat-e kandel 5m: BS5=0.919 [khayli bala - ehtemal-e payan-e harakat];✅ rawand EMA 1h: EMA21=760.45, EMA50=744.98;✅ rawand EMA 4h: EMA21=735.19, EMA50=715.14, EMA200=658.21;❌ RSI 30m: RSI=45.53;❌ MACD 30m: MACD_hist=-1.4471;✅ vorud-e hoshmand poolback: ghimat=762.0920 EMA=764.9342 RSI=45.5 BS15=0.549;✅ ADX: ADX=26.90 [>22], DI+=392.57, DI-=226.16;❌ CCI obruz az 0: CCI=-99.82;✅ SAR: SAR=761.9058, gimat=762.0920;❌ Stochastic cross: K=12.20 D=4.07;❌ rad EMA: bedun rad;❌ test-e moqavemat: bedun test;✅ poolback: poolback tashkhis dadeh shod;✅ Double Top/Bottom: ologhu=DoubleTop;✅ filter-e ranj: faseleh EMA=0.0094 [>0.005];✅ filter-e ranj-e tarkibi: diff=0.0094, ADX=26.90, mode=AND -> OK"
SOL-USDT,LONG,S2,تیر نقره‌ای (Silver Arrow),105.55000000,103.16445000,108.41266000,2026-09-06 08:45:04,OPEN,,,,,10.00,,"❌ ghoodat-e kandel 15m: BS15=0.432 [>= 0.6];✅ ghoodat-e kandel 5m: BS5=0.645 [>= 0.6];✅ rawand EMA 1h: EMA21=103.87, EMA50=103.15;✅ rawand EMA 4h: EMA21=103.06, EMA50=102.01, EMA200=90.50;❌ RSI 30m: RSI=70.16;✅ MACD 30m: MACD_hist=0.2000;❌ vorud-e hoshmand poolback: ghimat=105.5500 EMA=104.3432 RSI=70.2 BS15=0.432;✅ ADX: ADX=38.75 [>22], DI+=435.76, DI-=192.38;❌ CCI obruz az 0: CCI=126.64 [eshba-e kharid];❌ SAR: SAR=105.6858, gimat=105.5500;✅ Stochastic cross: K=62.50 D=20.83;❌ rad EMA: bedun rad;❌ test-e moqavemat: bedun test;✅ poolback: poolback tashkhis dadeh shod;✅ Double Top/Bottom: ologhu=DoubleTop;✅ filter-e ranj: faseleh EMA=0.0071 [>0.005];✅ filter-e ranj-e tarkibi: diff=0.0071, ADX=38.75, mode=AND -> OK"
SOL-USDT,LONG,S3,الماس فیلسوف (Diamond Mind),105.55000000,103.16445000,108.41266000,2026-09-06 08:45:05,OPEN,,,,,10.00,,"❌ ghoodat-e kandel 15m: BS15=0.432 [>= 0.6];✅ ghoodat-e kandel 5m: BS5=0.645 [>= 0.6];✅ rawand EMA 1h: EMA21=103.87, EMA50=103.15;✅ rawand EMA 4h: EMA21=103.06, EMA50=102.01, EMA200=90.50;❌ RSI 30m: RSI=70.16;✅ MACD 30m: MACD_hist=0.2000;❌ vorud-e hoshmand poolback: ghimat=105.5500 EMA=104.3432 RSI=70.2 BS15=0.432;✅ ADX: ADX=38.75 [>22], DI+=435.76, DI-=192.38;❌ CCI obruz az 0: CCI=126.64 [eshba-e kharid];❌ SAR: SAR=105.6858, gimat=105.5500;✅ Stochastic cross: K=62.50 D=20.83;❌ rad EMA: bedun rad;❌ test-e moqavemat: bedun test;✅ poolback: poolback tashkhis dadeh shod;✅ Double Top/Bottom: ologhu=DoubleTop;✅ filter-e ranj: faseleh EMA=0.0071 [>0.005];✅ filter-e ranj-e tarkibi: diff=0.0071, ADX=38.75, mode=AND -> OK"
XAUT-USDT,SHORT,S2,تیر نقره‌ای (Silver Arrow),4424.52000000,4440.26356000,4405.62772800,2026-09-06 08:45:05,OPEN,,,,,10.00,,"✅ ghoodat-e kandel 15m: BS15=0.750 [>= 0.6];❌ ghoodat-e kandel 5m: BS5=0.963 [khayli bala - ehtemal-e payan-e harakat];✅ rawand EMA 1h: EMA21=4426.21, EMA50=4427.84;❌ rawand EMA 4h: EMA21=4428.04, EMA50=4441.87, EMA200=4365.22;✅ RSI 30m: RSI=43.42;✅ MACD 30m: MACD_hist=-0.0991;❌ vorud-e hoshmand poolback: ghimat=4424.5200 EMA=4425.4111 RSI=43.4 BS15=0.750;❌ ADX: ADX=29.00 [>22], DI+=544.80, DI-=299.85;✅ CCI obruz az 0: CCI=-72.22;✅ SAR: SAR=4424.7746, gimat=4424.5200;❌ Stochastic cross: K=42.27 D=14.09;✅ rad EMA: rad EMA tashkhis dadeh shod;❌ test-e moqavemat: bedun test;❌ poolback: bedun poolback;✅ Double Top/Bottom: ologhu=DoubleTop;❌ filter-e ranj: faseleh EMA=0.0003 [>0.005];✅ filter-e ranj-e tarkibi: diff=0.0003, ADX=29.00, mode=AND -> OK"
LTC-USDT,LONG,S2,تیر نقره‌ای (Silver Arrow),54.39000000,54.16561000,54.65926800,2026-09-06 08:45:06,OPEN,,,,,10.00,,"❌ ghoodat-e kandel 15m: BS15=0.563 [>= 0.6];❌ ghoodat-e kandel 5m: BS5=0.200 [>= 0.6];✅ rawand EMA 1h: EMA21=54.03, EMA50=52.94;✅ rawand EMA 4h: EMA21=52.32, EMA50=51.02, EMA200=48.32;✅ RSI 30m: RSI=50.94;❌ MACD 30m: MACD_hist=-0.0907;❌ vorud-e hoshmand poolback: ghimat=54.3900 EMA=54.4541 RSI=50.9 BS15=0.563;✅ ADX: ADX=71.15 [>22], DI+=593.33, DI-=100.00;❌ CCI obruz az 0: CCI=-46.08;✅ SAR: SAR=54.2208, gimat=54.3900;❌ Stochastic cross: K=15.32 D=5.11;❌ rad EMA: bedun rad;❌ test-e moqavemat: bedun test;✅ poolback: poolback tashkhis dadeh shod;✅ Double Top/Bottom: ologhu=DoubleTop;✅ filter-e ranj: faseleh EMA=0.0112 [>0.005];✅ filter-e ranj-e tarkibi: diff=0.0112, ADX=71.15, mode=AND -> OK"
LTC-USDT,LONG,S3,الماس فیلسوف (Diamond Mind),54.39000000,54.16561000,54.65926800,2026-09-06 08:45:09,OPEN,,,,,10.00,,"❌ ghoodat-e kandel 15m: BS15=0.563 [>= 0.6];❌ ghoodat-e kandel 5m: BS5=0.200 [>= 0.6];✅ rawand EMA 1h: EMA21=54.03, EMA50=52.94;✅ rawand EMA 4h: EMA21=52.32, EMA50=51.02, EMA200=48.32;✅ RSI 30m: RSI=50.94;❌ MACD 30m: MACD_hist=-0.0907;❌ vorud-e hoshmand poolback: ghimat=54.3900 EMA=54.4541 RSI=50.9 BS15=0.563;✅ ADX: ADX=71.15 [>22], DI+=593.33, DI-=100.00;❌ CCI obruz az 0: CCI=-46.08;✅ SAR: SAR=54.2208, gimat=54.3900;❌ Stochastic cross: K=15.32 D=5.11;❌ rad EMA: bedun rad;❌ test-e moqavemat: bedun test;✅ poolback: poolback tashkhis dadeh shod;✅ Double Top/Bottom: ologhu=DoubleTop;✅ filter-e ranj: faseleh EMA=0.0112 [>0.005];✅ filter-e ranj-e tarkibi: diff=0.0112, ADX=71.15, mode=AND -> OK"
DOGE-USDT,LONG,S2,تیر نقره‌ای (Silver Arrow),0.09042000,0.09001958,0.09090050,2026-09-06 08:45:10,OPEN,,,,,10.00,,"❌ ghoodat-e kandel 15m: BS15=0.462 [>= 0.6];❌ ghoodat-e kandel 5m: BS5=0.526 [>= 0.6];✅ rawand EMA 1h: EMA21=0.09, EMA50=0.09;✅ rawand EMA 4h: EMA21=0.09, EMA50=0.09, EMA200=0.08;✅ RSI 30m: RSI=54.18;❌ MACD 30m: MACD_hist=-0.0002;❌ vorud-e hoshmand poolback: ghimat=0.0904 EMA=0.0903 RSI=54.2 BS15=0.462;❌ ADX: ADX=14.12 [>22], DI+=363.50, DI-=273.52;❌ CCI obruz az 0: CCI=-24.73;✅ SAR: SAR=0.0903, gimat=0.0904;✅ Stochastic cross: K=45.83 D=15.28;❌ rad EMA: bedun rad;❌ test-e moqavemat: bedun test;✅ poolback: poolback tashkhis dadeh shod;✅ Double Top/Bottom: ologhu=DoubleBottom;✅ filter-e ranj: faseleh EMA=0.0141 [>0.005];✅ filter-e ranj-e tarkibi: diff=0.0141, ADX=14.12, mode=AND -> OK"
DOGE-USDT,LONG,S3,الماس فیلسوف (Diamond Mind),0.09042000,0.09001958,0.09090050,2026-09-06 08:45:10,OPEN,,,,,10.00,,"❌ ghoodat-e kandel 15m: BS15=0.462 [>= 0.6];❌ ghoodat-e kandel 5m: BS5=0.526 [>= 0.6];✅ rawand EMA 1h: EMA21=0.09, EMA50=0.09;✅ rawand EMA 4h: EMA21=0.09, EMA50=0.09, EMA200=0.08;✅ RSI 30m: RSI=54.18;❌ MACD 30m: MACD_hist=-0.0002;❌ vorud-e hoshmand poolback: ghimat=0.0904 EMA=0.0903 RSI=54.2 BS15=0.462;❌ ADX: ADX=14.12 [>22], DI+=363.50, DI-=273.52;❌ CCI obruz az 0: CCI=-24.73;✅ SAR: SAR=0.0903, gimat=0.0904;✅ Stochastic cross: K=45.83 D=15.28;❌ rad EMA: bedun rad;❌ test-e moqavemat: bedun test;✅ poolback: poolback tashkhis dadeh shod;✅ Double Top/Bottom: ologhu=DoubleBottom;✅ filter-e ranj: faseleh EMA=0.0141 [>0.005];✅ filter-e ranj-e tarkibi: diff=0.0141, ADX=14.12, mode=AND -> OK"
NEAR-USDT,LONG,S2,تیر نقره‌ای (Silver Arrow),2.19950000,2.17140050,2.23321940,2026-09-06 08:45:11,OPEN,,,,,10.00,,"✅ ghoodat-e kandel 15m: BS15=0.701 [>= 0.6];❌ ghoodat-e kandel 5m: BS5=0.570 [>= 0.6];✅ rawand EMA 1h: EMA21=2.20, EMA50=2.14;✅ rawand EMA 4h: EMA21=2.10, EMA50=2.00, EMA200=1.83;❌ RSI 30m: RSI=49.12;❌ MACD 30m: MACD_hist=0.0011;❌ vorud-e hoshmand poolback: ghimat=2.1995 EMA=2.2037 RSI=49.1 BS15=0.701;❌ ADX: ADX=10.14 [>22], DI+=366.08, DI-=298.69;✅ CCI obruz az 0: CCI=40.28;✅ SAR: SAR=2.1794, gimat=2.1995;✅ Stochastic cross: K=41.80 D=13.93;❌ rad EMA: bedun rad;❌ test-e moqavemat: bedun test;✅ poolback: poolback tashkhis dadeh shod;❌ Double Top/Bottom: bedun ologhu;✅ filter-e ranj: faseleh EMA=0.0062 [>0.005];✅ filter-e ranj-e tarkibi: diff=0.0062, ADX=10.14, mode=AND -> OK"
NEAR-USDT,LONG,S3,الماس فیلسوف (Diamond Mind),2.19950000,2.17140050,2.23321940,2026-09-06 08:45:11,OPEN,,,,,10.00,,"✅ ghoodat-e kandel 15m: BS15=0.701 [>= 0.6];❌ ghoodat-e kandel 5m: BS5=0.570 [>= 0.6];✅ rawand EMA 1h: EMA21=2.20, EMA50=2.14;✅ rawand EMA 4h: EMA21=2.10, EMA50=2.00, EMA200=1.83;❌ RSI 30m: RSI=49.12;❌ MACD 30m: MACD_hist=0.0011;❌ vorud-e hoshmand poolback: ghimat=2.1995 EMA=2.2037 RSI=49.1 BS15=0.701;❌ ADX: ADX=10.14 [>22], DI+=366.08, DI-=298.69;✅ CCI obruz az 0: CCI=40.28;✅ SAR: SAR=2.1794, gimat=2.1995;✅ Stochastic cross: K=41.80 D=13.93;❌ rad EMA: bedun rad;❌ test-e moqavemat: bedun test;✅ poolback: poolback tashkhis dadeh shod;❌ Double Top/Bottom: bedun ologhu;✅ filter-e ranj: faseleh EMA=0.0062 [>0.005];✅ filter-e ranj-e tarkibi: diff=0.0062, ADX=10.14, mode=AND -> OK"
DOT-USDT,LONG,S1,شیر طلایی (Golden Lion),0.92690000,0.91917310,0.93617228,2026-09-06 08:45:15,OPEN,,,,,10.00,,"❌ ghoodat-e kandel 15m: BS15=0.441 [>= 0.6];❌ ghoodat-e kandel 5m: BS5=0.050 [>= 0.6];✅ rawand EMA 1h: EMA21=0.92, EMA50=0.90;✅ rawand EMA 4h: EMA21=0.90, EMA50=0.88, EMA200=0.84;✅ RSI 30m: RSI=58.17;❌ MACD 30m: MACD_hist=-0.0001;❌ vorud-e hoshmand poolback: ghimat=0.9269 EMA=0.9224 RSI=58.2 BS15=0.441;✅ ADX: ADX=54.78 [>22], DI+=416.72, DI-=121.74;✅ CCI obruz az 0: CCI=68.92;✅ SAR: SAR=0.9250, gimat=0.9269;✅ Stochastic cross: K=61.69 D=20.56;❌ rad EMA: bedun rad;❌ test-e moqavemat: bedun test;✅ poolback: poolback tashkhis dadeh shod;✅ Double Top/Bottom: ologhu=DoubleTop;✅ filter-e ranj: faseleh EMA=0.0101 [>0.005];✅ filter-e ranj-e tarkibi: diff=0.0101, ADX=54.78, mode=AND -> OK"
DOT-USDT,LONG,S2,تیر نقره‌ای (Silver Arrow),0.92690000,0.91917310,0.93617228,2026-09-06 08:45:15,OPEN,,,,,10.00,,"❌ ghoodat-e kandel 15m: BS15=0.441 [>= 0.6];❌ ghoodat-e kandel 5m: BS5=0.050 [>= 0.6];✅ rawand EMA 1h: EMA21=0.92, EMA50=0.90;✅ rawand EMA 4h: EMA21=0.90, EMA50=0.88, EMA200=0.84;✅ RSI 30m: RSI=58.17;❌ MACD 30m: MACD_hist=-0.0001;❌ vorud-e hoshmand poolback: ghimat=0.9269 EMA=0.9224 RSI=58.2 BS15=0.441;✅ ADX: ADX=54.78 [>22], DI+=416.72, DI-=121.74;✅ CCI obruz az 0: CCI=68.92;✅ SAR: SAR=0.9250, gimat=0.9269;✅ Stochastic cross: K=61.69 D=20.56;❌ rad EMA: bedun rad;❌ test-e moqavemat: bedun test;✅ poolback: poolback tashkhis dadeh shod;✅ Double Top/Bottom: ologhu=DoubleTop;✅ filter-e ranj: faseleh EMA=0.0101 [>0.005];✅ filter-e ranj-e tarkibi: diff=0.0101, ADX=54.78, mode=AND -> OK"
DOT-USDT,LONG,S3,الماس فیلسوف (Diamond Mind),0.92690000,0.91917310,0.93617228,2026-09-06 08:45:16,OPEN,,,,,10.00,,"❌ ghoodat-e kandel 15m: BS15=0.441 [>= 0.6];❌ ghoodat-e kandel 5m: BS5=0.050 [>= 0.6];✅ rawand EMA 1h: EMA21=0.92, EMA50=0.90;✅ rawand EMA 4h: EMA21=0.90, EMA50=0.88, EMA200=0.84;✅ RSI 30m: RSI=58.17;❌ MACD 30m: MACD_hist=-0.0001;❌ vorud-e hoshmand poolback: ghimat=0.9269 EMA=0.9224 RSI=58.2 BS15=0.441;✅ ADX: ADX=54.78 [>22], DI+=416.72, DI-=121.74;✅ CCI obruz az 0: CCI=68.92;✅ SAR: SAR=0.9250, gimat=0.9269;✅ Stochastic cross: K=61.69 D=20.56;❌ rad EMA: bedun rad;❌ test-e moqavemat: bedun test;✅ poolback: poolback tashkhis dadeh shod;✅ Double Top/Bottom: ologhu=DoubleTop;✅ filter-e ranj: faseleh EMA=0.0101 [>0.005];✅ filter-e ranj-e tarkibi: diff=0.0101, ADX=54.78, mode=AND -> OK"
ADA-USDT,LONG,S1,شیر طلایی (Golden Lion),0.22070000,0.21887930,0.22288484,2026-09-06 08:45:16,OPEN,,,,,10.00,,"❌ ghoodat-e kandel 15m: BS15=0.333 [>= 0.6];✅ ghoodat-e kandel 5m: BS5=0.750 [>= 0.6];✅ rawand EMA 1h: EMA21=0.22, EMA50=0.22;✅ rawand EMA 4h: EMA21=0.21, EMA50=0.21, EMA200=0.20;✅ RSI 30m: RSI=55.07;❌ MACD 30m: MACD_hist=-0.0001;❌ vorud-e hoshmand poolback: ghimat=0.2207 EMA=0.2202 RSI=55.1 BS15=0.333;✅ ADX: ADX=34.43 [>22], DI+=418.98, DI-=204.38;✅ CCI obruz az 0: CCI=43.49;✅ SAR: SAR=0.2204, gimat=0.2207;✅ Stochastic cross: K=45.45 D=15.15;❌ rad EMA: bedun rad;❌ test-e moqavemat: bedun test;✅ poolback: poolback tashkhis dadeh shod;❌ Double Top/Bottom: bedun ologhu;✅ filter-e ranj: faseleh EMA=0.0086 [>0.005];✅ filter-e ranj-e tarkibi: diff=0.0086, ADX=34.43, mode=AND -> OK"
LINK-USDT,LONG,S1,شیر طلایی (Golden Lion),12.13790000,12.05536210,12.23694548,2026-09-06 08:45:17,OPEN,,,,,10.00,,"❌ ghoodat-e kandel 15m: BS15=0.423 [>= 0.6];❌ ghoodat-e kandel 5m: BS5=0.865 [khayli bala - ehtemal-e payan-e harakat];✅ rawand EMA 1h: EMA21=12.04, EMA50=11.88;✅ rawand EMA 4h: EMA21=11.79, EMA50=11.58, EMA200=10.32;✅ RSI 30m: RSI=54.09;❌ MACD 30m: MACD_hist=-0.0121;❌ vorud-e hoshmand poolback: ghimat=12.1379 EMA=12.1210 RSI=54.1 BS15=0.423;✅ ADX: ADX=41.49 [>22], DI+=453.35, DI-=187.49;✅ CCI obruz az 0: CCI=21.50;✅ SAR: SAR=12.1236, gimat=12.1379;✅ Stochastic cross: K=33.74 D=11.25;❌ rad EMA: bedun rad;❌ test-e moqavemat: bedun test;✅ poolback: poolback tashkhis dadeh shod;✅ Double Top/Bottom: ologhu=DoubleBottom;✅ filter-e ranj: faseleh EMA=0.0101 [>0.005];✅ filter-e ranj-e tarkibi: diff=0.0101, ADX=41.49, mode=AND -> OK"
LINK-USDT,LONG,S2,تیر نقره‌ای (Silver Arrow),12.13790000,12.05536210,12.23694548,2026-09-06 08:45:17,OPEN,,,,,10.00,,"❌ ghoodat-e kandel 15m: BS15=0.423 [>= 0.6];❌ ghoodat-e kandel 5m: BS5=0.865 [khayli bala - ehtemal-e payan-e harakat];✅ rawand EMA 1h: EMA21=12.04, EMA50=11.88;✅ rawand EMA 4h: EMA21=11.79, EMA50=11.58, EMA200=10.32;✅ RSI 30m: RSI=54.09;❌ MACD 30m: MACD_hist=-0.0121;❌ vorud-e hoshmand poolback: ghimat=12.1379 EMA=12.1210 RSI=54.1 BS15=0.423;✅ ADX: ADX=41.49 [>22], DI+=453.35, DI-=187.49;✅ CCI obruz az 0: CCI=21.50;✅ SAR: SAR=12.1236, gimat=12.1379;✅ Stochastic cross: K=33.74 D=11.25;❌ rad EMA: bedun rad;❌ test-e moqavemat: bedun test;✅ poolback: poolback tashkhis dadeh shod;✅ Double Top/Bottom: ologhu=DoubleBottom;✅ filter-e ranj: faseleh EMA=0.0101 [>0.005];✅ filter-e ranj-e tarkibi: diff=0.0101, ADX=41.49, mode=AND -> OK"
LINK-USDT,LONG,S3,الماس فیلسوف (Diamond Mind),12.13790000,12.05536210,12.23694548,2026-09-06 08:45:18,OPEN,,,,,10.00,,"❌ ghoodat-e kandel 15m: BS15=0.423 [>= 0.6];❌ ghoodat-e kandel 5m: BS5=0.865 [khayli bala - ehtemal-e payan-e harakat];✅ rawand EMA 1h: EMA21=12.04, EMA50=11.88;✅ rawand EMA 4h: EMA21=11.79, EMA50=11.58, EMA200=10.32;✅ RSI 30m: RSI=54.09;❌ MACD 30m: MACD_hist=-0.0121;❌ vorud-e hoshmand poolback: ghimat=12.1379 EMA=12.1210 RSI=54.1 BS15=0.423;✅ ADX: ADX=41.49 [>22], DI+=453.35, DI-=187.49;✅ CCI obruz az 0: CCI=21.50;✅ SAR: SAR=12.1236, gimat=12.1379;✅ Stochastic cross: K=33.74 D=11.25;❌ rad EMA: bedun rad;❌ test-e moqavemat: bedun test;✅ poolback: poolback tashkhis dadeh shod;✅ Double Top/Bottom: ologhu=DoubleBottom;✅ filter-e ranj: faseleh EMA=0.0101 [>0.005];✅ filter-e ranj-e tarkibi: diff=0.0101, ADX=41.49, mode=AND -> OK"
AVAX-USDT,LONG,S1,شیر طلایی (Golden Lion),7.64500000,7.59835500,7.70097400,2026-09-06 08:45:18,OPEN,,,,,10.00,,"❌ ghoodat-e kandel 15m: BS15=0.063 [>= 0.6];❌ ghoodat-e kandel 5m: BS5=0.364 [>= 0.6];✅ rawand EMA 1h: EMA21=7.60, EMA50=7.52;✅ rawand EMA 4h: EMA21=7.48, EMA50=7.39, EMA200=7.00;✅ RSI 30m: RSI=55.70;❌ MACD 30m: MACD_hist=-0.0039;❌ vorud-e hoshmand poolback: ghimat=7.6450 EMA=7.6335 RSI=55.7 BS15=0.063;✅ ADX: ADX=52.27 [>22], DI+=529.94, DI-=166.10;✅ CCI obruz az 0: CCI=20.70;✅ SAR: SAR=7.6351, gimat=7.6450;✅ Stochastic cross: K=42.07 D=14.02;❌ rad EMA: bedun rad;❌ test-e moqavemat: bedun test;✅ poolback: poolback tashkhis dadeh shod;✅ Double Top/Bottom: ologhu=DoubleTop;✅ filter-e ranj: faseleh EMA=0.0076 [>0.005];✅ filter-e ranj-e tarkibi: diff=0.0076, ADX=52.27, mode=AND -> OK"
AVAX-USDT,LONG,S3,الماس فیلسوف (Diamond Mind),7.64500000,7.59835500,7.70097400,2026-09-06 08:45:19,OPEN,,,,,10.00,,"❌ ghoodat-e kandel 15m: BS15=0.063 [>= 0.6];❌ ghoodat-e kandel 5m: BS5=0.364 [>= 0.6];✅ rawand EMA 1h: EMA21=7.60, EMA50=7.52;✅ rawand EMA 4h: EMA21=7.48, EMA50=7.39, EMA200=7.00;✅ RSI 30m: RSI=55.70;❌ MACD 30m: MACD_hist=-0.0039;❌ vorud-e hoshmand poolback: ghimat=7.6450 EMA=7.6335 RSI=55.7 BS15=0.063;✅ ADX: ADX=52.27 [>22], DI+=529.94, DI-=166.10;✅ CCI obruz az 0: CCI=20.70;✅ SAR: SAR=7.6351, gimat=7.6450;✅ Stochastic cross: K=42.07 D=14.02;❌ rad EMA: bedun rad;❌ test-e moqavemat: bedun test;✅ poolback: poolback tashkhis dadeh shod;✅ Double Top/Bottom: ologhu=DoubleTop;✅ filter-e ranj: faseleh EMA=0.0076 [>0.005];✅ filter-e ranj-e tarkibi: diff=0.0076, ADX=52.27, mode=AND -> OK"
ATOM-USDT,LONG,S1,شیر طلایی (Golden Lion),1.57040000,1.55352960,1.59064448,2026-09-06 08:45:19,OPEN,,,,,10.00,,"❌ ghoodat-e kandel 15m: BS15=0.000 [>= 0.6];❌ ghoodat-e kandel 5m: BS5=0.000 [>= 0.6];✅ rawand EMA 1h: EMA21=1.56, EMA50=1.54;✅ rawand EMA 4h: EMA21=1.53, EMA50=1.51, EMA200=1.45;✅ RSI 30m: RSI=53.59;❌ MACD 30m: MACD_hist=-0.0009;❌ vorud-e hoshmand poolback: ghimat=1.5704 EMA=1.5671 RSI=53.6 BS15=0.000;✅ ADX: ADX=66.24 [>22], DI+=737.19, DI-=149.73;✅ CCI obruz az 0: CCI=26.54;✅ SAR: SAR=1.5648, gimat=1.5704;✅ Stochastic cross: K=42.56 D=14.19;❌ rad EMA: bedun rad;❌ test-e moqavemat: bedun test;✅ poolback: poolback tashkhis dadeh shod;✅ Double Top/Bottom: ologhu=DoubleTop;✅ filter-e ranj: faseleh EMA=0.0086 [>0.005];✅ filter-e ranj-e tarkibi: diff=0.0086, ADX=66.24, mode=AND -> OK"
FIL-USDT,LONG,S2,تیر نقره‌ای (Silver Arrow),0.81160000,0.78558840,0.84281392,2026-09-06 08:45:20,OPEN,,,,,10.00,,"❌ ghoodat-e kandel 15m: BS15=0.053 [>= 0.6];❌ ghoodat-e kandel 5m: BS5=0.140 [>= 0.6];✅ rawand EMA 1h: EMA21=0.79, EMA50=0.78;✅ rawand EMA 4h: EMA21=0.78, EMA50=0.76, EMA200=0.72;✅ RSI 30m: RSI=59.90;❌ MACD 30m: MACD_hist=0.0002;❌ vorud-e hoshmand poolback: ghimat=0.8116 EMA=0.8034 RSI=59.9 BS15=0.053;✅ ADX: ADX=52.24 [>22], DI+=447.65, DI-=140.44;✅ CCI obruz az 0: CCI=44.64;✅ SAR: SAR=0.8086, gimat=0.8116;✅ Stochastic cross: K=48.12 D=16.04;❌ rad EMA: bedun rad;❌ test-e moqavemat: bedun test;✅ poolback: poolback tashkhis dadeh shod;❌ Double Top/Bottom: bedun ologhu;✅ filter-e ranj: faseleh EMA=0.0160 [>0.005];✅ filter-e ranj-e tarkibi: diff=0.0160, ADX=52.24, mode=AND -> OK"
INJ-USDT,LONG,S2,تیر نقره‌ای (Silver Arrow),5.09900000,5.00090100,5.21671880,2026-09-06 08:45:20,OPEN,,,,,10.00,,"❌ ghoodat-e kandel 15m: BS15=0.417 [>= 0.6];❌ ghoodat-e kandel 5m: BS5=1.000 [khayli bala - ehtemal-e payan-e harakat];✅ rawand EMA 1h: EMA21=4.98, EMA50=4.92;❌ rawand EMA 4h: EMA21=4.93, EMA50=4.97, EMA200=4.89;❌ RSI 30m: RSI=68.07;✅ MACD 30m: MACD_hist=0.0070;❌ vorud-e hoshmand poolback: ghimat=5.0990 EMA=5.0223 RSI=68.1 BS15=0.417;✅ ADX: ADX=57.94 [>22], DI+=392.37, DI-=104.48;✅ CCI obruz az 0: CCI=81.74;✅ SAR: SAR=5.0803, gimat=5.0990;❌ Stochastic cross: K=77.43 D=25.81;❌ rad EMA: bedun rad;❌ test-e moqavemat: bedun test;✅ poolback: poolback tashkhis dadeh shod;✅ Double Top/Bottom: ologhu=DoubleTop;✅ filter-e ranj: faseleh EMA=0.0133 [>0.005];✅ filter-e ranj-e tarkibi: diff=0.0133, ADX=57.94, mode=AND -> OK"
INJ-USDT,LONG,S3,الماس فیلسوف (Diamond Mind),5.09900000,5.00090100,5.21671880,2026-09-06 08:45:20,OPEN,,,,,10.00,,"❌ ghoodat-e kandel 15m: BS15=0.417 [>= 0.6];❌ ghoodat-e kandel 5m: BS5=1.000 [khayli bala - ehtemal-e payan-e harakat];✅ rawand EMA 1h: EMA21=4.98, EMA50=4.92;❌ rawand EMA 4h: EMA21=4.93, EMA50=4.97, EMA200=4.89;❌ RSI 30m: RSI=68.07;✅ MACD 30m: MACD_hist=0.0070;❌ vorud-e hoshmand poolback: ghimat=5.0990 EMA=5.0223 RSI=68.1 BS15=0.417;✅ ADX: ADX=57.94 [>22], DI+=392.37, DI-=104.48;✅ CCI obruz az 0: CCI=81.74;✅ SAR: SAR=5.0803, gimat=5.0990;❌ Stochastic cross: K=77.43 D=25.81;❌ rad EMA: bedun rad;❌ test-e moqavemat: bedun test;✅ poolback: poolback tashkhis dadeh shod;✅ Double Top/Bottom: ologhu=DoubleTop;✅ filter-e ranj: faseleh EMA=0.0133 [>0.005];✅ filter-e ranj-e tarkibi: diff=0.0133, ADX=57.94, mode=AND -> OK"
SEI-USDT,LONG,S2,تیر نقره‌ای (Silver Arrow),0.04815000,0.04804185,0.04827978,2026-09-06 08:45:21,OPEN,,,,,10.00,,"❌ ghoodat-e kandel 15m: BS15=0.550 [>= 0.6];❌ ghoodat-e kandel 5m: BS5=0.571 [>= 0.6];✅ rawand EMA 1h: EMA21=0.05, EMA50=0.05;✅ rawand EMA 4h: EMA21=0.05, EMA50=0.05, EMA200=0.04;✅ RSI 30m: RSI=50.20;❌ MACD 30m: MACD_hist=-0.0000;❌ vorud-e hoshmand poolback: ghimat=0.0481 EMA=0.0482 RSI=50.2 BS15=0.550;✅ ADX: ADX=34.51 [>22], DI+=479.28, DI-=233.33;✅ CCI obruz az 0: CCI=10.48;✅ SAR: SAR=0.0481, gimat=0.0481;✅ Stochastic cross: K=35.61 D=11.87;✅ rad EMA: rad EMA tashkhis dadeh shod;❌ test-e moqavemat: bedun test;✅ poolback: poolback tashkhis dadeh shod;✅ Double Top/Bottom: ologhu=DoubleTop;❌ filter-e ranj: faseleh EMA=0.0045 [>0.005];✅ filter-e ranj-e tarkibi: diff=0.0045, ADX=34.51, mode=AND -> OK"
TIA-USDT,LONG,S3,الماس فیلسوف (Diamond Mind),0.37950000,0.37752050,0.38187540,2026-09-06 08:45:21,OPEN,,,,,10.00,,"❌ ghoodat-e kandel 15m: BS15=0.071 [>= 0.6];❌ ghoodat-e kandel 5m: BS5=0.000 [>= 0.6];✅ rawand EMA 1h: EMA21=0.37, EMA50=0.37;✅ rawand EMA 4h: EMA21=0.36, EMA50=0.36, EMA200=0.34;✅ RSI 30m: RSI=55.10;❌ MACD 30m: MACD_hist=-0.0010;❌ vorud-e hoshmand poolback: ghimat=0.3795 EMA=0.3790 RSI=55.1 BS15=0.071;✅ ADX: ADX=79.53 [>22], DI+=640.96, DI-=73.09;✅ CCI obruz az 0: CCI=-19.28;✅ SAR: SAR=0.3787, gimat=0.3795;❌ Stochastic cross: K=18.56 D=6.19;❌ rad EMA: bedun rad;❌ test-e moqavemat: bedun test;✅ poolback: poolback tashkhis dadeh shod;✅ Double Top/Bottom: ologhu=DoubleTop;✅ filter-e ranj: faseleh EMA=0.0160 [>0.005];✅ filter-e ranj-e tarkibi: diff=0.0160, ADX=79.53, mode=AND -> OK"
OP-USDT,LONG,B1,موج تند (Fast Wave),0.10890000,0.10819110,0.10960890,2026-09-06 08:45:22,OPEN,,,,,10.00,,"✅ ghoodat-e kandel 15m: BS15=0.667 [>= 0.48];✅ ghoodat-e kandel 5m: BS5=0.750 [>= 0.48];✅ rawand EMA 1h: EMA21=0.11, EMA50=0.10;✅ rawand EMA 4h: EMA21=0.10, EMA50=0.10, EMA200=0.09;✅ RSI 30m: RSI=54.40;❌ MACD 30m: MACD_hist=-0.0004;❌ vorud-e hoshmand poolback: ghimat=0.1089 EMA=0.1084 RSI=54.4 BS15=0.667;✅ ADX: ADX=31.58 [>22], DI+=603.45, DI-=313.79;✅ CCI obruz az 0: CCI=0.34;✅ SAR: SAR=0.1084, gimat=0.1089;✅ Stochastic cross: K=21.21 D=7.07;❌ rad EMA: bedun rad;❌ test-e moqavemat: bedun test;✅ poolback: poolback tashkhis dadeh shod;✅ Double Top/Bottom: ologhu=DoubleTop;✅ filter-e ranj: faseleh EMA=0.0280 [>0.005];✅ filter-e ranj-e tarkibi: diff=0.0280, ADX=31.58, mode=OR -> OK"
